<?xml version="1.0"?>
<package>
    <name>Interface_Frontend_Base_Default</name>
    <version>1.9.3.2</version>
    <stability>stable</stability>
    <license uri="http://opensource.org/licenses/afl-3.0.php">AFL v3.0</license>
    <channel>community</channel>
    <extends/>
    <summary>This is a Magento themes base</summary>
    <description>This is a Magento themes base</description>
    <notes>1.9.3.2</notes>
    <authors><author><name>Magento Core Team</name><user>core</user><email>core@magentocommerce.com</email></author></authors>
    <date>2017-02-01</date>
    <time>17:29:20</time>
    <contents><target name="magedesign"><dir name="frontend"><dir name="base"><dir name="default"><dir name="etc"><file name="theme.xml" hash="dee73b0d3589b14baed7d21d1ccc6598"/><file name="widget.xml" hash="e15a439452e66d6bfb9607cb0bb5b692"/></dir><dir name="layout"><file name="authorizenet.xml" hash="41f03466597379ab71e4ab71cdca45ca"/><file name="bml.xml" hash="6b6399a41649f5f276cd50b51084370a"/><file name="bundle.xml" hash="1b6d6426d4a574fb2925365e1839026b"/><file name="captcha.xml" hash="56e3e0f1b733e0c542ee5973054dfe71"/><file name="catalog.xml" hash="038021dc41a9123229e6e41791fa902d"/><file name="catalog_msrp.xml" hash="19f9b623d0fe31e6643b452f18200588"/><file name="cataloginventory.xml" hash="fe6131132b2a5aa0a11dadb5cdc8bc84"/><file name="catalogsearch.xml" hash="019b7153343202dfaadf77eab9fd2e04"/><file name="checkout.xml" hash="e0a02a77600d0a0ce039705788ded055"/><file name="cms.xml" hash="30a8bc108ca45e6e2285e5c166b8e6d8"/><file name="contacts.xml" hash="4afbefb5669dd865f1f953341524b0fa"/><file name="core.xml" hash="4d4e05fd42c5a9b7cf5edbaf4b1d7bcd"/><file name="customer.xml" hash="fd1e7694b9d43492354155077135068f"/><file name="directory.xml" hash="79d13ffa6e9a8242a45d2660b17ec2a3"/><file name="downloadable.xml" hash="390ca348eeada27d7e0a6f3a8d61b673"/><file name="googleanalytics.xml" hash="9ffec7fdef4a3159a749416bb76afa8b"/><file name="newsletter.xml" hash="eee5a3ad781a58159a394b85a4bb6b78"/><file name="oauth.xml" hash="e267bed5d689c7158720dcaa7c955a5a"/><file name="page.xml" hash="3ed164984fa9b6f78835b4a5ff00a18b"/><file name="pagecache.xml" hash="c8904ae29bea84c5d53475251bfdf08c"/><file name="payment.xml" hash="acfb1346143e8229af7f6df3455a793c"/><file name="paypal.xml" hash="a719db0bbfac2967f0c0be54f9a0979c"/><file name="paypaluk.xml" hash="fed7e419b8bc0086cfff8950cc0ddbde"/><file name="persistent.xml" hash="fef626be7e8af4774dc5c871843f7d06"/><file name="poll.xml" hash="9009330354231ce24c8a3992dc6264d2"/><file name="productalert.xml" hash="506435da785fdd0e0a8676bded6c4b2b"/><file name="reports.xml" hash="4ca653eda40d13fcc00f91d47fe93754"/><file name="review.xml" hash="e352d12d1ff37f2316592a2b038f966a"/><file name="rss.xml" hash="8ac173ea3f4098d379f8c3688cf76301"/><dir name="sales"><file name="billing_agreement.xml" hash="6bff5dc06c75e9dcd6e5ce7637a10b13"/><file name="recurring_profile.xml" hash="3b8d3ea59a0f4de7b268509208e49042"/></dir><file name="sales.xml" hash="01a13a3ac03fb7d268e2a5f2db41264a"/><file name="sendfriend.xml" hash="c6f33b383e26af0429c2c0c93dbfcbd6"/><file name="shipping.xml" hash="1e1a20083dc24b5156b6f29ab7d6709b"/><file name="tag.xml" hash="472dc81fb1854de1a74eaf2148432d13"/><file name="weee.xml" hash="5dfa1da5d91fc5083723a09dde0fb9be"/><file name="wishlist.xml" hash="c58500fd0f07f528dc2b697a8c7d1e1d"/></dir><dir name="template"><dir name="authorizenet"><dir name="directpost"><file name="form.phtml" hash="938583ff04572be737eea8032b87c401"/><file name="iframe.phtml" hash="68c81899a76fac9aa6e13dc63792ba23"/><file name="info.phtml" hash="407d21ddb763d08ae002f43db489f51a"/></dir></dir><dir name="bundle"><dir name="catalog"><dir name="product"><dir name="list"><file name="partof.phtml" hash="d1ec7957b70d5bb77fd5f919e4fbb914"/></dir><file name="price.phtml" hash="f07c81693b74ebb1baa53c6b45b993a5"/><dir name="view"><file name="option_tierprices.phtml" hash="455eb8abc9db0af43ac21861f89ec7fa"/><dir name="options"><file name="notice.phtml" hash="b396962234502046e3a9a5c5df1391f3"/></dir><file name="price.phtml" hash="4f9a14cc4c2ac74203871afa9f680981"/><file name="tierprices.phtml" hash="7ce455a3866457f26e0ecedd98a2c03d"/><dir name="type"><dir name="bundle"><dir name="option"><file name="checkbox.phtml" hash="24201c7653cac9531e3eedcfbe444949"/><file name="multi.phtml" hash="0616aa5a8b92ba1fc28b957ebb8f79fb"/><file name="radio.phtml" hash="dbb6a97948c9737531016d8738c79f5e"/><file name="select.phtml" hash="1bc48c8a7eb4d3ac21686925bbbde8e0"/></dir><file name="options.phtml" hash="d469aa64ccf851eabd237065b736a901"/></dir><file name="bundle.phtml" hash="8a49d01837d20ae068cf4c923460b65f"/></dir></dir></dir></dir><dir name="email"><dir name="order"><dir name="items"><dir name="creditmemo"><file name="default.phtml" hash="c263da52a78d1b171a4502b814878806"/></dir><dir name="invoice"><file name="default.phtml" hash="a95a95eaf1cf1056eacca5cc93f6f73f"/></dir><dir name="order"><file name="default.phtml" hash="cb6779fc0c34fe749c627c046e5626ed"/></dir><dir name="shipment"><file name="default.phtml" hash="b7ab52a200e7569b5951fc0748b8b19b"/></dir></dir></dir></dir><dir name="rss"><dir name="catalog"><dir name="product"><file name="price.phtml" hash="68ed1dcba5a9e5d74a10df75dcc70b72"/></dir></dir></dir><dir name="sales"><dir name="order"><dir name="creditmemo"><dir name="items"><file name="renderer.phtml" hash="763a7d6abbb6bab1e34efd36da1c60b8"/></dir></dir><dir name="invoice"><dir name="items"><file name="renderer.phtml" hash="fe3424252a1e15b272477ccb93970dd5"/></dir></dir><dir name="items"><file name="renderer.phtml" hash="4cd463f6a3d33544470b2a140d465df1"/></dir><dir name="shipment"><dir name="items"><file name="renderer.phtml" hash="d8a4cc950974ca1b40e690767badc8ad"/></dir></dir></dir></dir></dir><dir name="callouts"><file name="left_col.phtml" hash="31b07109a99fe9efe93787fe5f718213"/><file name="right_col.phtml" hash="31b07109a99fe9efe93787fe5f718213"/></dir><dir name="captcha"><file name="zend.phtml" hash="2e3a733d0febc0cc9affbfcff4bfe11e"/></dir><dir name="catalog"><dir name="category"><file name="page.phtml" hash="69054151ebfc635371e82ece46a2b33c"/><file name="view.phtml" hash="7a76d21d18f68181760f779c6fff20ef"/><dir name="widget"><dir name="link"><file name="link_block.phtml" hash="eb51cbc3ab0f823cebea4295860ff549"/><file name="link_inline.phtml" hash="244e67e814b83704f123073ecde23d82"/></dir></dir></dir><dir name="layer"><file name="filter.phtml" hash="41717c74b6ab4ae5d967c15f2d6cc955"/><file name="state.phtml" hash="45ea1dab41984efe84f27aaee6c6cdda"/><file name="view.phtml" hash="a1cec98b6777c9fa2aed67430fff52d0"/></dir><dir name="msrp"><file name="popup.phtml" hash="aaef86f93ad8f029760d0361211bce6a"/></dir><dir name="navigation"><file name="left.phtml" hash="d2b5213a05cf846634d99d739c497fe4"/><file name="top.phtml" hash="d3a81917494d783cbc7c93115b10478a"/></dir><dir name="product"><dir name="compare"><file name="list.phtml" hash="cb5698a3ea13a7c78f56ece10dad1a5e"/><file name="sidebar.phtml" hash="261d733006464d8d020bfe2e03eae18f"/></dir><file name="gallery.phtml" hash="92555e255357703fda9f8f2f86453af5"/><dir name="list"><file name="related.phtml" hash="e8e2cf6a58de7e1559fb31e95831e456"/><file name="toolbar.phtml" hash="9258e41c09716903cd37820a995e3b9c"/><file name="upsell.phtml" hash="7d2ef88dd8d2799eade8b391aaa68ea8"/></dir><file name="list.phtml" hash="5ad079837f70f94728fd764a1e3206af"/><file name="new.phtml" hash="e8e75db7a2335972b02de08b8123dc72"/><file name="price.phtml" hash="5c1227847e523074c7ea5c05ed7187c7"/><file name="price_msrp.phtml" hash="5f201685f8126b259bdb40a6910dec86"/><file name="price_msrp_item.phtml" hash="8055ac36abfe0ea2721cc632e0678193"/><file name="price_msrp_noform.phtml" hash="998674bc27ddbb2f3ceaa65ebcc2275d"/><file name="price_msrp_rss.phtml" hash="f55671f834d571e0a11fb43226fce9d1"/><dir name="view"><file name="additional.phtml" hash="2b0b24c2f862fec0e9f556683e9006c6"/><file name="addto.phtml" hash="2a9a29a67794a2a539f2e1bc0ea81c9f"/><file name="addtocart.phtml" hash="eb2a1bb76a1a21945765baae31515e97"/><file name="attributes.phtml" hash="04c51d7af18188f187f1e8dbca4a95df"/><file name="description.phtml" hash="2962d73cba9f3bc720f70b8b1d16949f"/><file name="media.phtml" hash="203a1a1bccdc86a67c639cc224d636e3"/><dir name="options"><file name="js.phtml" hash="c2e12d65da17efc341a092a042d5682c"/><dir name="type"><file name="date.phtml" hash="d2df48bcbc4d03c4fefc7d3c0abe9025"/><file name="default.phtml" hash="c9d37d38fabdeecef34d269a2ea95804"/><file name="file.phtml" hash="8562fa197d98570e5e09caf03a4a89f3"/><file name="select.phtml" hash="23b6bf3ff276ea71b6e11f915a5b2e17"/><file name="text.phtml" hash="9729c467912a8163b1e9f1d5110887cf"/></dir><dir name="wrapper"><file name="bottom.phtml" hash="521338189ecec0dd1b299e7b70c512af"/></dir><file name="wrapper.phtml" hash="3d7992f4c0be4ec4ee63c41960681c2c"/></dir><file name="options.phtml" hash="4d79a609441833ef8c4ba1108edf7b12"/><file name="price.phtml" hash="b5bc4994a8fa42e4213a6eeaba3aeb73"/><file name="price_clone.phtml" hash="1490d7575d7a4b909b34f22be7d928b7"/><file name="tierprices.phtml" hash="630e95b331ebc47578d82d5497207331"/><dir name="type"><file name="configurable.phtml" hash="bbf511757f944c0b9edc995fb7aec13f"/><file name="default.phtml" hash="9e2d83873322efc0648c8789598d88c6"/><file name="grouped.phtml" hash="4b025824aef43c0f1be6f56cfd4ec159"/><dir name="options"><file name="configurable.phtml" hash="618924ffd9ff6b560ad418081ebfb0a5"/></dir><file name="simple.phtml" hash="bbf511757f944c0b9edc995fb7aec13f"/><file name="virtual.phtml" hash="bbf511757f944c0b9edc995fb7aec13f"/></dir></dir><file name="view.phtml" hash="c43a9e9ebd9b947339f7f80028600c71"/><dir name="widget"><dir name="link"><file name="link_block.phtml" hash="45f95d8715f1ec94575d5e15577ba51b"/><file name="link_inline.phtml" hash="63a95b82cbe4cf85ef434a694dce3e34"/></dir><dir name="new"><dir name="column"><file name="new_default_list.phtml" hash="efca2c7600a7c4ab7e0b01f52c9b628e"/><file name="new_images_list.phtml" hash="791bd91844c2f838cc7f3c8341d0caf6"/><file name="new_names_list.phtml" hash="cb85752658df57919d87c99b0d68bf18"/></dir><dir name="content"><file name="new_grid.phtml" hash="c4aca98517edb78b7ba0bb36d3f365ab"/><file name="new_list.phtml" hash="1a591c275d53aecd40ee8f7550ca16f9"/></dir></dir></dir></dir><dir name="rss"><dir name="product"><file name="price.phtml" hash="902ecf1728a011a644d35be7f4d2f4e4"/></dir></dir><dir name="seo"><dir name="sitemap"><file name="container.phtml" hash="9938a7198e11c5a236bc3d9069efb68c"/></dir><file name="sitemap.phtml" hash="f4a88cea6a69109f94c850f8c70a3863"/><file name="tree.phtml" hash="0c68001bc7300769cd9764d29cf9f944"/></dir></dir><dir name="cataloginventory"><file name="qtyincrements.phtml" hash="5dc42b72a2534e039cba06b46e535133"/><dir name="stockqty"><file name="composite.phtml" hash="0a335a0cea275e96c8d9460e021a8b38"/><file name="default.phtml" hash="b5587058fe19f6aafa2f32403a363f06"/></dir></dir><dir name="catalogsearch"><dir name="advanced"><file name="form.phtml" hash="f728c4e1037ed29b7cbcbfe06fc38efb"/><file name="result.phtml" hash="003e199a832c9794a366ee3797473ef9"/></dir><file name="form.mini.phtml" hash="10488d236d0a6da77afe79504d7d3b61"/><file name="result.phtml" hash="517944e5db04fa54271eaa03e6f49b68"/><file name="term.phtml" hash="5f3b51626679d824642f9ed7ff047aea"/></dir><dir name="checkout"><dir name="cart"><file name="coupon.phtml" hash="c98f99b9d7da34addadd258c4e20f6eb"/><file name="crosssell.phtml" hash="3e102cccd589fc7f44a296cf83d230cf"/><dir name="item"><dir name="configure"><file name="updatecart.phtml" hash="e4bde1ed794f4b49fc1510e402cc5e1d"/></dir><file name="default.phtml" hash="e04ff0df35c1421963dcc3e9bee7a0ac"/></dir><file name="noItems.phtml" hash="c2ff571a94b46cd1944322720a06e1cf"/><dir name="render"><file name="default.phtml" hash="bdf752894cd0d0a22d32c7912ec188cd"/><file name="simple.phtml" hash="e8e609fc4cc0fa0d6b37050bb3627049"/></dir><file name="shipping.phtml" hash="096b5aac5cfccc02b1e9702543c617bc"/><dir name="sidebar"><file name="default.phtml" hash="111ebeff75e11a794ff20f360cfd6ce7"/></dir><file name="sidebar.phtml" hash="8988f51fe593d934b52313c17322c091"/><file name="totals.phtml" hash="0316c4c482da6aab056ce36038caa5ff"/></dir><file name="cart.phtml" hash="78fb621e5004abd52d32dcdf117ae562"/><dir name="multishipping"><dir name="address"><file name="select.phtml" hash="58f689fa66769e511009fa8d49f90df5"/></dir><file name="addresses.phtml" hash="2cb8e144dc4813103f79771bcfb2c6a1"/><file name="agreements.phtml" hash="e9c75c66497b858fffb8ab736c92ba48"/><dir name="billing"><file name="items.phtml" hash="10e3b0d515b4c85f083cf7836985ac7d"/></dir><file name="billing.phtml" hash="3633ae6bab6cb5c21734215cbb7ced17"/><dir name="item"><file name="default.phtml" hash="55904425ade63199d0ad6a811f9f452d"/></dir><file name="link.phtml" hash="7fbe32fe54d41bf1575c4c87bfd86d38"/><dir name="overview"><file name="item.phtml" hash="ecda93693b797acba10400b8cb3b5ed7"/></dir><file name="overview.phtml" hash="fe033cd350a16f426b4ae070a03f2992"/><file name="shipping.phtml" hash="985d7ae7df3b0f34ba85ec3247f49ddd"/><file name="state.phtml" hash="7c16650aca4bed2b802c55fa6e9ab1ca"/><file name="success.phtml" hash="7dee6f913077e2cc0a15d081e864c77c"/></dir><dir name="onepage"><file name="agreements.phtml" hash="f3f04eac8e357ed9c38657b4c9ab412b"/><file name="billing.phtml" hash="54238453dceee85b8b98e0dc32e48c14"/><file name="failure.phtml" hash="24d5cf8e882ca31f3bc578b71658cc50"/><file name="link.phtml" hash="e648932e921119c1538e7585fae2d5f5"/><file name="login.phtml" hash="afd0cc552983079812754142dac4feb3"/><dir name="payment"><file name="info.phtml" hash="6caf4497409e620a199110785ac7b9cb"/><file name="methods.phtml" hash="79737cab76da8fb91d06f28184e4ac14"/></dir><file name="payment.phtml" hash="eef5fb0fdb8c6f4dc43acee4b4492dc7"/><dir name="progress"><file name="billing.phtml" hash="453abe63dc0fe2cc0cb28155ba115711"/><file name="payment.phtml" hash="4328d6fcd20068f3c01316715f2dc345"/><file name="shipping.phtml" hash="5a95e7dc8a30ddaf540d43852e85e1b4"/><file name="shipping_method.phtml" hash="670acbf5e02c9c9488e4f2bcb43becd0"/></dir><file name="progress.phtml" hash="29eaf622d7f2305cb1b53ad620cffeb4"/><dir name="review"><file name="button.phtml" hash="e1d25a990252675fc1c86628c79fc89d"/><file name="info.phtml" hash="b9696cb1b2bc45127513d563c0928809"/><file name="item.phtml" hash="ababfec22c6af3f77ee9432c765993d4"/><file name="totals.phtml" hash="102257de9e89e2838ebadd00b9b65f95"/></dir><file name="review.phtml" hash="443e3373e7cc08b0ea2de773adf0b27f"/><file name="shipping.phtml" hash="cd5ac5fc8dbfb3f5932183fe08a25964"/><dir name="shipping_method"><file name="additional.phtml" hash="fe15536ad7158508dd4a165d5175adeb"/><file name="available.phtml" hash="5c5b0b8e54f1ecc72ec4c906659954c2"/></dir><file name="shipping_method.phtml" hash="b4458c9df23d105d92840cd3e203b32a"/></dir><file name="onepage.phtml" hash="e3511cce00f3ca51fee3f38d7c13e706"/><file name="success.phtml" hash="745ad4cb878ae76c8c755fe4374f6625"/><dir name="total"><file name="default.phtml" hash="b56803df4028811e745e387dbf78bbf2"/><file name="nominal.phtml" hash="994c9400809271a15d954c5e14450a8d"/><file name="tax.phtml" hash="8a7d59d814a00c2df53f817a1d7ca37d"/></dir></dir><dir name="cms"><file name="content.phtml" hash="67e8b69b93364f0ca88eaef9821a089f"/><file name="content_heading.phtml" hash="bc1c7f285620795bc1d3f9675b0d143f"/><dir name="default"><file name="home.phtml" hash="5d39ca3ea23e295ed2ea6ae699a68160"/><file name="no-route.phtml" hash="a83f16d93f3fef9525b8b0a3db9dfda3"/></dir><file name="meta.phtml" hash="002de131a2ced31789f16763f2f8765d"/><dir name="widget"><dir name="link"><file name="link_block.phtml" hash="4392b213a2d8ba56f91ea2c82b8df021"/><file name="link_inline.phtml" hash="018b06b1d608e6ac6666bfdaaba89759"/></dir><dir name="static_block"><file name="default.phtml" hash="6ba124c8fdf238ca0a66d19c14b8bfed"/></dir></dir></dir><dir name="contacts"><file name="form.phtml" hash="491c5d4947720c38a689be8c6f4b1769"/></dir><dir name="core"><file name="formkey.phtml" hash="bdeb0ecc82c51a4b98539b2e9e2027fd"/><file name="link.phtml" hash="1ee5540bbf134107559846a21b435370"/><file name="messages.phtml" hash="4662cb900d263672feb5398e391dfc76"/></dir><dir name="customer"><dir name="account"><dir name="dashboard"><file name="address.phtml" hash="f276261838a039e4b762e60061dc387c"/><file name="hello.phtml" hash="2e536ffcdf677706ecf3c290aabd109a"/><file name="info.phtml" hash="cab35adefad873abfde6caa35a040556"/><file name="newsletter.phtml" hash="ae0487fa29e613880ba8ff221a5f25f9"/></dir><file name="dashboard.phtml" hash="077ecbc703fa56090e595a43258c8116"/><dir name="link"><file name="back.phtml" hash="2a320a39def963b3156932a825977d2a"/></dir><file name="navigation.phtml" hash="31d69739058e3291d22e787df51fe298"/></dir><dir name="address"><file name="book.phtml" hash="2e3584664e4760686725f92caa75b73e"/><file name="edit.phtml" hash="76299f768ceefa6b63f0dfb3d14c74b0"/></dir><file name="address.phtml" hash="7458dcbbc7ad2d5db887768e9cc9bb96"/><file name="balance.phtml" hash="a02870934c57a0e49af3494bf119961a"/><dir name="form"><file name="address.phtml" hash="beed33ce9dd56bb6007461cef793edda"/><file name="changepassword.phtml" hash="80a89e2259c35ae9b9c3da27221fb43c"/><file name="confirmation.phtml" hash="0552dd967388f81c0c101f69f3e63cc2"/><file name="edit.phtml" hash="a0bcc2b98f7e29e197ef04f7768b6a67"/><file name="forgotpassword.phtml" hash="b56a7f0917ea872429129aaece209a1b"/><file name="login.phtml" hash="568bf388250a7933dd13d063545eebbb"/><file name="mini.login.phtml" hash="f7cde855372bd26f3fcc6f407597c735"/><file name="newsletter.phtml" hash="d024d02afd90a6293e53ff457b23bb77"/><file name="register.phtml" hash="85c58c5a496cc23f0ae085e59ddfcafc"/><file name="resetforgottenpassword.phtml" hash="6710fa5efad03dca3ce7de96e7056b06"/></dir><file name="logout.phtml" hash="deea6733cc59cbc1e389b31558008f37"/><file name="orders.phtml" hash="44222e03fda6e3645d6bc1ca1878ea33"/><dir name="widget"><file name="dob.phtml" hash="21d19355be88bfe8be8e78de1912cb72"/><file name="gender.phtml" hash="f81617c3dce83787fe679cca049294e5"/><file name="name.phtml" hash="4193b40751a2910fbf6369cc1d716226"/><file name="taxvat.phtml" hash="77ddf3507f8b37f573f8d9dddb1b27ab"/></dir><file name="wishlist.phtml" hash="a968acef6e13c9e544cdd135cc663ee8"/></dir><dir name="directory"><dir name="currency"><file name="switch.phtml" hash="f50332f897cece09cd35266cbd517724"/></dir><file name="currency.phtml" hash="34a1e10cdb17be13ab8e019603bc8bf7"/><dir name="js"><file name="optional_zip_countries.phtml" hash="71b8dc6c16ce611be7025321d2d7d27a"/></dir></dir><dir name="downloadable"><dir name="catalog"><dir name="product"><file name="links.phtml" hash="f648af7f8524476ad38de0fd57090738"/><file name="samples.phtml" hash="9bf6b283ed1ef39f8441c1b7a8e1e297"/><file name="type.phtml" hash="3851b2660c4b24ceb5e98cf65be0fb9b"/></dir></dir><dir name="checkout"><dir name="cart"><dir name="item"><file name="default.phtml" hash="2b9e1d156ee3092998ec841b242fab8d"/></dir></dir><dir name="multishipping"><dir name="item"><file name="downloadable.phtml" hash="a887274ff8fbc3a00757a7f79c284dd4"/></dir></dir><dir name="onepage"><dir name="review"><file name="item.phtml" hash="d8b8ea0156cc3f21d0fb156135d30df9"/></dir></dir><file name="success.phtml" hash="b491d16be41fa6776d57c428785fd88a"/></dir><dir name="customer"><dir name="products"><file name="list.phtml" hash="38860f125a56f494f562ebdc20554fbf"/></dir></dir><dir name="email"><dir name="order"><dir name="items"><dir name="creditmemo"><file name="downloadable.phtml" hash="33befd4809b7933889aa5252df04ff5a"/></dir><dir name="invoice"><file name="downloadable.phtml" hash="e4ab150c928ce4b89dbcc726a82c370c"/></dir><dir name="order"><file name="downloadable.phtml" hash="2db50fcbbe56b0ab5947242f6c72ea01"/></dir></dir></dir></dir><dir name="sales"><dir name="order"><dir name="creditmemo"><dir name="items"><dir name="renderer"><file name="downloadable.phtml" hash="5a8477768cf3e5fe0b84e732db29d956"/></dir></dir></dir><dir name="invoice"><dir name="items"><dir name="renderer"><file name="downloadable.phtml" hash="92660050c295e0e8d92cad853dda8545"/></dir></dir></dir><dir name="items"><dir name="renderer"><file name="downloadable.phtml" hash="e74b18fd5f888b2b6d7dc908b9d182d5"/></dir></dir></dir></dir></dir><dir name="email"><dir name="order"><dir name="creditmemo"><file name="items.phtml" hash="9968c562b6391131202d99b191dc87ee"/></dir><dir name="invoice"><file name="items.phtml" hash="1b38340600d61360c0d5726ed830513e"/></dir><dir name="items"><dir name="creditmemo"><file name="default.phtml" hash="b14b88a573c323512a5e14d3fe7e3dd2"/></dir><dir name="invoice"><file name="default.phtml" hash="b14b88a573c323512a5e14d3fe7e3dd2"/></dir><dir name="order"><file name="default.phtml" hash="2ad563ae3266b0272950845b4a18852a"/></dir><dir name="shipment"><file name="default.phtml" hash="02e1f93d5e3a515eefa5d7a4264cf80d"/></dir></dir><file name="items.phtml" hash="bd42def8f2c198ded3adcf1c786fdc5c"/><dir name="shipment"><file name="items.phtml" hash="8a205c30c159c6d6e0587e56a0bfb191"/><file name="track.phtml" hash="32553ecadfb0384ef97bebdc285c7d42"/></dir></dir><dir name="productalert"><file name="price.phtml" hash="25a9bce707c8204c9b8c29835e80bae5"/><file name="stock.phtml" hash="136ce76b4013221ab1177ffeb880bbdb"/></dir></dir><dir name="giftmessage"><file name="inline.phtml" hash="233c57bedddb295c9b8b1b75b09559d5"/></dir><dir name="googleanalytics"><file name="ga.phtml" hash="b9004ab6afcd94501701c11543c9adcb"/></dir><dir name="newsletter"><file name="subscribe.phtml" hash="214299f84ff486463336d5ec444ea819"/></dir><dir name="oauth"><dir name="authorize"><file name="button-simple.phtml" hash="7eb1a1ead8a25ae1a2d55b461a31045f"/><file name="button.phtml" hash="0dbde00e9555a864417d64529d54a4fb"/><file name="confirm-simple.phtml" hash="f9a526352091598530756a30d5180410"/><file name="confirm.phtml" hash="c5c083bfe0db955808e4480ee4f3e45f"/><dir name="form"><file name="login-simple.phtml" hash="d4e9ce843e010a5f7d99ccae40a2c495"/><file name="login.phtml" hash="67d378191d2c01e0fe9cf80c0c73e761"/></dir><file name="head-simple.phtml" hash="782565cbf85a44ed53a1af50af5534b5"/><file name="reject-simple.phtml" hash="901c0575c8c4c8b6c102c3f48a867dc6"/><file name="reject.phtml" hash="6bd291eb9d8f2b6e47d288bb150cf8b4"/></dir><dir name="customer"><dir name="token"><file name="list.phtml" hash="b76b2627dd19f9605bb22628811f6861"/></dir></dir></dir><dir name="page"><file name="1column.phtml" hash="f3868eea06bb6897f123f35c1f7824b4"/><file name="2columns-left.phtml" hash="8d905373aed64f739c9deb73678b4fad"/><file name="2columns-right.phtml" hash="b535ddd8d01fc6526fc96ec22db4ba3f"/><file name="3columns.phtml" hash="2517ed735cbba0b9304575bf179d3a18"/><file name="empty.phtml" hash="49bf31f389f9a3575daf534d790a7092"/><dir name="html"><file name="breadcrumbs.phtml" hash="2313d1b8e6ae814a80be90277cc47641"/><file name="cookienotice.phtml" hash="c80ba11de59de8bcd6b0205c733676cd"/><file name="footer.phtml" hash="2f3c4f9a336c901b4df7e7c7a93c80af"/><file name="head.phtml" hash="892293725bc359985ef6839291c27826"/><file name="header.phtml" hash="01a0a10a6a6bb69cee0097b3ad83e1f1"/><file name="notices.phtml" hash="0e3bfe37799102d11a8316de53cb60b0"/><file name="pager.phtml" hash="5d389f99bc5443828e5d39ce3a53b652"/><file name="top.links.phtml" hash="511d10d684f9a55c6add42e6facf9c95"/><file name="topmenu.phtml" hash="d82ff16c9bcabb97bcdab2fc0cca2306"/><file name="wrapper.phtml" hash="48a749ef8f1b21866bf49eb55c0a6d79"/></dir><dir name="js"><file name="calendar.phtml" hash="3833d8175aa23feb62037a5510713565"/><file name="cookie.phtml" hash="10656ed0dc818cf59a439dc8dc477064"/></dir><file name="popup.phtml" hash="6dfb5b1d1045e175d000883c1dba41dc"/><file name="print.phtml" hash="b1b6b21c33916c36cc48a895459a5d33"/><file name="redirect.phtml" hash="c1fb17ed5c3e0bbbbf60b27c72b3750b"/><dir name="switch"><file name="flags.phtml" hash="4a4b409ce01c44569626a68859f3762b"/><file name="languages.phtml" hash="ffd97890d2f50c9b74c772739a46fb35"/><file name="stores.phtml" hash="7df6f93f87315bba22df024e3f5dac37"/></dir><dir name="template"><file name="container.phtml" hash="6364d327290f5ff449d96347b2ae04b1"/><file name="links.phtml" hash="9fc05698d5b4c744beddea1e5c977450"/><file name="linksblock.phtml" hash="e65cfd7348c3a15ac99967c7c90117b7"/></dir></dir><dir name="pagecache"><file name="cookie.phtml" hash="d9664f036816051e62a77065e0a037a2"/></dir><dir name="paygate"><dir name="form"><file name="cc.phtml" hash="5b7ccd8ee711f33b83bdd51267b5b658"/></dir><dir name="info"><file name="cc.phtml" hash="fcbcec541b033d4f626fab0429046f0d"/></dir></dir><dir name="payment"><dir name="catalog"><dir name="product"><dir name="view"><dir name="profile"><file name="options.phtml" hash="409bccc52c389a13ba821254b1641209"/><file name="schedule.phtml" hash="9a265eb0d9a8b3d3225874436491d55f"/></dir></dir></dir></dir><dir name="form"><file name="banktransfer.phtml" hash="20c434b04dec0b07225f421fc3cc41c5"/><file name="cashondelivery.phtml" hash="15c0779cdeddeb60950355738a43c7c0"/><file name="cc.phtml" hash="1d903837aa0686e6b8b38a3d16b47bbe"/><file name="ccsave.phtml" hash="3a2ad3b371fdebd6d471bd8be0f10523"/><file name="checkmo.phtml" hash="6bc89640b4d1ca7b7382a6d20ebc8fb9"/><file name="purchaseorder.phtml" hash="1023c8c417887e01576b8035476acf73"/></dir><dir name="info"><file name="banktransfer.phtml" hash="0e2754978d341b553f91ac1c4aa06b82"/><file name="checkmo.phtml" hash="17018613cad4e46dc42d906d72d635a6"/><file name="default.phtml" hash="1924b9bd5c15fa131d6e8861ea7caf20"/><file name="purchaseorder.phtml" hash="289dd2ade123a70921b18df1fb07f144"/></dir></dir><dir name="paypal"><file name="bml.phtml" hash="f4188b1a85ea29903dc432c02e1ec6ec"/><dir name="express"><dir name="review"><file name="details.phtml" hash="5a0f6d4bf92a00789c51c2285aa898e6"/><dir name="shipping"><file name="method.phtml" hash="31a38452cdba0ec97a62d948fc349c57"/></dir></dir><file name="review.phtml" hash="3c9bc216076bcf2b33ecb5eb029d8e5c"/><file name="shortcut.phtml" hash="ba25e0630fc6eedae8ba424158fbf7ba"/></dir><dir name="hss"><file name="form.phtml" hash="fe8ed00d054c63d1f937e359c8a2b1c8"/><file name="iframe.phtml" hash="2373e7f69b740a68649ff9a6238124be"/><file name="info.phtml" hash="b37639c61704595c0893c7fffb85aa09"/><file name="js.phtml" hash="fb71a69402aa91186db3ac2552e1ebc1"/><file name="redirect.phtml" hash="71607b9c1867ec911f2c038af7d6a2d2"/><dir name="review"><file name="button.phtml" hash="036ba4eabee4ab62aad694a72bb7b72d"/></dir></dir><dir name="partner"><file name="logo.phtml" hash="57f25e04203d6e65b3a354198b4c2e06"/><file name="us_logo.phtml" hash="19dcddd14f2fa1152533b80b04ac99d9"/></dir><dir name="payflowadvanced"><file name="iframe.phtml" hash="3ac7f39f3d758f93b90d7fc4b6b90276"/><file name="info.phtml" hash="d98e5e51620ca62f61a16d8c7b6c2813"/><file name="redirect.phtml" hash="c984cb711cb4f1a4e5c8f5b6f55a73dd"/></dir><dir name="payflowlink"><file name="iframe.phtml" hash="6a332748032248b38552a7de0cf50762"/><file name="info.phtml" hash="af7f717e6c6609cbadc9fd93e1b8779d"/><file name="redirect.phtml" hash="614d05b42d99d7b985bebbca6af909bc"/></dir><dir name="payment"><file name="mark.phtml" hash="89998d7897456a2011c119465123c545"/><file name="redirect.phtml" hash="2816f37190ee70679aaaa0fb2213ce5b"/></dir></dir><dir name="persistent"><dir name="checkout"><dir name="onepage"><file name="billing.phtml" hash="fe4f511a85530d76756d461078673b5b"/><file name="login.phtml" hash="75665efcf9130bc295cabd4d031a5e73"/></dir></dir><dir name="customer"><dir name="form"><file name="login.phtml" hash="07b3ad2ff8660fd413af17d122ae6588"/><file name="register.phtml" hash="66d3d8e3e73eac4d713e20366b90b7b2"/></dir></dir><file name="remember_me.phtml" hash="ff6692b773e1cdfea48a81fad955c8b4"/><file name="remember_me_tooltip.phtml" hash="a781aee8dcdb2c2408312ec060b7fd0b"/></dir><dir name="poll"><file name="active.phtml" hash="22e1a87dda9e98de6bf6fa68eb462878"/><file name="result.phtml" hash="cda1781225c6e149bda609d63b187f76"/></dir><dir name="productalert"><file name="price.phtml" hash="e74a389bc1c799baaeda59bdb3aa36f6"/><dir name="product"><file name="view.phtml" hash="c69893fe8ed825d1d6b0c1d7fd54926d"/></dir><file name="stock.phtml" hash="e74a389bc1c799baaeda59bdb3aa36f6"/></dir><dir name="rating"><file name="detailed.phtml" hash="0bb9489fd132c2cdf4327ecba56ea73a"/><file name="empty.phtml" hash="a100cace31e3d52629fa4f3f50dcd0de"/></dir><dir name="reports"><file name="home_product_compared.phtml" hash="0701a4e9431a22e55b44b35ae108ecea"/><file name="home_product_viewed.phtml" hash="a3922250dc849a8fd70387c13c8dfe93"/><file name="product_compared.phtml" hash="2887a05e02d96b1b95bec1dab6ead21b"/><file name="product_viewed.phtml" hash="de487a2c7c67385e10eb789bbee8e0f4"/><dir name="widget"><dir name="compared"><dir name="column"><file name="compared_default_list.phtml" hash="7ef7246592a7558eef55e251aa42b2c3"/><file name="compared_images_list.phtml" hash="437c28c1956114032a6035ca8e6951c7"/><file name="compared_names_list.phtml" hash="f31097c5a624ae2db7ef720e783ae78e"/></dir><dir name="content"><file name="compared_grid.phtml" hash="fc18c3dfa95c1032cb47ee1debe513fe"/><file name="compared_list.phtml" hash="8e690cd3abdb8231a7dca945faf0159c"/></dir></dir><dir name="viewed"><dir name="column"><file name="viewed_default_list.phtml" hash="c5370f8eac5af2bd2e69dd47f398c173"/><file name="viewed_images_list.phtml" hash="134a8ad116f36aac8431fa67ea54c9d0"/><file name="viewed_names_list.phtml" hash="bf1c338107551835cce51d2cbbbec038"/></dir><dir name="content"><file name="viewed_grid.phtml" hash="7371dac0255c09d0d0ef9641f316d5ee"/><file name="viewed_list.phtml" hash="36ecef31e60d5f4b49f8ba711c31f370"/></dir></dir></dir></dir><dir name="review"><dir name="customer"><file name="list.phtml" hash="ebaff1e8d6bd14d3772c0a78eac97d8a"/><file name="recent.phtml" hash="25e0bf6329832040f700da980df42b02"/><file name="view.phtml" hash="19a1c0b997042a1d5f1c098e28052239"/></dir><file name="form.phtml" hash="0924f9b9ec89465832a8a7262afef0e0"/><dir name="helper"><file name="summary.phtml" hash="791fa088df03e958a45a1fe66a6fbb17"/><file name="summary_short.phtml" hash="75c288ff25a1afa61b97dab1509424bc"/></dir><dir name="product"><dir name="view"><file name="count.phtml" hash="30a6b67f5d96d16c72358424524abd24"/><file name="list.phtml" hash="e9b70320ec16d574a7f2e2aa52421ded"/><file name="other.phtml" hash="9e0acbbdc1a316612e10c56f4603def2"/></dir></dir><file name="view.phtml" hash="1f4af5757f458d802141592b7ff5b84f"/></dir><dir name="rss"><file name="list.phtml" hash="b9a0ca0bf8aaa75a7413301942cc29ba"/><file name="nofeed.phtml" hash="2d4834edd96983cc9ca8131bc0a2d5e3"/><dir name="order"><file name="details.phtml" hash="2c006749450570cf99e40070bb216ea2"/></dir></dir><dir name="sales"><dir name="billing"><dir name="agreement"><file name="view.phtml" hash="e0eb92f452c9b6db9a16c1e156490d19"/></dir><file name="agreements.phtml" hash="db2901130e5b6ce19f112ba2e2d60f96"/></dir><dir name="guest"><file name="form.phtml" hash="820eeb33e4e1139c6d3379661ea5de3e"/></dir><dir name="order"><file name="comments.phtml" hash="205f45ac8335be19b3411f0dd620f5d3"/><dir name="creditmemo"><dir name="items"><dir name="renderer"><file name="default.phtml" hash="6f404e7d6b5b27f7ef5aa62e9598c99e"/></dir></dir><file name="items.phtml" hash="a8fcfe365f3379ceb93a4747056f7e38"/></dir><file name="creditmemo.phtml" hash="1502edd501ac36ac3f313e91c9a03075"/><file name="details.phtml" hash="66106d3081c0c439d56c1153a0fe7ec8"/><file name="history.phtml" hash="d17cdc22ec761dbc7c271dcf27956b53"/><dir name="info"><file name="buttons.phtml" hash="85572e013ae1db442ab87fc77146341e"/></dir><file name="info.phtml" hash="64b7a870a42770147e70a2ece1884107"/><dir name="invoice"><dir name="items"><dir name="renderer"><file name="default.phtml" hash="b379d415b64681dfe7e5445cc22a48c1"/></dir></dir><file name="items.phtml" hash="6c9a5f7fec289767e73c2c961f1d6439"/></dir><file name="invoice.phtml" hash="3d71cb8e94636df55ac57d9746df4fe9"/><dir name="items"><dir name="renderer"><file name="default.phtml" hash="d6407a6257932a29b728d03f9cddea86"/></dir></dir><file name="items.phtml" hash="0a439a3226f3d1c9c8cf2ae9090e30dc"/><dir name="print"><file name="creditmemo.phtml" hash="5b8e5dd41df3dd2bbc9d3e9570ad1478"/><file name="invoice.phtml" hash="f1430e7c4e33a68a9a69a25bf685f82d"/><file name="shipment.phtml" hash="3a33a7c25bf83fce25d9f3f12b54318c"/></dir><file name="print.phtml" hash="e895c05c645340c4947085892eb8f5a7"/><file name="recent.phtml" hash="87208eff3a83ffd9778ec0635f6016d6"/><dir name="shipment"><dir name="items"><dir name="renderer"><file name="default.phtml" hash="c787bb55d5f7f4d5430cf3a794e9a87d"/></dir></dir><file name="items.phtml" hash="0d8f70ee0ea767346ee87d2480b5fec2"/></dir><file name="shipment.phtml" hash="91ddda244fe2161563c1f1d15754ca56"/><file name="totals.phtml" hash="3cb3ca69fc821e5910b9894a0bc81176"/><file name="trackinginfo.phtml" hash="aa4044553422ae7f673f3adb4dbb32c4"/><file name="view.phtml" hash="ff6273e096d6a8fdaba2a2120c0c639f"/></dir><dir name="payment"><dir name="form"><dir name="billing"><file name="agreement.phtml" hash="320aa46c585cb49c0dc430710dd314e4"/></dir></dir></dir><dir name="recurring"><file name="grid.phtml" hash="cf682b9641ff9da158776605eacd30a8"/><dir name="profile"><dir name="view"><file name="info.phtml" hash="4d3416b3b56ee481dbcafa99f4c8ba0f"/></dir><file name="view.phtml" hash="7185b1488a64a7ca863d170717c9d8eb"/></dir><file name="profiles.phtml" hash="32b816071de55eb7ba496405f1d88193"/></dir><dir name="reorder"><file name="sidebar.phtml" hash="22081224b8abc229c480d0c315260399"/></dir><dir name="widget"><dir name="guest"><file name="form.phtml" hash="3bd6a95ad89f17a763bd30574de72a62"/></dir></dir></dir><dir name="sendfriend"><file name="send.phtml" hash="33045f66ca97ac051950bc8d1ce2238c"/></dir><dir name="shipping"><dir name="tracking"><file name="ajax.phtml" hash="8b8314f911d0705d918a22c2380b95d7"/><file name="popup.phtml" hash="a6495d67f426cf6945a0f4d401c6d621"/></dir></dir><dir name="tag"><file name="cloud.phtml" hash="0c4c57e60769577eec3bf9908f758db4"/><dir name="customer"><file name="recent.phtml" hash="bf59b56821f4e2c94be1e6d8eaeb6a31"/><file name="tags.phtml" hash="c2139fe6bfcc85dc4307796d7e9daf3b"/><file name="view.phtml" hash="9627224b9f636c2eb4675f030cab1a5f"/></dir><file name="list.phtml" hash="538872693033a655446007714e4565e2"/><file name="popular.phtml" hash="07082e1133a44d127a3691e83862a09f"/></dir><dir name="tax"><dir name="checkout"><file name="discount.phtml" hash="435ddff61bbd1459b23840892ba73a67"/><file name="grandtotal.phtml" hash="5bff4e1495046bc401c5b1ba7af1506b"/><file name="shipping.phtml" hash="40cfed8ad176ef13472b29665da71836"/><file name="subtotal.phtml" hash="f344584c46d0d2c5ab830238157dc1ec"/><file name="tax.phtml" hash="3ef448acaec997a49791bd35315476a3"/></dir><dir name="order"><file name="tax.phtml" hash="2640e4f926cf95cf1ce5b6ea593bc3cd"/></dir></dir><dir name="wishlist"><dir name="button"><file name="share.phtml" hash="369ef438d171c43923ebbf5d94da334e"/><file name="tocart.phtml" hash="33df2552d18ad05adf3710eaf31992df"/><file name="update.phtml" hash="3a6a64b29d00d430343bf76b8b3972aa"/></dir><dir name="email"><file name="items.phtml" hash="3ee1a43ca102426af49e4bc40836d179"/><file name="rss.phtml" hash="794ddb6ca338059bffc82b64ee617386"/></dir><dir name="item"><dir name="column"><file name="cart.phtml" hash="cc70e36170b6532cb94a140fb897e0c5"/><file name="image.phtml" hash="68bd9a831222bba06d8ebe679c93ec13"/><file name="info.phtml" hash="8c244ad6f4affe9e8b52452727f3fe01"/><file name="remove.phtml" hash="4b78ec4d1725840d6608567c3a9ec06c"/></dir><dir name="configure"><file name="addto.phtml" hash="34572145f8787c5547851e692699ab27"/></dir><file name="list.phtml" hash="b497ea3d5c1a08ffb1068cabb7f11af5"/></dir><file name="options_list.phtml" hash="d4cde06787192886a3c4617b567ec67d"/><dir name="render"><dir name="item"><file name="price.phtml" hash="a0bb9f010bb573b5397abeb054962d7a"/><file name="price_msrp_item.phtml" hash="49904bbb865586f77a9bc99621c1acd7"/><file name="price_msrp_rss.phtml" hash="1b3d66657151abd9c0fda919a9c081a9"/></dir></dir><file name="shared.phtml" hash="fa544f7f5a7dd35020cb5570ed0b4f6b"/><file name="sharing.phtml" hash="e7ce9606cc837db2481d04a68877bfe7"/><file name="sidebar.phtml" hash="0b92fbadf2fe42f6ea6da3ce882bcae4"/><file name="view.phtml" hash="6d253fa5b9a66a43fc9e9227e5a564d7"/></dir></dir></dir></dir></dir></target><target name="mageskin"><dir name="frontend"><dir name="base"><dir name="default"><dir name="css"><file name="email-inline.css" hash="eecb19c8621b790eb5e4195ec0c36a26"/><file name="email-non-inline.css" hash="bac45ca4152a11914186f37f43c63586"/><file name="widgets.css" hash="eface204cbcfce5fb8177ecb06050789"/></dir><file name="favicon.ico" hash="88733ee53676a47fc354a61c32516e82"/><dir name="images"><file name="calendar.gif" hash="b1468e5239504974c689eea5d93f86d4"/><dir name="catalog"><dir name="product"><dir name="placeholder"><file name="image.jpg" hash="097ab8a3051bc037ea3de0e17f440540"/><file name="small_image.jpg" hash="f825d16f97a640453553c79c48ebaa73"/><file name="thumbnail.jpg" hash="b2b682d28a08a748a73d2cda70ab5a57"/></dir></dir></dir><dir name="cookies"><file name="firefox.png" hash="425e1b2ddc38c0bba431fb54357c66a4"/><file name="ie6-1.gif" hash="5c27700e245762bc89ed8c3ee7183f21"/><file name="ie6-2.gif" hash="d8c55e15e1f711e5c259300a9c19551b"/><file name="ie7-1.gif" hash="d61edcc8a514a3c81ea116b7d38ddcb6"/><file name="ie7-2.gif" hash="0526a654e94c54866cad977c0a47d3e5"/><file name="ie7-3.gif" hash="4fb142def3f6cfd8d8d23e1315528a1e"/><file name="ie7-4.gif" hash="575c276231c6a91e28935ec98215e146"/><file name="ie7-5.gif" hash="3ae5fcc11fe89da91674d183872337c1"/><file name="ie7-6.gif" hash="95a4981a41785a8cde273c9b2edbfbc7"/><file name="opera.png" hash="34070d92180d4ee0e37b1dd8bb731cd7"/></dir><file name="cvv.gif" hash="83cdd38bf110b0f9c52fe84b56f45298"/><file name="fam_book_open.png" hash="0ba89b9fbe7e88d4c6896ed0a1f495aa"/><file name="reload.png" hash="84cc4883f78ef850814ea9b53989b2a7"/><dir name="widgets"><file name="i_block-list.gif" hash="fe8424127ecbe4b0d893bcf6f253dc1a"/><file name="i_widget-link.gif" hash="1bf753578171f147f0203e7b13bdd0c4"/><file name="i_widget-new.gif" hash="a75377ffed51b711cbc608ffaa1a2e7d"/></dir><file name="window_overlay.png" hash="9ec9aea4c2159e0b1e73bda29821a39f"/></dir><dir name="js"><file name="bundle.js" hash="97ce47099d3d19bf04cb22ec926f2477"/><dir name="checkout"><file name="review.js" hash="ad4a06408a7d4c34e59eb76a3086a22d"/></dir><file name="giftmessage.js" hash="fe6e466ba0feec91c18b28facb069a66"/><file name="ie6.js" hash="57cccb2908fc3fc2c32164e9b9261708"/><file name="msrp.js" hash="f8a96a1156b8b337a7b2b350a50cc365"/><file name="opcheckout.js" hash="12372b489c53f35053dddf05aa3eacdd"/></dir><dir name="lib"><dir name="prototype"><dir name="windows"><dir name="themes"><dir name="magento"><file name="btn_bg.gif" hash="37c51a4d48a92da9648dcd3ca011039f"/><file name="content_bg.gif" hash="21278ea0da2d4256f4ced96b6080ba2e"/><file name="top_bg.gif" hash="26f28090de87d64f9b01bf624f89bfe2"/><file name="window_close.png" hash="3af14f053f360bf31f8ba2df73ec7f1e"/></dir><file name="magento.css" hash="00028727fa379638ae5fe2db1261b488"/></dir></dir></dir></dir></dir></dir></dir></target></contents>
    <compatible/>
    <dependencies><required><php><min>5.2.0</min><max>6.0.0</max></php><package><name>Mage_Core_Modules</name><channel>community</channel><min>1.9.3.2</min><max>1.9.3.2</max></package></required></dependencies>
</package>
