<?xml version="1.0"?>
<package>
    <name>Interface_Frontend_Rwd_Default</name>
    <version>1.9.3.9</version>
    <stability>stable</stability>
    <license uri="http://opensource.org/licenses/afl-3.0.php">AFL v3.0</license>
    <channel>community</channel>
    <extends/>
    <summary>This is a RWD themes base</summary>
    <description>This is a RWD themes base</description>
    <notes>1.9.3.9</notes>
    <authors><author><name>Magento Core Team</name><user>core</user><email>core@magentocommerce.com</email></author></authors>
    <date>2018-05-16</date>
    <time>19:11:12</time>
    <contents><target name="magedesign"><dir name="frontend"><dir name="rwd"><dir name="default"><dir name="etc"><file name="theme.xml" hash="b2a69156a1174ff2f31b6c58a406aae2"/><file name="widget.xml" hash="bc759364e57df39fe21fee0a8b67b5d5"/></dir><dir name="layout"><file name="bundle.xml" hash="a715eb3119841a5b4d4677bbab24b9fc"/><file name="catalog.xml" hash="2f954db36d01cf64381f5ee1bd3f7ce3"/><file name="catalog_msrp.xml" hash="88989cab2f9e5da358bfc6c5ee4659d2"/><file name="catalogsearch.xml" hash="9a1574f756ad991f560891da5246d0d9"/><file name="checkout.xml" hash="0ab4f0bb734abfedcc2003fb2ad0ca4d"/><file name="cms.xml" hash="17125b1617bde45d80fda64e8c0f5759"/><file name="configurableswatches.xml" hash="0241108f4b79242802c5831a7d0d1b62"/><file name="contacts.xml" hash="5b45ef85df7aa65dca34a26137cb36d8"/><file name="customer.xml" hash="4f9b20ae2fcd5cdc6be819cfb8e5ebf3"/><file name="directory.xml" hash="6abb61f6a2b48b0d484b7f54f83b60a9"/><file name="downloadable.xml" hash="aaf69b45f0de1734b86f2382bf1cafc9"/><file name="newsletter.xml" hash="653ce3bec784a79a742f102298edc7d5"/><file name="oauth.xml" hash="2efda6d5664c7c2dd9ab41c189b62a18"/><file name="page.xml" hash="25fa0307ab79e4daceff7fd1d54ea97a"/><file name="paypal.xml" hash="46861e221b66b4116ad78f605f6ba8de"/><file name="persistent.xml" hash="72804d8e0f27cbdea8e4bf2be789d05f"/><file name="review.xml" hash="8b7203312ad5d2a917d015ca925d483e"/><file name="rss.xml" hash="aa87cf19e7429e782acbbf1150da0092"/><file name="sales.xml" hash="6fac00269851d98c1657fcb96556c43f"/><file name="wishlist.xml" hash="3c0f8e83d2efec2d8a9586d74464d9bd"/></dir><dir name="template"><dir name="authorizenet"><dir name="directpost"><file name="form.phtml" hash="f942e5c7fd83675d53aaaeacfb97c1fa"/></dir></dir><dir name="bundle"><dir name="catalog"><dir name="product"><dir name="view"><dir name="type"><dir name="bundle"><file name="availability.phtml" hash="d17e41c21cd887181fc36f69697b8f7b"/><dir name="option"><file name="select.phtml" hash="15c9836abe158cb3e749c1f9cf0a42c3"/></dir></dir><file name="bundle.phtml" hash="8e89d8e4084af8424ab74b29cd33f2c4"/></dir></dir></dir></dir><dir name="email"><dir name="order"><dir name="items"><dir name="creditmemo"><file name="default.phtml" hash="c723531f05c089eb4dcdb893118a3ba4"/></dir><dir name="invoice"><file name="default.phtml" hash="4f25a96b55b16a13ab77bc9d22c257c8"/></dir><dir name="order"><file name="default.phtml" hash="3cc087412f8d8540747c1cf6593a1ece"/></dir><dir name="shipment"><file name="default.phtml" hash="9426a6e0eb9e807774a89750be0cc262"/></dir></dir></dir></dir><dir name="sales"><dir name="order"><dir name="items"><file name="renderer.phtml" hash="5358f4e9833aa5cdc33c03e0db9d3216"/></dir></dir></dir></dir><dir name="captcha"><file name="zend.phtml" hash="ddc2a17ee6665bef97d4e3df65cdf5ff"/></dir><dir name="catalog"><dir name="layer"><file name="filter.phtml" hash="d7f9d6c377402fe2f4b8884604c81a08"/><file name="state.phtml" hash="e0e6ad4037aaddebdd6262c229c84ee3"/><file name="view.phtml" hash="7633e62b9097d563b7e5935caa69816c"/></dir><dir name="msrp"><file name="popup.phtml" hash="17959ae24c464e15d396dc7718ba41da"/></dir><dir name="navigation"><file name="left.phtml" hash="8147f13c74b194abfa9364e2ccf87bfe"/></dir><dir name="product"><dir name="compare"><file name="list.phtml" hash="23e2ab54e8efb8f40af3044cf139b2c1"/><file name="sidebar.phtml" hash="2f150ddfde326c4491743cb3201dff6d"/></dir><dir name="list"><file name="related.phtml" hash="bfd36eaecca1316fac9093e13f8d57f0"/><file name="toolbar.phtml" hash="4da6f535d64316236f96375079bd3af7"/><file name="upsell.phtml" hash="74383226e851d393877027448b202bbd"/></dir><file name="list.phtml" hash="ca83ecbdd87fc9f95cd55430efdf982a"/><file name="price.phtml" hash="d5e7d023237bc8e28296c9c815b20b25"/><dir name="view"><file name="addto.phtml" hash="d2686089523841c703851af3818511e5"/><file name="addtocart.phtml" hash="a68639819ba009c8e7af9ede6121d5e9"/><file name="media.phtml" hash="e92c39869cc703e530f88a53c4099587"/><file name="sharing.phtml" hash="e62dfe3626003760a7f12b5df1f5b8bf"/><dir name="type"><dir name="availability"><file name="default.phtml" hash="ade2605d9f21591877c86def935c0985"/><file name="grouped.phtml" hash="5141db76a5eccc9f136dd4aca8de4ee5"/></dir><file name="default.phtml" hash="ea05946d1fc0d9b543575a30dac35b98"/><file name="grouped.phtml" hash="c916b8e0eab6092ec4ae1e5eccced5fb"/><dir name="options"><file name="configurable.phtml" hash="773160249a91428474a17a3453a52821"/></dir></dir></dir><file name="view.phtml" hash="b8dca08c44f76055de3622da9ecbad16"/><dir name="widget"><dir name="new"><dir name="column"><file name="new_default_list.phtml" hash="28f887be48a2e636097e9abe54712c42"/><file name="new_images_list.phtml" hash="8fcfbe34861cdec02a8cf60131c5f673"/><file name="new_names_list.phtml" hash="ccb2f5d414cd6606654e3f9d59285776"/></dir><dir name="content"><file name="new_grid.phtml" hash="4cc962df6eb72c9d94ced9b80c5c609d"/><file name="new_list.phtml" hash="cd58e2462fa8fea042c160afee292831"/></dir></dir></dir></dir></dir><dir name="cataloginventory"><dir name="stockqty"><file name="composite.phtml" hash="7aed9454ef90de54c19de543a8bbc734"/></dir></dir><dir name="catalogsearch"><dir name="advanced"><file name="form.phtml" hash="cf9d110b5ea7d85e583bc536d708ed38"/></dir><file name="form.mini.phtml" hash="58fc82484aba2a6cdb5169621bf73a7c"/><file name="result.phtml" hash="754d72a8a1acb320ff4a3386c789d293"/></dir><dir name="centinel"><dir name="authentication"><file name="start.phtml" hash="e066c848c47bd193bbd68b4668ce0345"/></dir></dir><dir name="checkout"><dir name="cart"><file name="coupon.phtml" hash="bdc2b5f413b5e65b114f03c30d0b9775"/><file name="crosssell.phtml" hash="247beab0d3780189ef6c060e0408569d"/><dir name="item"><dir name="configure"><file name="updatecart.phtml" hash="e435c3d45e2dde30dfa6ec32bdbd46b0"/></dir><file name="default.phtml" hash="ea115f2ea1aa442e125ca7016bf78c70"/></dir><dir name="minicart"><file name="default.phtml" hash="6a8baaa5986f3d8e5fbf4b614cfdd1d9"/><file name="items.phtml" hash="8c456416c7343aeb94f49ff186fcaddb"/></dir><file name="minicart.phtml" hash="91813c69b48fa20571bee15aa768a367"/><dir name="render"><file name="default.phtml" hash="5d33795c46ee79589ff3ea39ab257bc7"/><file name="simple.phtml" hash="8107d83abd4fb6b7cf4de3115fe63616"/></dir><file name="shipping.phtml" hash="8b000bacb4504d56de9ca53c5d2cef5d"/><dir name="sidebar"><file name="default.phtml" hash="6df63cb9d11b83b45a021a6bb73c8f1f"/></dir><file name="sidebar.phtml" hash="a1914db11300714fe5ad82ccaaa5dcb0"/></dir><file name="cart.phtml" hash="e9b4f7d92d8e0b43c8e108c64bda073c"/><dir name="multishipping"><file name="addresses.phtml" hash="461240bec3b53a83233c64c9bdd951b8"/><file name="billing.phtml" hash="160f5e12676c6655c70e370d8c68efcd"/><dir name="item"><file name="default.phtml" hash="c25ff8100d7eae2bdea228440bf6a9fc"/></dir><dir name="overview"><file name="item.phtml" hash="d59426451eccfd4fd53d67a2110a7ccb"/></dir><file name="overview.phtml" hash="27619da9d8f12eef488a4b4a666e2190"/></dir><dir name="onepage"><file name="payment.phtml" hash="44ac8e54e1df03410c97ed9bf3a5b274"/><file name="progress.phtml" hash="16b5f8a0b850849fe07f34418d590643"/><dir name="review"><file name="info.phtml" hash="6dda7d2e901658b4f450e51f300d7225"/><file name="item.phtml" hash="a5b7762e95cc8ea6260a5e7f65982dcc"/></dir><file name="shipping.phtml" hash="2ea286244f18151dec311b02b0d679db"/></dir><file name="onepage.phtml" hash="f712dbbc0ad2bfbd730305ce6d93b854"/></dir><dir name="configurableswatches"><dir name="catalog"><dir name="layer"><dir name="filter"><file name="swatches.phtml" hash="e16ca9d33f00e6508d4e906f4c628fa8"/></dir><dir name="state"><file name="swatch.phtml" hash="c1dea9d4ff7aa1031bb02920c8868afe"/></dir></dir><dir name="media"><file name="js.phtml" hash="6d51a736b921ef01e7a54bcb785fd938"/></dir><dir name="product"><dir name="list"><dir name="price"><file name="js.phtml" hash="8a5a13f63349d3da860dd34ad3abae45"/></dir><file name="swatches.phtml" hash="f20fae51f921f3e5aca09f1c31059595"/></dir><dir name="view"><dir name="type"><dir name="configurable"><file name="swatch-js.phtml" hash="e05534e7fa1f9a3e66c225af6c5c912e"/></dir><dir name="options"><dir name="configurable"><file name="swatches.phtml" hash="a023938249dbf26cc6d36147ea2f795c"/></dir></dir></dir></dir></dir></dir></dir><dir name="contacts"><file name="form.phtml" hash="281fb727a489a5eaf736e5a3778e396a"/></dir><dir name="customer"><dir name="account"><dir name="dashboard"><file name="address.phtml" hash="2feccb593467b669d9b970c27d91731f"/></dir><file name="dashboard.phtml" hash="023a322a491fe0b1612a635f654180c3"/><file name="navigation.phtml" hash="85e45b71f1a96e5253d8f80777505267"/></dir><dir name="address"><file name="edit.phtml" hash="a2ce171a87c482276ac0cf3927c90e05"/></dir><dir name="form"><file name="address.phtml" hash="800d025d15cf24193cdd7edff99250f2"/><file name="changepassword.phtml" hash="43867738c705bff9e55017a34ccbf392"/><file name="confirmation.phtml" hash="da5cbec38f05fdaa8aa90e35a75f483b"/><file name="edit.phtml" hash="446f236638ae0c394525a8c0f22818e5"/><file name="forgotpassword.phtml" hash="0006dd07a38bf902a5e6ce45747e6e73"/><file name="mini.login.phtml" hash="c17a74dccc85e5a80588b7edd9005dc8"/><file name="resetforgottenpassword.phtml" hash="c35070792513e8c3700e37c565c07338"/></dir></dir><dir name="directory"><file name="currency.phtml" hash="e6c82279ce81d014f8d360f2df799c8f"/></dir><dir name="downloadable"><dir name="catalog"><dir name="product"><file name="type.phtml" hash="805a2877587adc919c17625a76899c67"/></dir></dir><dir name="checkout"><dir name="cart"><dir name="item"><file name="default.phtml" hash="4da8e640b1cdfe5173faa63d61116688"/></dir></dir><dir name="onepage"><dir name="review"><file name="item.phtml" hash="84bf8341e9c44b29ae6513f5dad110ad"/></dir></dir></dir><dir name="customer"><dir name="products"><file name="list.phtml" hash="c175e938d4dbae8eb6ddfdb2d4eec509"/></dir></dir><dir name="email"><dir name="order"><dir name="items"><dir name="creditmemo"><file name="downloadable.phtml" hash="ebd6a92f5b508f72b6d22eb442a67bf2"/></dir><dir name="invoice"><file name="downloadable.phtml" hash="34810cae7ce253df6728eecbee03a61e"/></dir><dir name="order"><file name="downloadable.phtml" hash="5ba9f8d7b02f52bf9ca43fc5fcd5358a"/></dir></dir></dir></dir><dir name="sales"><dir name="order"><dir name="items"><dir name="renderer"><file name="downloadable.phtml" hash="d15d0dea0bd936e3dab938bdd4c6535a"/></dir></dir></dir></dir></dir><dir name="email"><dir name="catalog"><dir name="product"><file name="list.phtml" hash="986134172956e21500b84787f6cec388"/><file name="new.phtml" hash="6bc8123b2f36d8c04e25161598f12fc5"/></dir></dir><dir name="order"><dir name="creditmemo"><file name="items.phtml" hash="98e983e11f6b6ebbd39e22bf22318a4c"/></dir><dir name="invoice"><file name="items.phtml" hash="f9dc307b1f5dfe2df393038735132cf6"/></dir><dir name="items"><dir name="creditmemo"><file name="default.phtml" hash="22495dca6f47504ec716f8a2e3bd7b06"/></dir><dir name="invoice"><file name="default.phtml" hash="22495dca6f47504ec716f8a2e3bd7b06"/></dir><dir name="order"><file name="default.phtml" hash="f555f74e3f801fef35dc2daa766c039c"/></dir><dir name="shipment"><file name="default.phtml" hash="b412da02960836b26352ca5b760039c1"/></dir></dir><file name="items.phtml" hash="39119f6889710ff44370b452d4c99bdb"/><dir name="shipment"><file name="items.phtml" hash="b26c762b51e2ca50a02b542b9c22ddb3"/><file name="track.phtml" hash="5a7dae48bb8550646d47766305037f01"/></dir><dir name="totals"><file name="wrapper.phtml" hash="d57ed586ccb245d528c201e2ebb00e7f"/></dir></dir><dir name="productalert"><file name="price.phtml" hash="677588b65b56b6d4fb72264521b9b841"/><file name="stock.phtml" hash="dd96d2380d74c47d518d398de6982fb1"/></dir></dir><dir name="newsletter"><file name="subscribe.phtml" hash="98ed115e79ca4f156f1e10f67407d1f5"/></dir><dir name="oauth"><dir name="authorize"><dir name="form"><file name="login-simple.phtml" hash="97f6694fb6f2bfe3680653a0b2767767"/></dir></dir></dir><dir name="page"><file name="1column.phtml" hash="df3fcec30378b0a4719aa6c05b3b3d45"/><file name="2columns-left.phtml" hash="b4f3a625ea3d8e901fd3a706a687634d"/><file name="2columns-right.phtml" hash="93ed4b3331134023951d4216762a21e7"/><file name="3columns.phtml" hash="a7a2ad542214b908eb4c4bfa72b45618"/><file name="empty.phtml" hash="8be188d867d5c0fdd76c9f945de9f482"/><dir name="html"><file name="footer.phtml" hash="f51a89f353cbac5dcdff9559770e343c"/><file name="header.phtml" hash="6005e3285a785ef73c728ae0d11b8e49"/><file name="pager.phtml" hash="e2afd8e23e55216508ebb63b8ee79184"/><dir name="topmenu"><file name="renderer.phtml" hash="099f471a68c819813df058501914df6d"/></dir><file name="topmenu.phtml" hash="2f8421c90d403f3cc89f90ad4b1da495"/></dir><file name="popup.phtml" hash="a7f34bdd8a280057296c8f59bd14bd75"/><file name="print.phtml" hash="547d87181e28d46332e395c0728d5284"/><dir name="template"><file name="links.phtml" hash="653c6c543f2b4155b6ab56a3f0fbe2fe"/></dir></dir><dir name="payment"><dir name="form"><file name="cc.phtml" hash="ffda3eaf58016bf2e691356773731c78"/><file name="ccsave.phtml" hash="0efed4f140983c1462cd7812930dbb00"/></dir><dir name="info"><file name="default.phtml" hash="04d4159c072e98a5cbb1451ed6660d3b"/></dir></dir><dir name="paypal"><file name="bml.phtml" hash="ea94f68a523635b97bf5dd05641dad85"/><dir name="express"><dir name="minicart"><file name="shortcut.phtml" hash="2142960dd17e25fad9e6351ef0ee1478"/></dir><dir name="product"><file name="shortcut.phtml" hash="ce1e009b74dc9ca6a85576e469d16584"/></dir><dir name="review"><file name="address.phtml" hash="c56035d8007cb5f84446c8d0cf24a864"/><file name="details.phtml" hash="18909790f28faa286f51912f349b51f3"/><dir name="shipping"><file name="method.phtml" hash="2cd9ba78ee125e4e9f7118915872c0b0"/></dir></dir><file name="review.phtml" hash="898229c6db7c342596b2c4c4e82732e1"/></dir><dir name="partner"><file name="us_logo.phtml" hash="d582c8de45f4f6e4338bcf59ac8dcf05"/></dir></dir><dir name="persistent"><dir name="checkout"><dir name="onepage"><file name="billing.phtml" hash="010e9e29369eebd9416e5b1275a42468"/><file name="login.phtml" hash="cc35ee7b2c4f0ff398a3bc8d6847cc86"/></dir></dir><dir name="customer"><dir name="form"><file name="login.phtml" hash="9d293574433074731be99465b66241c6"/><file name="register.phtml" hash="11d218e8ad865ba65ba7e2b7e980b607"/></dir></dir><dir name="header"><file name="links.phtml" hash="196c7f6d8cb889b189cb68dd72d52254"/></dir><file name="remember_me.phtml" hash="a94253926d306c1894a2ba0c867bcbed"/><file name="remember_me_tooltip.phtml" hash="6cf1da6c19645f765ade807fa68b30de"/></dir><dir name="rating"><file name="detailed.phtml" hash="548e2a79e95eb32781d6c6069bf48ae5"/></dir><dir name="reports"><file name="product_viewed.phtml" hash="9726d711b1082bc6e3838247051d99f9"/><dir name="widget"><dir name="compared"><dir name="column"><file name="compared_default_list.phtml" hash="36937f4de1aa6d5fdc830bc081cf67c4"/><file name="compared_images_list.phtml" hash="75bf29c90737d53284ff45aca7836531"/><file name="compared_names_list.phtml" hash="ef44286a7ba6e20896310fd63dfa06f3"/></dir><dir name="content"><file name="compared_grid.phtml" hash="39df06ea7e8f3660cef8d1f77d1ed80b"/><file name="compared_list.phtml" hash="1008914fb16e5ff8ffae3253044e844a"/></dir></dir><dir name="viewed"><dir name="column"><file name="viewed_default_list.phtml" hash="d50e6206b966a9901226b1d9fd3b04e8"/><file name="viewed_images_list.phtml" hash="01e0a72e62b251cb2daa452872d49333"/><file name="viewed_names_list.phtml" hash="6b28050d242fa1c26afa14f260da97f8"/></dir><dir name="content"><file name="viewed_grid.phtml" hash="e89603e8499b62e4524f56d09a1feae6"/><file name="viewed_list.phtml" hash="d221dc3cbbf9739243395e6e5ac94595"/></dir></dir></dir></dir><dir name="review"><dir name="customer"><file name="view.phtml" hash="ad85c9717a69c8762300e29f311582d5"/></dir><file name="form.phtml" hash="a796965b823303c19c4a8bb600a1f8e4"/><dir name="product"><dir name="view"><file name="list.phtml" hash="7e41b3d49553d67dee807d596b273de4"/></dir></dir><file name="view.phtml" hash="8c6b45c5bb9cbe252238054a9eba5360"/></dir><dir name="sales"><dir name="billing"><dir name="agreement"><file name="view.phtml" hash="d73ba9291aa194de8efe1865ab395ae8"/></dir><file name="agreements.phtml" hash="f6d88ecfca79207abd9b9789d2da5633"/></dir><dir name="order"><dir name="creditmemo"><dir name="items"><dir name="renderer"><file name="default.phtml" hash="346c54f4534913f80136e0a18c9c8e13"/></dir></dir><file name="items.phtml" hash="23d74304e9ee4ef85daf0ad526b9f82b"/></dir><file name="history.phtml" hash="bdea6c7cadc75184a45408fcce33ece8"/><dir name="invoice"><dir name="items"><dir name="renderer"><file name="default.phtml" hash="b266163872b1fecb84dd6461a812db9f"/></dir></dir><file name="items.phtml" hash="e9ac03baecb7a4c111eb5396b793c322"/></dir><dir name="items"><dir name="renderer"><file name="default.phtml" hash="19d2940363708fd69043d32a4a501ced"/></dir></dir><file name="items.phtml" hash="55ed05b16bf49bf3d5c5d5630eec8d12"/><file name="recent.phtml" hash="7501563b57b22b3b65e95f7b0cbe23da"/><dir name="shipment"><file name="items.phtml" hash="d86445644e86272ef16ab8c4d8ea2707"/></dir></dir><dir name="recurring"><file name="grid.phtml" hash="a82651c574e2b7e282d42653fd0c8b21"/><dir name="profile"><file name="view.phtml" hash="60522e84040c4ab7e60cc3db302b22dc"/></dir></dir><dir name="widget"><dir name="guest"><file name="form.phtml" hash="4362cc620cf76097f7f37434921d1daf"/></dir></dir></dir><dir name="sendfriend"><file name="send.phtml" hash="9a8b28708623925ae440c0c07f7a1159"/></dir><dir name="wishlist"><dir name="button"><file name="update.phtml" hash="f592505e415cbcdf2b9ec05a8c4722e4"/></dir><dir name="item"><dir name="column"><file name="cart.phtml" hash="ea48fd63bc29db7f736a8c6acdec96af"/><file name="info.phtml" hash="61f6aff2a766debfa00e5de72b3bb7e3"/><file name="price.phtml" hash="cb52b3c96870eb9e9d078db58c95c900"/><file name="quantity.phtml" hash="b1e6601b988a9eb9ff52f04c45292ca4"/></dir><file name="list.phtml" hash="f27eafc6a13a08728db62d08f7204ed9"/></dir><file name="shared.phtml" hash="59b31b93ed8290e45cae603f36f18e32"/><file name="sidebar.phtml" hash="20c961c05b6a3c83542dd4f8aae0a5b5"/><file name="view.phtml" hash="6e65f49752f33e6313c32b07bee1cb1e"/></dir></dir></dir></dir></dir></target><target name="mageskin"><dir name="frontend"><dir name="rwd"><dir name="default"><dir name="css"><file name="madisonisland-ie8.css" hash="965c41e8830dc52b76eff8ecec4a16b3"/><file name="madisonisland.css" hash="d77d84a3527193463a1c502f32dace63"/><file name="scaffold-forms.css" hash="d2e97b5f51473b094bf569fa2c54bad0"/><file name="styles-ie8.css" hash="c41e900c701e5a1557fd6866c30baa12"/><file name="styles.css" hash="aee82704347f57061af9de5cc6c8a369"/></dir><dir name="images"><file name="ajax-loader.gif" hash="f48ee069890b16455c3ddcacee9b5f75"/><file name="bg_x.png" hash="c321c67f6929326129426c9e83207ea3"/><file name="demo-logo.png" hash="c6f4b110e5379547e71d367479f0f945"/><file name="demo_logo.png" hash="7694461c41abb69ca60c086c69e312cc"/><file name="icon_sprite.png" hash="e15f0103ef5ebe3baf48960bb9ccfaab"/><file name="icon_sprite@2x.png" hash="2e9c31d760a33d9f27951210f8311341"/><file name="logo.gif" hash="5e0912a388db8cd83c062766ac3a5d89"/><file name="logo_email.gif" hash="773ca21465d08684ea7db8bf49d30a36"/><file name="logo_print.gif" hash="5e0912a388db8cd83c062766ac3a5d89"/><dir name="media"><file name="col_left_callout.jpg" hash="5f762006021e046f9bd536f37ea7c463"/><file name="col_right_callout.jpg" hash="dae22f37a542da272a35195ec286ec25"/><file name="homepage_banner_1.jpg" hash="267b2827f3db118d99f7a623ee02ad8f"/><file name="homepage_banner_1@2x.jpg" hash="3baa6702111d6f5f5dd40d96f148fc60"/><file name="homepage_banner_2.jpg" hash="67f70cfb1690b5de6e185769fb55cd28"/><file name="homepage_callout_1.jpg" hash="4b8451e4e99e87b6c60a015f659d32b6"/><file name="homepage_callout_1@2x.jpg" hash="fb5e215f6cb623abf6f0365b5de1541d"/><file name="homepage_callout_2.jpg" hash="057ab6200f6ea05d4a6793969c5edac3"/><file name="homepage_callout_2@2x.jpg" hash="e923c6323d22235876fe61a9c5588c85"/><file name="homepage_callout_3.jpg" hash="b2cf1e73e87b3330df17425044d22f52"/><file name="homepage_callout_3@2x.jpg" hash="8b98dee63a61608b09c26bd60acea65e"/></dir><file name="opc-ajax-loader.gif" hash="f48ee069890b16455c3ddcacee9b5f75"/><file name="social_icons.png" hash="a6d0bdaea0ca0f507bd36628a6ad31a2"/><file name="social_icons@2x.png" hash="531cc696a7b949dbc8121809c1bb4d46"/></dir><dir name="js"><file name="app.js" hash="3ce0f2bf7c7888013e278a0e51f222e5"/><dir name="configurableswatches"><file name="configurable-swatch-prices.js" hash="4d13ea12fdf69832fbd5f8dda60f3b6f"/><file name="product-media.js" hash="af6bac22c9dc14136fdc7ce812ec2feb"/><file name="swatches-list.js" hash="d23baf5076b63c71d8d3e96e303d7571"/><file name="swatches-product.js" hash="1fd081174c8b78557bd0f95698d7044f"/></dir><dir name="lib"><dir name="elevatezoom"><file name="jquery.elevateZoom-3.0.8.min.js" hash="a18ff8649464a0c999f5d063a081da61"/><file name="jquery.elevatezoom.js" hash="76494c5afa372e08d0a8a5f4ba7e58ed"/></dir><file name="enquire.js" hash="c11ca42a1f2bf189d004f9a4f42e3ca2"/><file name="fastclick.js" hash="7f1e1673fa395e43cbdc584c8798541b"/><file name="imagesloaded.js" hash="f70def9bddf45be549ec0575645b8038"/><file name="jquery.cycle2.min.js" hash="24f809434b3e494cc7b98c6c08404b33"/><file name="jquery.cycle2.swipe.min.js" hash="15747fbd45dd1adcaf8f04a2d8a71d68"/><file name="matchMedia.addListener.js" hash="6f47448212550bd3157c4265e3ebf085"/><file name="matchMedia.js" hash="89f369588d629240d6a8d4f8788490c8"/><file name="modernizr.custom.min.js" hash="e508acbc792b5761fe98dc892a1fd952"/><file name="selectivizr.js" hash="8e596ea5ffac3cf3eb53f75a15cdc7eb"/></dir><file name="minicart.js" hash="dc3a5fb30ec84d7ef2a045e0b6869feb"/><file name="msrp_rwd.js" hash="502177837071323efcc1b061c3fb359c"/><file name="opcheckout_rwd.js" hash="609dd969261120edc12019e8acb19713"/><file name="slideshow.js" hash="0d450c0571b6b13c6f1f535aab75128b"/></dir><dir name="scss"><file name="_core.scss" hash="906a7cffa2b03c241c562365a0d08fa0"/><file name="_framework.scss" hash="3cb92d145bc178ac486dab0a7f89c845"/><file name="_var.scss" hash="3c0cf1b84cb2e12a40f66ba4ddb99154"/><file name="config.rb" hash="5f50b4dc5eefbab9e22abdfb80f4d689"/><dir name="content"><file name="_category.scss" hash="583ef5cb950e988c133b9f3e0a6a9916"/><file name="_home.scss" hash="d6d819ded02e0b84aa3b7440eaebd3c7"/></dir><dir name="core"><file name="_common.scss" hash="6f8ed0cdab1e84b7c7eb3267eca92baa"/><file name="_form.scss" hash="9298d66ab4f09e9c1b052f972e8cffd2"/><file name="_reset.scss" hash="e10fdce9a02b1d7ade124075708fef31"/><file name="_table.scss" hash="77f81924b6c7a71c448f1a639c960a11"/></dir><file name="email-inline.scss" hash="1be1c74ae6d1852f57ff6fd4919c5a67"/><file name="email-non-inline.scss" hash="4b0cf21e043ca9887fc6509edb8dde1d"/><dir name="function"><file name="_black.scss" hash="e10de44b696ff22e13f1a60695b2dbfd"/><file name="_white.scss" hash="646f8a153606ee49dd2e066295de5d12"/></dir><dir name="layout"><file name="_footer.scss" hash="029890b10ca1c0fe226cc9b4ae73ccaf"/><file name="_global.scss" hash="6b4a022de1ca80630fa7b6841c36e0b9"/><file name="_header-account.scss" hash="257e8c4c563ce341b2072c10262e4fa4"/><file name="_header-cart.scss" hash="142f0d057e42458b65fd1389a1aa8f2c"/><file name="_header-nav.scss" hash="e299cb37d3cd0b72400c05adcc708039"/><file name="_header-search.scss" hash="eb14d9e3d408072b89fc75b4ae430fde"/><file name="_header.scss" hash="c222b86c64f6bae8f7eb17c8b60faf94"/></dir><file name="madisonisland-ie8.scss" hash="726ce86a8e549ae2a575443a124f98de"/><file name="madisonisland.scss" hash="cebbbd38450eef37f128a6c9fcac0d55"/><dir name="mixin"><file name="_breakpoint.scss" hash="faed8ebe353dc4386a387b371f423834"/><file name="_clearfix.scss" hash="c5bc9f75034dbf7897b25efb0fb0484e"/><file name="_if-resolution.scss" hash="1fa7135f41d4602e7cd28d545ccdf25a"/><file name="_image-replacement.scss" hash="7020fbf5fbda338b60c86d95ff7f7176"/><file name="_loading-overlay.scss" hash="c57e8e2775a2d475047558bc13f8ffc3"/><file name="_menu.scss" hash="ba9ce8e03e0a467fd9fa42918f46ce83"/><file name="_not-selectable.scss" hash="32504f52ec7698d2d61d206377b3cf90"/><file name="_toggle-content.scss" hash="d77b1587d918179dbd74b62447f6837b"/><file name="_triangle.scss" hash="21be7b64008c27c1e01b6239e5022c8f"/><file name="_typography.scss" hash="2f050ccbdb43ae73fe777396b638237a"/></dir><dir name="module"><file name="_account-orders.scss" hash="293c980d4de1fe57b43e2d6409e99540"/><file name="_account-reviews.scss" hash="6ebd23607d9bcf331216f59ff4fb12bc"/><file name="_billing-agreements.scss" hash="67c334dd9fd2cb81b55e121cc3871380"/><file name="_captcha.scss" hash="8b85d4f13c6cd724cc7da006cbd08d4a"/><file name="_catalog-compare.scss" hash="cfe6377c5ee119e0f6867ae38655cf79"/><file name="_catalog-msrp.scss" hash="520ff7d05207c4401b43dcec5011c523"/><file name="_catalog-product.scss" hash="f460f8813875dc65d12552ef93229152"/><file name="_checkout-cart-minicart.scss" hash="f69a2ba625f23812a598b9129e2ca50c"/><file name="_checkout-cart.scss" hash="dedd939651d2bba9bd48cea660fac522"/><file name="_checkout-multi-address.scss" hash="c01e9d610d7382c245549e4674b2f699"/><file name="_checkout-onepage.scss" hash="e256f304486fdba9db03be390da5d694"/><file name="_checkout-success.scss" hash="1472505a93ac91c6a15fff10f8641da3"/><file name="_cms.scss" hash="b77cc6efa28d4143a40825fe2926d65f"/><file name="_configurableswatches.scss" hash="4fbe40f48bee8876e139d5891e0efa1f"/><file name="_contacts.scss" hash="8abe19542fce2b4a3275d1f0f87cbaa9"/><file name="_cookies.scss" hash="0b17ddce789b76ea4400c8b5221fecc7"/><file name="_customer.scss" hash="43a94c1671551b131a3ec871b81fea0c"/><file name="_paypal.scss" hash="400f636fdfd06c6e55c104a4aa7d39da"/><file name="_popular-terms.scss" hash="0ae8fc23d9504bbeabce51ed05f9aa69"/><file name="_pricing_conditions.scss" hash="c85df2720194e267460f6ba312040b88"/><file name="_product-list.scss" hash="dea9f90a619fa13e248ba3629fc4a9a6"/><file name="_recurring-profiles.scss" hash="0f9e84245fe6ddeaf10333e5ee3f259b"/><file name="_review.scss" hash="c6490833602f5ec9e9a351bb360fb7ab"/><file name="_search.scss" hash="3b01e69f5629cfbd1a1db1165d1daf7c"/><file name="_slideshow.scss" hash="fef56455471076cff90923f5288d5c4e"/><file name="_tags.scss" hash="19362180cf177e8c423965ed6a28945b"/><file name="_widget.scss" hash="ce115e226c4e33a73a976a4a2b1a78f2"/><file name="_wishlist.scss" hash="5fa9ea34b116ed6ec843cf3053c706f3"/></dir><dir name="override"><file name="_plugin.scss" hash="1526ff50255380d8ccd09e5c18abb3e5"/></dir><file name="scaffold-forms.scss" hash="bcf97a99e6b64ff60a1a47a68053b3ea"/><file name="styles-ie8.scss" hash="50d49b08f1e77392aae3dad1cd3634dc"/><file name="styles.scss" hash="d2fc153728136ebf5411455c681c9249"/><dir name="vendor"><file name="_normalize.scss" hash="d9edffd350bd218571fd141a9c658d29"/></dir><file name=".htaccess" hash="72617d60821288133a367f70bf39ad93"/></dir></dir></dir></dir></target></contents>
    <compatible/>
    <dependencies><required><php><min>5.2.0</min><max>6.0.0</max></php><package><name>Mage_Core_Modules</name><channel>community</channel><min>1.9.3.9</min><max>1.9.3.9</max></package></required></dependencies>
</package>
