<?xml version="1.0"?>
<package>
    <name>Interface_Frontend_Base_Default</name>
    <version>1.9.2.2</version>
    <stability>stable</stability>
    <license uri="http://opensource.org/licenses/afl-3.0.php">AFL v3.0</license>
    <channel>community</channel>
    <extends/>
    <summary>This is a Magento themes base</summary>
    <description>This is a Magento themes base</description>
    <notes>1.9.2.2</notes>
    <authors><author><name>Magento Core Team</name><user>core</user><email>core@magentocommerce.com</email></author></authors>
    <date>2015-10-27</date>
    <time>13:46:52</time>
    <contents><target name="magedesign"><dir name="frontend"><dir name="base"><dir name="default"><dir name="etc"><file name="theme.xml" hash="cb15d7d843605505e5d58557f789b5b5"/><file name="widget.xml" hash="7c90d742393ad24b83c8984e45c9afb2"/></dir><dir name="layout"><file name="authorizenet.xml" hash="9b43ec1a3ab7e51226ec20fc9471cc0f"/><file name="bml.xml" hash="7308daeb41b482df29491a7d52fb8471"/><file name="bundle.xml" hash="4108c1c75f2eec7c53ff8a38e4f383a8"/><file name="captcha.xml" hash="18d5e650991b3f7c0822600a797a2835"/><file name="catalog.xml" hash="9c383975a47cde57dda70c55b73f16b2"/><file name="catalog_msrp.xml" hash="4aa0b4f0733b261c49a03ee86f8748b0"/><file name="cataloginventory.xml" hash="69fe52378a85805a0952a2b1908f2828"/><file name="catalogsearch.xml" hash="e34de289421b1a456b396402f704ff84"/><file name="checkout.xml" hash="1b37f8dc6e0a56f778e0414209e1f7c3"/><file name="cms.xml" hash="a5af520b4a47b8548bcf168fd09165e0"/><file name="contacts.xml" hash="4378fcbf196ab46e7446b6bc6a891dae"/><file name="core.xml" hash="74712a169176f8f505d21fae0b748afb"/><file name="customer.xml" hash="ba2a0564b51b29d874dab3af8dc784c4"/><file name="directory.xml" hash="55f934d2f1f17b3ddb1b3d659d391b86"/><file name="downloadable.xml" hash="d63b8d0085ea27f984615635a2eec1a2"/><file name="googleanalytics.xml" hash="6a771dc81c58491423e48c32522c32f9"/><file name="newsletter.xml" hash="8135d4342f613c00f10079abd441ff2f"/><file name="oauth.xml" hash="101bd169a40bdbbd4e86edbef3845d50"/><file name="page.xml" hash="d35964dd5907509bf614a040d28f9394"/><file name="pagecache.xml" hash="4f5af67cd7dc741262893975cdb7c975"/><file name="payment.xml" hash="6d1b1ef0e334ddd06ae081bc52d0fec6"/><file name="paypal.xml" hash="be2296e47120c1ee987d64fabc161575"/><file name="paypaluk.xml" hash="848d95046abc769a76454863bd6be355"/><file name="persistent.xml" hash="630f737bb39a9373b9d88e352edb76bc"/><file name="poll.xml" hash="fc1b9888131c2ca7fe3d979e32195ff9"/><file name="productalert.xml" hash="5f3358b7d00c9e3c16e1dab9e95c0a4e"/><file name="reports.xml" hash="e6cf7af18c38dcc5ab289b2a21697228"/><file name="review.xml" hash="6891b15e9bd9806c57bd37cf98902c75"/><file name="rss.xml" hash="ee5b7b8665b6281551180f6dae293a3e"/><dir name="sales"><file name="billing_agreement.xml" hash="3bb6b8cabd82076aa81da485354e7504"/><file name="recurring_profile.xml" hash="07c5cf1f6e252585ff148592ac64d799"/></dir><file name="sales.xml" hash="d0ce0e5135d7e5cadee565a0ea6a5791"/><file name="sendfriend.xml" hash="751c3ddfbe0d1192b534f573faaebf1d"/><file name="shipping.xml" hash="bc25e5d870c8f42fffd320d024c29cfc"/><file name="tag.xml" hash="507cf1830b70d4aa4ba548e14f50e962"/><file name="weee.xml" hash="a7a825ac307f4746a25ed3194280a191"/><file name="wishlist.xml" hash="bac8a033ab79991f97f4b12bf273dbf8"/></dir><dir name="template"><dir name="authorizenet"><dir name="directpost"><file name="form.phtml" hash="675af0fc77da432302d993cba713e42c"/><file name="iframe.phtml" hash="cad12e7af9070ad97b7a0d3a8cb3f46e"/><file name="info.phtml" hash="3b505c2281b44a95a9416ec948d48c19"/></dir></dir><dir name="bundle"><dir name="catalog"><dir name="product"><dir name="list"><file name="partof.phtml" hash="c312478997aa130687ba6d99cbdecd04"/></dir><file name="price.phtml" hash="536bba9dfc772347f912289891e028a5"/><dir name="view"><file name="option_tierprices.phtml" hash="e23de273f835bcdeb5106dfe912c33d0"/><dir name="options"><file name="notice.phtml" hash="3aaa7da292ce864f257bc8951d04bb1d"/></dir><file name="price.phtml" hash="1f300b0114243160082f039cc18cb831"/><file name="tierprices.phtml" hash="0d6822783c1c193155855206772a76c2"/><dir name="type"><dir name="bundle"><dir name="option"><file name="checkbox.phtml" hash="cf7c70e1c6f95266d527a75fbfb4d3d2"/><file name="multi.phtml" hash="14ae0a03d33d4cf96921f63c3b8b80ad"/><file name="radio.phtml" hash="3f6efd84f38e6daf926d38026e4c6fc8"/><file name="select.phtml" hash="75c096977c2573c8e0f7f8ffe8e3a825"/></dir><file name="options.phtml" hash="fcf0d2312cb6409c9fe87331e8ed812a"/></dir><file name="bundle.phtml" hash="699cf212a5845991d218c290605057ce"/></dir></dir></dir></dir><dir name="email"><dir name="order"><dir name="items"><dir name="creditmemo"><file name="default.phtml" hash="0ebd275d9fd1250369cb296642329aef"/></dir><dir name="invoice"><file name="default.phtml" hash="35a47799faad39f930bdcab1f7bddd20"/></dir><dir name="order"><file name="default.phtml" hash="abd062ff9789076c430c975db2c13ee5"/></dir><dir name="shipment"><file name="default.phtml" hash="91a551c533f425c37b150db126ffc3b9"/></dir></dir></dir></dir><dir name="rss"><dir name="catalog"><dir name="product"><file name="price.phtml" hash="3acc1f7d981e2d69f517577734cef48a"/></dir></dir></dir><dir name="sales"><dir name="order"><dir name="creditmemo"><dir name="items"><file name="renderer.phtml" hash="9cab5ff8ee6f397be3fea1bb8b1f6dfb"/></dir></dir><dir name="invoice"><dir name="items"><file name="renderer.phtml" hash="2667129b9522036ba54c6e679f863852"/></dir></dir><dir name="items"><file name="renderer.phtml" hash="b2371c4f222823db77dcebde9ef3736e"/></dir><dir name="shipment"><dir name="items"><file name="renderer.phtml" hash="84efc62c4e7965f45806be8095bb80e9"/></dir></dir></dir></dir></dir><dir name="callouts"><file name="left_col.phtml" hash="e42166f6dd76cc2eb76b8aef287784a2"/><file name="right_col.phtml" hash="e42166f6dd76cc2eb76b8aef287784a2"/></dir><dir name="captcha"><file name="zend.phtml" hash="9310fbe6eaa858ebdb5308b49f6b845e"/></dir><dir name="catalog"><dir name="category"><file name="page.phtml" hash="bb6f57c1300ff8cce698944a20693158"/><file name="view.phtml" hash="b393612d0c0a8c91310e3e09f6f82d37"/><dir name="widget"><dir name="link"><file name="link_block.phtml" hash="97f1fb1fb08eedf72bbad2cc21a4e368"/><file name="link_inline.phtml" hash="b1be1359eac9a775e241228e9edad6ff"/></dir></dir></dir><dir name="layer"><file name="filter.phtml" hash="db3ab7d6d6ff60f738f83d8e39b5e573"/><file name="state.phtml" hash="cb4e1a9e019ef2d20bec4692f3732109"/><file name="view.phtml" hash="257a34a5feaa047a22a9324e1c584564"/></dir><dir name="msrp"><file name="popup.phtml" hash="637ecaadbb9e758942c29a41b4a3ddc2"/></dir><dir name="navigation"><file name="left.phtml" hash="9febc1ddff257023ef568ed3f0e76b67"/><file name="top.phtml" hash="9c866ce66ddb423ac85ddc32ae2a2c7b"/></dir><dir name="product"><dir name="compare"><file name="list.phtml" hash="f8ef7699f3877698e860396374f29283"/><file name="sidebar.phtml" hash="96f251935c99c6ed2c2b4ad0796669b6"/></dir><file name="gallery.phtml" hash="684ddad4304e9c757992b9724ab34376"/><dir name="list"><file name="related.phtml" hash="fcb657d4a97625c324471d92f9de5f42"/><file name="toolbar.phtml" hash="49808497f7b604b2e25135bb93915b3d"/><file name="upsell.phtml" hash="bc067353d480fa960f04e656045a06b3"/></dir><file name="list.phtml" hash="607f1fdfcd12ff8da05e656a6383158c"/><file name="new.phtml" hash="819203ab84c283e542ebec79d9427dcc"/><file name="price.phtml" hash="55795fbb6f2b62ddb4b4e4926400b3f2"/><file name="price_msrp.phtml" hash="6e5c5f54444a50c733dc880155e616b5"/><file name="price_msrp_item.phtml" hash="9b458ae2ae9bd0ebdf29064047d26e7c"/><file name="price_msrp_noform.phtml" hash="73c40737abcadff3d1a4abd64ef51886"/><file name="price_msrp_rss.phtml" hash="8ebdef3f6de012eb03ec92344dbe0cf8"/><dir name="view"><file name="additional.phtml" hash="527ae1a664b1906d8c01956cf640dff3"/><file name="addto.phtml" hash="f895117d77add30fe6103536da6176d2"/><file name="addtocart.phtml" hash="ff31f4b455c68fb43f9f4294233cadad"/><file name="attributes.phtml" hash="58872c8a2970492dce4e17d6581efcd5"/><file name="description.phtml" hash="7f21f35fcf81ac91d99940a7062e3dcd"/><file name="media.phtml" hash="66ffe5b5a9c6463607297025a754f720"/><dir name="options"><file name="js.phtml" hash="8b1b18f53ad027dd1c3e872ef28b18dd"/><dir name="type"><file name="date.phtml" hash="f11c4d1d7c0605cd597f43e73b511e04"/><file name="default.phtml" hash="bfda656d7ac7ab4966143d2ad25439d0"/><file name="file.phtml" hash="8f59cdb546924d4ce68baf49a622e493"/><file name="select.phtml" hash="df3d0d15468a1d13407f255fd9497891"/><file name="text.phtml" hash="12caeff494da87a6c878cc9f3c5fe60a"/></dir><dir name="wrapper"><file name="bottom.phtml" hash="952d89bec89ed906cdbae021441560cb"/></dir><file name="wrapper.phtml" hash="b7a4a0933767d62a0fd69adc14b796ad"/></dir><file name="options.phtml" hash="d47affa574c4dcf8bc94739c85af3b96"/><file name="price.phtml" hash="d5ad760d4eb36bbfe599a7d46f2c1932"/><file name="price_clone.phtml" hash="15bb70ea6bced116ec6af906167f80b9"/><file name="tierprices.phtml" hash="88aac101bafa81fc161ed7af0af09652"/><dir name="type"><file name="configurable.phtml" hash="21c103b5067d5d689e1e3a19063b0ecb"/><file name="default.phtml" hash="919aca6f31f11d41e32eea62ea74cfaf"/><file name="grouped.phtml" hash="51fe9e447eecca458ba1dfa28ca99e21"/><dir name="options"><file name="configurable.phtml" hash="4667c89a042cc4821e8e205cc9abc122"/></dir><file name="simple.phtml" hash="21c103b5067d5d689e1e3a19063b0ecb"/><file name="virtual.phtml" hash="21c103b5067d5d689e1e3a19063b0ecb"/></dir></dir><file name="view.phtml" hash="a54536536c9d7f28a409ac48c555daad"/><dir name="widget"><dir name="link"><file name="link_block.phtml" hash="875e1b2076f72b939479e4da2a1687af"/><file name="link_inline.phtml" hash="88a34290644cd7534b88f58543f8a9c4"/></dir><dir name="new"><dir name="column"><file name="new_default_list.phtml" hash="94b34bb7203939697bc3aef1fe115556"/><file name="new_images_list.phtml" hash="c94b6517478eb33cb97b56930461d1a0"/><file name="new_names_list.phtml" hash="b79d1c340a030b2b30f722254fe1dbf8"/></dir><dir name="content"><file name="new_grid.phtml" hash="91695ccfd0e874c5a91f528c55195f8b"/><file name="new_list.phtml" hash="c3d16a1d30c1b1c7edd7290978812d93"/></dir></dir></dir></dir><dir name="rss"><dir name="product"><file name="price.phtml" hash="9d5064b78181f548219e841bf8f4f735"/></dir></dir><dir name="seo"><dir name="sitemap"><file name="container.phtml" hash="e0af060eed2cc92b8d198e2fde58d303"/></dir><file name="sitemap.phtml" hash="35948de2346cd34e99159f73e4eb802c"/><file name="tree.phtml" hash="ec525bd86bbe2770bc4f597454a98405"/></dir></dir><dir name="cataloginventory"><file name="qtyincrements.phtml" hash="893622cc441e708bb78588710d207ce1"/><dir name="stockqty"><file name="composite.phtml" hash="6155f58739a49b624211a104f8df668b"/><file name="default.phtml" hash="7369ccc7c5a23a9b12df16b0a002e77a"/></dir></dir><dir name="catalogsearch"><dir name="advanced"><file name="form.phtml" hash="f0a38a6783df0575fa6a32318a4f5f1a"/><file name="result.phtml" hash="82a3e85fd8b51646b46f8d318d68b237"/></dir><file name="form.mini.phtml" hash="062d1ee3f16c7ea32bffbdc221c4da42"/><file name="result.phtml" hash="7a0a3527c13c08a904775c61557d4cfd"/><file name="term.phtml" hash="bbe7ccd2fe827ea0c48bc2a445b3320a"/></dir><dir name="checkout"><dir name="cart"><file name="coupon.phtml" hash="5f57f8e204cf512f13f31a4fd7ba8746"/><file name="crosssell.phtml" hash="bcf5a9f6e03ceacdb3b8d6d32ad477e0"/><dir name="item"><dir name="configure"><file name="updatecart.phtml" hash="9fd551e8c1aac1cf1d16dc9e6617cead"/></dir><file name="default.phtml" hash="b1abf940587301a0fef07d2170262146"/></dir><file name="noItems.phtml" hash="a92becd716cec4ad2148bfb742855fee"/><dir name="render"><file name="default.phtml" hash="874241920aca94033deafea7c0707f24"/><file name="simple.phtml" hash="53e4229e1a7a00650d69272dd190b4e4"/></dir><file name="shipping.phtml" hash="c4fd1e94c902160d9614dabdd591adee"/><dir name="sidebar"><file name="default.phtml" hash="317f41c1259a37e576827ead92683945"/></dir><file name="sidebar.phtml" hash="1324c07adc3ceb719e910add0e613e18"/><file name="totals.phtml" hash="a9dc915f0c1a06c688a4a0e2548a359d"/></dir><file name="cart.phtml" hash="2064cbd4632d32289921b29c3e8674eb"/><dir name="multishipping"><dir name="address"><file name="select.phtml" hash="46376246810847477fa57ff0791b4579"/></dir><file name="addresses.phtml" hash="a5d65753e641bd11f0b45c68f5f22546"/><file name="agreements.phtml" hash="1b2de056cfca34aa9983e34eb740fe66"/><dir name="billing"><file name="items.phtml" hash="5dca82a962d278cf78c085854cebf10f"/></dir><file name="billing.phtml" hash="81d255a69c01e46b968b1444253bb0ab"/><dir name="item"><file name="default.phtml" hash="b4a553382bc807ff150b8e4481967dbd"/></dir><file name="link.phtml" hash="b09d873e654563e76455def17c263cb3"/><dir name="overview"><file name="item.phtml" hash="101c09142f53bb41ca582b12ae73e729"/></dir><file name="overview.phtml" hash="e82ca51e60ef7ef8f7870495e2239d14"/><file name="shipping.phtml" hash="0d0304e6f1a83bbbc637a6e4476b6e1d"/><file name="state.phtml" hash="6667bd9bb5b18ee7895c542f71324c4a"/><file name="success.phtml" hash="198baad8d7b9a31af7f0a81fb4388c93"/></dir><dir name="onepage"><file name="agreements.phtml" hash="fd159b75e3886a8c1211dc082f6038a9"/><file name="billing.phtml" hash="5f955d2d5aa91620fe4cbac3a798575e"/><file name="failure.phtml" hash="1479ba21592e4872ebb6b84ab63e55c3"/><file name="link.phtml" hash="c8e11b2f9699d95754533144e802a1da"/><file name="login.phtml" hash="4df4b62a55137e6ac3a2e6bbdf02883b"/><dir name="payment"><file name="info.phtml" hash="26bb640843ee3fb6e72b4f2739f0a111"/><file name="methods.phtml" hash="8f877bd055dc782c60fb4972c603115d"/></dir><file name="payment.phtml" hash="1dbcbfd24e0166b212514926e1953629"/><dir name="progress"><file name="billing.phtml" hash="c06e12741addacd560a19ccd7ca905ba"/><file name="payment.phtml" hash="9721d97eeba66f9a770fef5e5611e1d3"/><file name="shipping.phtml" hash="da10e274a474b9077991ccd73b438107"/><file name="shipping_method.phtml" hash="da72538919498704eb7c843702daface"/></dir><file name="progress.phtml" hash="c94a75e0c3a07cef70f8509a8f76d230"/><dir name="review"><file name="button.phtml" hash="aa355d166b5e2ef41a530cd38ad7bfa1"/><file name="info.phtml" hash="dbd0bfb07cb05938aea57a2d81ad4d46"/><file name="item.phtml" hash="6d3fd9e7e0fe9e83c2e9b17d683ce741"/><file name="totals.phtml" hash="eb054bae49687e421d0d7a99ad1395e1"/></dir><file name="review.phtml" hash="d2494b8faac5833e747a5d329ee4fab7"/><file name="shipping.phtml" hash="b3f76dbbec793a164adbf4a8049c15b2"/><dir name="shipping_method"><file name="additional.phtml" hash="5b40c047594e6bc64493bd0c9f070606"/><file name="available.phtml" hash="38c7b5af800735a273ed4300f6259700"/></dir><file name="shipping_method.phtml" hash="f709b5ab2b82acfea0379814ef0a0f8d"/></dir><file name="onepage.phtml" hash="2ab0d7efcfaa12666945c6fb6683634d"/><file name="success.phtml" hash="7bd2f09c084aaf5940ff1473eedfe259"/><dir name="total"><file name="default.phtml" hash="f14f728417f7d3e4469c22ac396d2996"/><file name="nominal.phtml" hash="201f568085d2381ce24372f31d135c3c"/><file name="tax.phtml" hash="caf415127cdb983c4db20cdaaa5d62db"/></dir></dir><dir name="cms"><file name="content.phtml" hash="047502566c3fe8b4f93d043e7c6ca7b5"/><file name="content_heading.phtml" hash="038b25f957a664940b6c44053041912c"/><dir name="default"><file name="home.phtml" hash="11c840f59024821bc16d609aaf84655b"/><file name="no-route.phtml" hash="7f730281d216fb8e2b9cf1c613a58482"/></dir><file name="meta.phtml" hash="5995926c3ef19c539fdcf766ee8b125a"/><dir name="widget"><dir name="link"><file name="link_block.phtml" hash="fd98755f4354dcd5caef0b6e4c2a275c"/><file name="link_inline.phtml" hash="5d1b2f86bd10253d61347ac8b70fa363"/></dir><dir name="static_block"><file name="default.phtml" hash="b1d683caf67a2fe3e3a518e540ab0f8e"/></dir></dir></dir><dir name="contacts"><file name="form.phtml" hash="9c26788fba79068771527a3b55d26764"/></dir><dir name="core"><file name="formkey.phtml" hash="b483e152453aea655abd6b32e6cea51c"/><file name="link.phtml" hash="cd0b34977d0610129733714da63e5b3a"/><file name="messages.phtml" hash="a1270fef9dc17d55ef3355e53aadd49d"/></dir><dir name="customer"><dir name="account"><dir name="dashboard"><file name="address.phtml" hash="48474f750c4d06249e33a45cb3594f69"/><file name="hello.phtml" hash="75ba03f927822df90452471acfbc6d44"/><file name="info.phtml" hash="a769d17cf054553e62de61576e8fad6b"/><file name="newsletter.phtml" hash="9660207d1e1edb0a5aaf406c774c8f79"/></dir><file name="dashboard.phtml" hash="d193fd711052be429ca1399181a02b49"/><dir name="link"><file name="back.phtml" hash="1bc59121d95399210fd9605194a75504"/></dir><file name="navigation.phtml" hash="eecaabce0bad80bebb96f4328b9cadbb"/></dir><dir name="address"><file name="book.phtml" hash="8e397b723e33925e84c172787f96cf7f"/><file name="edit.phtml" hash="bca8070bd437884fe5fb287f3ac0f218"/></dir><file name="address.phtml" hash="d796424be4a5f0b78aa6fbb812dc54da"/><file name="balance.phtml" hash="64ee629de88f7c62810811aef91ff3a3"/><dir name="form"><file name="address.phtml" hash="e779470b565b5672804da05ecbfd34c7"/><file name="changepassword.phtml" hash="18081c977c4b609e549e2457ea721e17"/><file name="confirmation.phtml" hash="41d6d54c2479fc05fa543d4da95f14fd"/><file name="edit.phtml" hash="1480fe9d00458c52188f59a011f08a6e"/><file name="forgotpassword.phtml" hash="a8f674ce438eca25f73212582869305b"/><file name="login.phtml" hash="089374498c798ec477d913eca5cccf09"/><file name="mini.login.phtml" hash="af0ae17cb6f5cbe8f9fe4f047960ccd4"/><file name="newsletter.phtml" hash="9609611108727eb0da3caa1fc55ebe73"/><file name="register.phtml" hash="7e7d425d185e07a9e25a7451368050f8"/><file name="resetforgottenpassword.phtml" hash="896fa7b88195805fd983c4fe3962302e"/></dir><file name="logout.phtml" hash="d722f44c13c93d5c7e7e8e661a8b25b2"/><file name="orders.phtml" hash="fee18b4c642a6872d85e230b1cf6aa2d"/><dir name="widget"><file name="dob.phtml" hash="d26bb6bdf6255a546bc0d0feadd07c5b"/><file name="gender.phtml" hash="e1c1e84526e0d828138d691fea66a69f"/><file name="name.phtml" hash="cdfd22c844178bd844268bc24711fd9f"/><file name="taxvat.phtml" hash="38a30e3597d82df1312eb5d96b7f60c1"/></dir><file name="wishlist.phtml" hash="1a7b837a1e0bca3ea52f3e045cc1d4d8"/></dir><dir name="directory"><dir name="currency"><file name="switch.phtml" hash="ad9d5270ecf99d4317c39f150cfee178"/></dir><file name="currency.phtml" hash="fe855e48d16739f02a8619f2ff0e1786"/><dir name="js"><file name="optional_zip_countries.phtml" hash="98beaa8fcc825322bdb658040a74c53b"/></dir></dir><dir name="downloadable"><dir name="catalog"><dir name="product"><file name="links.phtml" hash="3cc2aa5af9a3ef0599dbdb6a432067c0"/><file name="samples.phtml" hash="f3fcb6acf13d9494f6e03fb9c43ca789"/><file name="type.phtml" hash="2cd550caa6ad4fa8ad5a85fe866c85cd"/></dir></dir><dir name="checkout"><dir name="cart"><dir name="item"><file name="default.phtml" hash="df68bf59d6c309e740fc5d2c20529239"/></dir></dir><dir name="multishipping"><dir name="item"><file name="downloadable.phtml" hash="da30307e4094015c6bb0636743b0bef1"/></dir></dir><dir name="onepage"><dir name="review"><file name="item.phtml" hash="afa9337e189779fa488a16596f0613c9"/></dir></dir><file name="success.phtml" hash="8dcd2684f45ebe6a1c0c5721b4fde0d8"/></dir><dir name="customer"><dir name="products"><file name="list.phtml" hash="bd641989c4f15ffba6979e5543077fb6"/></dir></dir><dir name="email"><dir name="order"><dir name="items"><dir name="creditmemo"><file name="downloadable.phtml" hash="8fcb56ba5ed072b66df774fc3ee3b3ad"/></dir><dir name="invoice"><file name="downloadable.phtml" hash="18d8e386380612810de9b0ed58b94e55"/></dir><dir name="order"><file name="downloadable.phtml" hash="c284ffaf47aa57aa16d8c2300bcf5781"/></dir></dir></dir></dir><dir name="sales"><dir name="order"><dir name="creditmemo"><dir name="items"><dir name="renderer"><file name="downloadable.phtml" hash="3919ec62cf0503ac47e29c63a50ffa43"/></dir></dir></dir><dir name="invoice"><dir name="items"><dir name="renderer"><file name="downloadable.phtml" hash="c0154d4a0b457d0b0653cfad202de903"/></dir></dir></dir><dir name="items"><dir name="renderer"><file name="downloadable.phtml" hash="3fcd2acdf626890f1f3728a0302a9834"/></dir></dir></dir></dir></dir><dir name="email"><dir name="order"><dir name="creditmemo"><file name="items.phtml" hash="6b8f9fd9d90516f905e77ae4d67079db"/></dir><dir name="invoice"><file name="items.phtml" hash="2015671f2b0783f31eb4c9cf23d298f0"/></dir><dir name="items"><dir name="creditmemo"><file name="default.phtml" hash="301bb568dd49d23e64b4e27f37ed83b0"/></dir><dir name="invoice"><file name="default.phtml" hash="301bb568dd49d23e64b4e27f37ed83b0"/></dir><dir name="order"><file name="default.phtml" hash="0733cfb5bb20dab48aea5bf9d0b9d3dc"/></dir><dir name="shipment"><file name="default.phtml" hash="2a9f70fb9930544e088dd1c46fb88555"/></dir></dir><file name="items.phtml" hash="30ccc7a37a1a1785f64f1d5adc757bdc"/><dir name="shipment"><file name="items.phtml" hash="30dfb58464adf8b1375f418ca50612ba"/><file name="track.phtml" hash="c511504e3fc306b2b789b394bdbe456f"/></dir></dir><dir name="productalert"><file name="price.phtml" hash="ab302e6de3cbbcebd15af1c4379465b8"/><file name="stock.phtml" hash="40ace473d1befa8c414eab76e528c179"/></dir></dir><dir name="giftmessage"><file name="inline.phtml" hash="efdd071094ec99f5eeca9937bf27b146"/></dir><dir name="googleanalytics"><file name="ga.phtml" hash="7256ba2ae247ee4c903830be0244ca89"/></dir><dir name="newsletter"><file name="subscribe.phtml" hash="a3599cb0ebdf93e01c26af390c745409"/></dir><dir name="oauth"><dir name="authorize"><file name="button-simple.phtml" hash="c912f262fb0a5b772ea65019abfbba85"/><file name="button.phtml" hash="b4dd099c7dddb6df029dcfaf3d821e74"/><file name="confirm-simple.phtml" hash="a9d444ade84c4ca75f268b9f7a05a67e"/><file name="confirm.phtml" hash="0a08da9c67864936218aab98ddb0aabd"/><dir name="form"><file name="login-simple.phtml" hash="c7423dee573dcef917c9b59a592f2dbb"/><file name="login.phtml" hash="0465f09d1089ec96a3d0175508d81105"/></dir><file name="head-simple.phtml" hash="b190bfd39d2bb2e9b3c2c8dc0df24cfe"/><file name="reject-simple.phtml" hash="97cc65037d339995c492056c746a8018"/><file name="reject.phtml" hash="8e2cbeb15837570bfb42bbca434e6d94"/></dir><dir name="customer"><dir name="token"><file name="list.phtml" hash="d2bc0e29bdf2263728fbecf94c961449"/></dir></dir></dir><dir name="page"><file name="1column.phtml" hash="c6219fae7d5f414d9fb0a1ba856584d8"/><file name="2columns-left.phtml" hash="e22f4f8f009092ce042ba8ab752db82b"/><file name="2columns-right.phtml" hash="944445f22d58cd0689c4c2a992bb7f17"/><file name="3columns.phtml" hash="7aa8d11250007bb56d579a48858eb1b1"/><file name="empty.phtml" hash="b9e97e4579f3e212dccdd3f8f8032057"/><dir name="html"><file name="breadcrumbs.phtml" hash="abed58278fe993d00c697ce965fa79d3"/><file name="cookienotice.phtml" hash="52209b72e23b4db7b618face13b9bec6"/><file name="footer.phtml" hash="a85920178318e9d788f5802389c963e6"/><file name="head.phtml" hash="f8efa3eb87fbd40e60d758374c006368"/><file name="header.phtml" hash="084da06182c80432294fcd56228910e3"/><file name="notices.phtml" hash="98c290beab42ced33cf24b0ab060ed6d"/><file name="pager.phtml" hash="3fc0b7538a2ae3a3b40c226877ea2b17"/><file name="top.links.phtml" hash="1f2514e5b87c3bf6a677a5b48b37b696"/><file name="topmenu.phtml" hash="53ae5d2eaae7a7b40040e5816571dabf"/><file name="wrapper.phtml" hash="a5f22a8791fe43f4e131a77b524ec395"/></dir><dir name="js"><file name="calendar.phtml" hash="c8758318d8db21932436ccd32559da53"/><file name="cookie.phtml" hash="f9dbac9572cdb4679d515cc5e409c5aa"/></dir><file name="popup.phtml" hash="40b0611964124786557529cf1bbdb8e8"/><file name="print.phtml" hash="872e595bdb4472b8aaad0c8bd6c02b80"/><file name="redirect.phtml" hash="d8d4c798d7c4a39b0dc791413f761a77"/><dir name="switch"><file name="flags.phtml" hash="f9772b018b3bc21ffb53fbeb482faf7c"/><file name="languages.phtml" hash="096e89825eaa3ac0ef1edd17d603fb4c"/><file name="stores.phtml" hash="84b7cb6a64c1efd3e13ef01974951fc5"/></dir><dir name="template"><file name="container.phtml" hash="57e4e285221afc02cd6262920bad8638"/><file name="links.phtml" hash="24d8014ab0335abeba6d8cdcb2e3f9c1"/><file name="linksblock.phtml" hash="f4e8028923e0b370b31cf4f4ad65ce93"/></dir></dir><dir name="pagecache"><file name="cookie.phtml" hash="faa2b8867ce2af8e652e6fc659ae9da2"/></dir><dir name="paygate"><dir name="form"><file name="cc.phtml" hash="c5a9eddade3b3ebf82d550a291fa518e"/></dir><dir name="info"><file name="cc.phtml" hash="63064f2ac4d856a3926da7bcc1b66902"/></dir></dir><dir name="payment"><dir name="catalog"><dir name="product"><dir name="view"><dir name="profile"><file name="options.phtml" hash="b0567be2497e1e49202d0efe4b42c36d"/><file name="schedule.phtml" hash="e4a6dbe9361aa0d5b7c34675bd5555ec"/></dir></dir></dir></dir><dir name="form"><file name="banktransfer.phtml" hash="13dac89396ee15234944727abc54a4ca"/><file name="cashondelivery.phtml" hash="d6d9a34353c06df206f030e6f089b46c"/><file name="cc.phtml" hash="f912496e69f09380d69fcb415b203f6e"/><file name="ccsave.phtml" hash="3942fb97026a167b21e7781353968f06"/><file name="checkmo.phtml" hash="475a68d5c6bb4440f80be7d7522d452c"/><file name="purchaseorder.phtml" hash="d039229d0ef10e00b87ac44a8d687156"/></dir><dir name="info"><file name="banktransfer.phtml" hash="8c023d3d83cdd246e44662db5a2a1658"/><file name="checkmo.phtml" hash="939b9abf501b5abe296e314e95ecfeba"/><file name="default.phtml" hash="b60c813ebcc41abe40fcdce2fca1ea95"/><file name="purchaseorder.phtml" hash="43e6a9a75b6c04cc1087006e330f3066"/></dir></dir><dir name="paypal"><file name="bml.phtml" hash="8cd5b2a279fa6eab4b863bcb48441df0"/><dir name="express"><dir name="review"><file name="details.phtml" hash="5bf8dfc321932ffc3a32fcbe4dea2630"/><dir name="shipping"><file name="method.phtml" hash="fe617b23edb958508076b885091429ff"/></dir></dir><file name="review.phtml" hash="289493af5a2612f796b635740caea18d"/><file name="shortcut.phtml" hash="612db88906e00b82e6994b3bf11af3eb"/></dir><dir name="hss"><file name="form.phtml" hash="4dd1c4d63c88c326464059a2ba6833b1"/><file name="iframe.phtml" hash="f80f5c97933a541f10bff51fb9a2556f"/><file name="info.phtml" hash="8ee1a1cd5be756754ff0a3919651f156"/><file name="js.phtml" hash="afb50ce2acdfd3606056b5572e8e40d7"/><file name="redirect.phtml" hash="6a841311df6620bb4083a29e9799fd0e"/><dir name="review"><file name="button.phtml" hash="4ebb24ca6314327727838685de94f014"/></dir></dir><dir name="partner"><file name="logo.phtml" hash="ef1c4cd388f2d3015aa075c801f641df"/><file name="us_logo.phtml" hash="a293aa285ab156e56fc40a4c6e9badec"/></dir><dir name="payflowadvanced"><file name="iframe.phtml" hash="8a0618b30b8fe145a4b70fce0862c6fe"/><file name="info.phtml" hash="bbea0b3e617bcb1f99bc52da4f48dd60"/><file name="redirect.phtml" hash="df9a4cf4ea565409be6ce0abfa27a7ac"/></dir><dir name="payflowlink"><file name="iframe.phtml" hash="b7334fc968ad26635c954bc4646b901a"/><file name="info.phtml" hash="9d7d65ff0f4e81ca029a297b65cf53f2"/><file name="redirect.phtml" hash="255622341302357553c2d336351702c5"/></dir><dir name="payment"><file name="mark.phtml" hash="ad9e7b6aed53f70427a3b53434795dab"/><file name="redirect.phtml" hash="4439e94cd9d7f9ac7d7f260c354a6d14"/></dir></dir><dir name="persistent"><dir name="checkout"><dir name="onepage"><file name="billing.phtml" hash="a16823e5ae4028eda18a3d2764d7ba72"/><file name="login.phtml" hash="79b7b9f4c7ff93f3cd5dda3bb23ce162"/></dir></dir><dir name="customer"><dir name="form"><file name="login.phtml" hash="64e5393b02f4ffa1a2b75e180b421a0f"/><file name="register.phtml" hash="c2e24b961f918853c84fa3aa1ff12502"/></dir></dir><file name="remember_me.phtml" hash="8c24521c0be510c1f4b00b3e2a8990d0"/><file name="remember_me_tooltip.phtml" hash="3245c94bfba248fa538aaf474139c797"/></dir><dir name="poll"><file name="active.phtml" hash="c8ae9f928f2422f713fb8ca8529d3af4"/><file name="result.phtml" hash="1104118b32a68d81b124f6f6a4c00838"/></dir><dir name="productalert"><file name="price.phtml" hash="8955f01fd0d809ba3e082f5bb2148570"/><dir name="product"><file name="view.phtml" hash="dfd543b25592732312ea60a5f0981c3d"/></dir><file name="stock.phtml" hash="8955f01fd0d809ba3e082f5bb2148570"/></dir><dir name="rating"><file name="detailed.phtml" hash="0f18784e9e391ee0f6c6e46cbedb8c98"/><file name="empty.phtml" hash="af102ec561aed67b8e10af2333a9e9d6"/></dir><dir name="reports"><file name="home_product_compared.phtml" hash="a4c113629b88a88a848c7463b11bd69d"/><file name="home_product_viewed.phtml" hash="2f6289cb5eb81d37793845cb4a671a49"/><file name="product_compared.phtml" hash="6efc7c3a05b430e1267a802590313deb"/><file name="product_viewed.phtml" hash="5c2aeaf081dc207eb442cf353e7e9a3f"/><dir name="widget"><dir name="compared"><dir name="column"><file name="compared_default_list.phtml" hash="8f4dc3fb547c1ede1317e683033b5065"/><file name="compared_images_list.phtml" hash="9e4aba44ef3814842ab9909035c4e377"/><file name="compared_names_list.phtml" hash="61187b1bfa06590895e2244c5e627408"/></dir><dir name="content"><file name="compared_grid.phtml" hash="118a2dcc14e530ca545d2ebc3572a4c6"/><file name="compared_list.phtml" hash="f6689eec42ad2ef38a1aff29a6a36013"/></dir></dir><dir name="viewed"><dir name="column"><file name="viewed_default_list.phtml" hash="449beafa8c2b7f19c1b4a171b531b530"/><file name="viewed_images_list.phtml" hash="964e87c3b4305560cb9979e251f684b7"/><file name="viewed_names_list.phtml" hash="21fa749e379df134083d3599853fc3e6"/></dir><dir name="content"><file name="viewed_grid.phtml" hash="f5367281a3cb0a4ed0d5c4c4ba411d85"/><file name="viewed_list.phtml" hash="f50b2a2b2eef5710d129789f687b7467"/></dir></dir></dir></dir><dir name="review"><dir name="customer"><file name="list.phtml" hash="97b142ce5b96aff3fb0ccc7d124e51d1"/><file name="recent.phtml" hash="e191691dcd2348daf9c03b349a611704"/><file name="view.phtml" hash="3d4e3b78d4e2803d44609aaaf52427fe"/></dir><file name="form.phtml" hash="9a9a10d4fada4c9dfe13cd6a67c6086a"/><dir name="helper"><file name="summary.phtml" hash="d252b54235705488a51deb3975c906a7"/><file name="summary_short.phtml" hash="76c530b821205c0231c90aad07f43f21"/></dir><dir name="product"><dir name="view"><file name="count.phtml" hash="9dc77fc557d050415deb9a34841ed481"/><file name="list.phtml" hash="0afc05442e49bf61e546f4110cc4a3b8"/><file name="other.phtml" hash="498cf7b3ebe3e63b44423bb6ff7e5837"/></dir></dir><file name="view.phtml" hash="26584f68b240e9b4b497bc09af7704f8"/></dir><dir name="rss"><file name="list.phtml" hash="bb38db8ae793f424480552bb0062fc0f"/><file name="nofeed.phtml" hash="bcbad86e87ba8d8e383af663ab2add4a"/><dir name="order"><file name="details.phtml" hash="3ef080e4c4294d1c126085816be57920"/></dir></dir><dir name="sales"><dir name="billing"><dir name="agreement"><file name="view.phtml" hash="eee0c7de5eff96204bc85ee219a38a8e"/></dir><file name="agreements.phtml" hash="a3d21f536d2563baa8f43dff1f2bbbdd"/></dir><dir name="guest"><file name="form.phtml" hash="dc9521f68dae3cc50c5bf1924db6856b"/></dir><dir name="order"><file name="comments.phtml" hash="b24e72576471b858a98954728419832d"/><dir name="creditmemo"><dir name="items"><dir name="renderer"><file name="default.phtml" hash="ff678b441b3907323d6ee79f590f009b"/></dir></dir><file name="items.phtml" hash="2935ba2044b93b19ac0387aa8776c44f"/></dir><file name="creditmemo.phtml" hash="6697414464051abbba91760c76a52994"/><file name="details.phtml" hash="3634e89096b28d7da3fa7bb31c248dc3"/><file name="history.phtml" hash="04f64bbbea99bc220aa44254408199c5"/><dir name="info"><file name="buttons.phtml" hash="dc597f7c3702b49beb2f0205005edee0"/></dir><file name="info.phtml" hash="deb1f431a246fdb8f9ab59f07db85210"/><dir name="invoice"><dir name="items"><dir name="renderer"><file name="default.phtml" hash="8d3f98f1b23f4d336b24b1f2082cfa11"/></dir></dir><file name="items.phtml" hash="580798867451d2be895577e9df917d4d"/></dir><file name="invoice.phtml" hash="222559585e587c3c59b390df442d17e0"/><dir name="items"><dir name="renderer"><file name="default.phtml" hash="b59f4b96d584b4998d2d56e8b0d32336"/></dir></dir><file name="items.phtml" hash="b234f18ba7cb1b809bd79c2db6318ee0"/><dir name="print"><file name="creditmemo.phtml" hash="0cbade8f5bb48b4cda2713a548646446"/><file name="invoice.phtml" hash="ffbff984bec0130b59f1429113b24215"/><file name="shipment.phtml" hash="281ad1f819b38b8add1963935c67e4d0"/></dir><file name="print.phtml" hash="cdcf1a2d80c0a24e77358f9e305ecb63"/><file name="recent.phtml" hash="d7e587f30151a738ad3dc45942b2753f"/><dir name="shipment"><dir name="items"><dir name="renderer"><file name="default.phtml" hash="334c76cf6fd53e38dde3a0a1adbcb594"/></dir></dir><file name="items.phtml" hash="aed0e6571b805f3e506072c7e096aee6"/></dir><file name="shipment.phtml" hash="4e47258f03ce9b3bb23fec10142383c4"/><file name="totals.phtml" hash="b4c4b90f73a7f2e78db6596a2f130362"/><file name="trackinginfo.phtml" hash="79c0d787679d7c08afe45fe8d7bec969"/><file name="view.phtml" hash="42520ef5354319a0c2a870e42011c077"/></dir><dir name="payment"><dir name="form"><dir name="billing"><file name="agreement.phtml" hash="dfba34995a96ad0130296e80822307f8"/></dir></dir></dir><dir name="recurring"><file name="grid.phtml" hash="a1ee0b42fdcf31a323ced56894e18c2c"/><dir name="profile"><dir name="view"><file name="info.phtml" hash="bbfb4560c0a12b7ae92bbf8a3c5ede13"/></dir><file name="view.phtml" hash="3d06e65f6ef00713639ebb63a1d20f45"/></dir><file name="profiles.phtml" hash="f871b656b1e3c4cd62d90ec4a82b0c4d"/></dir><dir name="reorder"><file name="sidebar.phtml" hash="2de6fe3f5509bb471469746121e13286"/></dir><dir name="widget"><dir name="guest"><file name="form.phtml" hash="d7737aa66069e5ba89d307ea5cbc78e7"/></dir></dir></dir><dir name="sendfriend"><file name="send.phtml" hash="545b1b085e925534fb57b7f0d9b2e1a7"/></dir><dir name="shipping"><dir name="tracking"><file name="ajax.phtml" hash="b3887982434363295b85ce5b6a9d5727"/><file name="popup.phtml" hash="d359f4a437ee65cbec37fe2bdf6ddee9"/></dir></dir><dir name="tag"><file name="cloud.phtml" hash="1064353c96441927c8cc5974fe86faad"/><dir name="customer"><file name="recent.phtml" hash="e6aa119fdced00f05c504f596ef74411"/><file name="tags.phtml" hash="31f66a60b2829a66a6b7085aa988abf9"/><file name="view.phtml" hash="7beeff9f94502373da1efa3c13d00792"/></dir><file name="list.phtml" hash="aad5490d857e0963b38d0597aa81b01b"/><file name="popular.phtml" hash="8cc87fd94313050d1f12afa5e4fa92a1"/></dir><dir name="tax"><dir name="checkout"><file name="discount.phtml" hash="9990886f9bdb861e69693dd5d5049c21"/><file name="grandtotal.phtml" hash="c9ce7e777e344a4a54dff5c223f867e6"/><file name="shipping.phtml" hash="e6939fdbb296ae139ebfe3ed9b1d8003"/><file name="subtotal.phtml" hash="eae01eae62bc88429e10f0075edc0a50"/><file name="tax.phtml" hash="bb6c5782fc36aa978c3427586cabbebb"/></dir><dir name="order"><file name="tax.phtml" hash="289b28549b5db31f4f78e2a0505ff8ee"/></dir></dir><dir name="wishlist"><dir name="button"><file name="share.phtml" hash="7d357329a8e63669533ffae58e2a9ea2"/><file name="tocart.phtml" hash="65e612fb7759208b448f0ec479354e4b"/><file name="update.phtml" hash="606592b211219af4629c8bdd0dab1133"/></dir><dir name="email"><file name="items.phtml" hash="08d36c72bcb1431ae25ebf31c8054519"/><file name="rss.phtml" hash="a5d26ad90a36388843107ce99ebcd57d"/></dir><dir name="item"><dir name="column"><file name="cart.phtml" hash="763a44d7d805edde0047e53c7a73fbb8"/><file name="image.phtml" hash="0ccb12256a9e9c42a5459cb3d8d8f9af"/><file name="info.phtml" hash="ce485afb798f89ad2844ef2043d84d51"/><file name="remove.phtml" hash="2bd046bdd9db0c7ae124af76c6648587"/></dir><dir name="configure"><file name="addto.phtml" hash="593c7fa73668e0077776b905a8359cbe"/></dir><file name="list.phtml" hash="b7e65fb738d20dec68d04e96f0e12250"/></dir><file name="options_list.phtml" hash="c82d0d5305de4b555c85e5955df9c472"/><dir name="render"><dir name="item"><file name="price.phtml" hash="036c3bb4ffc21669e53a61b20c3a28ca"/><file name="price_msrp_item.phtml" hash="d85dfb2ff9041f2384c302156c2a61a3"/><file name="price_msrp_rss.phtml" hash="5d4a5b9ab382ba0c04a616cb54721c69"/></dir></dir><file name="shared.phtml" hash="8024a2edfef4cdcb86f5546610093829"/><file name="sharing.phtml" hash="0ccd4b19e43b3b582fad51e299d5f245"/><file name="sidebar.phtml" hash="4f329b8e4584e88c6b789d8993715457"/><file name="view.phtml" hash="b072b63099b8f7d583af3ee66ec355bb"/></dir></dir></dir></dir></dir></target><target name="mageskin"><dir name="frontend"><dir name="base"><dir name="default"><dir name="css"><file name="email-inline.css" hash="ed63c4b0607b5f3f7077f70d2362cfc4"/><file name="email-non-inline.css" hash="bc5ea1e8344f0daf2dd5691a981a2e86"/><file name="widgets.css" hash="ed3ba13dd93e7695d9c8072ebfc83732"/></dir><file name="favicon.ico" hash="88733ee53676a47fc354a61c32516e82"/><dir name="images"><file name="calendar.gif" hash="b1468e5239504974c689eea5d93f86d4"/><dir name="catalog"><dir name="product"><dir name="placeholder"><file name="image.jpg" hash="097ab8a3051bc037ea3de0e17f440540"/><file name="small_image.jpg" hash="f825d16f97a640453553c79c48ebaa73"/><file name="thumbnail.jpg" hash="b2b682d28a08a748a73d2cda70ab5a57"/></dir></dir></dir><dir name="cookies"><file name="firefox.png" hash="425e1b2ddc38c0bba431fb54357c66a4"/><file name="ie6-1.gif" hash="5c27700e245762bc89ed8c3ee7183f21"/><file name="ie6-2.gif" hash="d8c55e15e1f711e5c259300a9c19551b"/><file name="ie7-1.gif" hash="d61edcc8a514a3c81ea116b7d38ddcb6"/><file name="ie7-2.gif" hash="0526a654e94c54866cad977c0a47d3e5"/><file name="ie7-3.gif" hash="4fb142def3f6cfd8d8d23e1315528a1e"/><file name="ie7-4.gif" hash="575c276231c6a91e28935ec98215e146"/><file name="ie7-5.gif" hash="3ae5fcc11fe89da91674d183872337c1"/><file name="ie7-6.gif" hash="95a4981a41785a8cde273c9b2edbfbc7"/><file name="opera.png" hash="34070d92180d4ee0e37b1dd8bb731cd7"/></dir><file name="cvv.gif" hash="83cdd38bf110b0f9c52fe84b56f45298"/><file name="fam_book_open.png" hash="0ba89b9fbe7e88d4c6896ed0a1f495aa"/><file name="reload.png" hash="84cc4883f78ef850814ea9b53989b2a7"/><dir name="widgets"><file name="i_block-list.gif" hash="fe8424127ecbe4b0d893bcf6f253dc1a"/><file name="i_widget-link.gif" hash="1bf753578171f147f0203e7b13bdd0c4"/><file name="i_widget-new.gif" hash="a75377ffed51b711cbc608ffaa1a2e7d"/></dir></dir><dir name="js"><file name="bundle.js" hash="f0762fb8bf9ded546d5f2da29a3e4404"/><dir name="checkout"><file name="review.js" hash="65d792db44438e7181803c6398f492ab"/></dir><file name="giftmessage.js" hash="a5697ed33590050bb2582cec39f29df2"/><file name="ie6.js" hash="a28f2c74f4ba1b73e95200f195a69f3e"/><file name="msrp.js" hash="2077610ec1f7e9e5f38b7474540919e4"/><file name="opcheckout.js" hash="d77144aa2e47850b2b59903615a894ce"/></dir><dir name="lib"><dir name="prototype"><dir name="windows"><dir name="themes"><dir name="magento"><file name="btn_bg.gif" hash="37c51a4d48a92da9648dcd3ca011039f"/><file name="content_bg.gif" hash="21278ea0da2d4256f4ced96b6080ba2e"/><file name="top_bg.gif" hash="26f28090de87d64f9b01bf624f89bfe2"/><file name="window_close.png" hash="3af14f053f360bf31f8ba2df73ec7f1e"/></dir><file name="magento.css" hash="26094605a693e4c7e647ae2df4554048"/></dir></dir></dir></dir></dir></dir></dir></target></contents>
    <compatible/>
    <dependencies><required><php><min>5.2.0</min><max>6.0.0</max></php><package><name>Mage_Core_Modules</name><channel>community</channel><min>1.9.2.2</min><max>1.9.2.2</max></package></required></dependencies>
</package>
