<?xml version="1.0"?>
<package>
    <name>Interface_Adminhtml_Default</name>
    <version>1.9.3.2</version>
    <stability>stable</stability>
    <license uri="http://opensource.org/licenses/afl-3.0.php">AFL v3.0</license>
    <channel>community</channel>
    <extends/>
    <summary>Default interface for Adminhtml</summary>
    <description>Default interface for Adminhtml</description>
    <notes>1.9.3.2</notes>
    <authors><author><name>Magento Core Team</name><user>core</user><email>core@magentocommerce.com</email></author></authors>
    <date>2017-02-01</date>
    <time>17:29:20</time>
    <contents><target name="magedesign"><dir name="adminhtml"><dir name="default"><dir name="default"><dir name="etc"><file name="theme.xml" hash="e69d0511b69b652a7d94077f2291575d"/></dir><dir name="layout"><file name="admin.xml" hash="df7fb40c1aee5d996ea3a802ca9c3e30"/><file name="adminnotification.xml" hash="83c5f6794a6f8cb470beee894091d2a2"/><file name="api2.xml" hash="581ae7db16c5adda7ccf94a43cdfd871"/><file name="authorizenet.xml" hash="735ee71b441d78a1a136d6dfcdfbecbf"/><file name="bundle.xml" hash="49b8fdbb667e3571af439790954c58a4"/><file name="captcha.xml" hash="b837d2ff333b74241814a8958438b30b"/><file name="catalog.xml" hash="e8b7545443decfe3191d31bc2f8d43e4"/><file name="cms.xml" hash="20986ab06599b22b7879c2c0d485ee80"/><file name="connect.xml" hash="3d6a5e86dea3077b819af29dcf1da800"/><file name="currencysymbol.xml" hash="daf33d7136807ec6422d60e8b0e311bf"/><file name="customer.xml" hash="4df72bda0eda0adc646b91ed0c1a8aef"/><file name="dataflow.xml" hash="bfc1c49a9d2e642c6a3fe453dd0ad1c3"/><file name="downloadable.xml" hash="25a618e3e15dbc8396f5be5de6505490"/><file name="giftmessage.xml" hash="9d96b711ced7722d0bfe25835c09ea97"/><file name="importexport.xml" hash="42c9fe6701365054d9bbe863ac9cd617"/><file name="index.xml" hash="fd8fcea41802cb6e2fbf25b1cc760c4b"/><file name="main.xml" hash="27eb6bf5c44694d753b65d5f87883355"/><file name="newsletter.xml" hash="9d267ba86b4c5af9e81359c1fd0072c6"/><file name="oauth.xml" hash="070a0e527ddaae7a20ea304c6e3b7331"/><file name="pagecache.xml" hash="62c283050a8e288fab53cdc8b24bb5a2"/><file name="promo.xml" hash="b927273d64cd7dbfc9d9ad89a5bdc033"/><file name="report.xml" hash="d2552636a24a772f2a65f092c91b1e79"/><file name="rss.xml" hash="ead169392c4989f17abab54add52f3cc"/><file name="sales.xml" hash="45530d8d60aaa54815580845513f703c"/><file name="search.xml" hash="6f971c9795e2106e8f1226b7e9e77edd"/><file name="tag.xml" hash="acd0473059f34b68cf8d6832073f9e8e"/><file name="tax.xml" hash="8f4116524682b7d2b8b60408bd89f4ab"/><file name="widget.xml" hash="6098094e92403b29e8b0bfc2240b5cdb"/></dir><dir name="locale"><dir name="en_US"><file name="translate.csv" hash="735c9ec66d1309f1206294f075fdcdd1"/></dir></dir><dir name="template"><file name="access_denied.phtml" hash="f223900af79bc9f40c8f34b8a016cfa6"/><dir name="api"><file name="role_users_grid_js.phtml" hash="0dfd08553f61b4f18f9db3d9560627b5"/><file name="roleinfo.phtml" hash="c1f80638245e7f59fd7bb77f052f8db8"/><file name="roles.phtml" hash="91b90a4ef8ada0ac874067b62487ff64"/><file name="rolesedit.phtml" hash="d14efdb08d3bac3cb1c512e661633804"/><file name="rolesusers.phtml" hash="087a13a3da92a6a8916d30d5973eb0ea"/><file name="user_roles_grid_js.phtml" hash="50ec09c48c1ec8c559f8cb40f86d4f45"/><file name="userinfo.phtml" hash="10172caed189af990d5094e8b7ab5324"/><file name="usernroles.phtml" hash="8adcb8873670d2b92d10b2a55e2b8306"/><file name="userroles.phtml" hash="12d67c8367bae7b15f15ffcbf04864d7"/><file name="users.phtml" hash="9b281d8464be788698f9fcad47474b59"/></dir><dir name="api2"><dir name="attribute"><file name="buttons.phtml" hash="f2c57b4b87057a4f6d0807ea8b594220"/><file name="resource.phtml" hash="51f9e83f93d7087b445cb305c157edb7"/></dir><dir name="permissions"><dir name="user"><dir name="edit"><dir name="tab"><dir name="roles"><file name="js.phtml" hash="0be46a60d56b528be089eb8c898d974e"/></dir></dir></dir></dir></dir><dir name="role"><file name="buttons.phtml" hash="74938c07038e13b59baffd26401fa7bf"/><file name="users_grid_js.phtml" hash="8f11220a8fd90e55ed8e72bcb6603030"/></dir></dir><dir name="authorizenet"><dir name="directpost"><file name="iframe.phtml" hash="393d41d2ff4c0f68c4667d48e0dc0b26"/><file name="info.phtml" hash="fdf40ca8e1d42e4006244102cd5c11e0"/></dir></dir><dir name="backup"><file name="dialogs.phtml" hash="4b20c6f662de73e136b8887e123c742b"/><file name="left.phtml" hash="912ff92001979359fe4461cfb9cedbfe"/><file name="list.phtml" hash="5ac30949051c882e31148fac6400aead"/></dir><dir name="bundle"><dir name="product"><dir name="composite"><dir name="fieldset"><dir name="options"><file name="bundle.phtml" hash="20115453e1374ee680f8c7fe075b5dd5"/><dir name="type"><file name="checkbox.phtml" hash="53dfa79c354e96c80c4fc4baed728dd4"/><file name="multi.phtml" hash="f06030ff8a8b82026c95a740b371405b"/><file name="radio.phtml" hash="36c9a822415b75f9b18543bfc47d10a4"/><file name="select.phtml" hash="0a9d8e4c3c1b8e46bbaae3d2e9a31872"/></dir></dir></dir></dir><dir name="edit"><dir name="bundle"><dir name="option"><file name="search.phtml" hash="fc79ed33d991f7149e40029b3231d39f"/><file name="selection.phtml" hash="43b80f2d5094b43399b79fab72f85e72"/></dir><file name="option.phtml" hash="74c9b274b795d1d58c0052d5fcc46c94"/></dir><file name="bundle.phtml" hash="271e0c0d122c83f8e0ab4fed45bca043"/></dir></dir><dir name="sales"><dir name="creditmemo"><dir name="create"><dir name="items"><file name="renderer.phtml" hash="571146f164de224b6409794832a282e8"/></dir></dir><dir name="view"><dir name="items"><file name="renderer.phtml" hash="67e8d5553d1f5f59f8aba8890f8a41fc"/></dir></dir></dir><dir name="invoice"><dir name="create"><dir name="items"><file name="renderer.phtml" hash="5edeb38605d64fe55be21dfb6eee9dc9"/></dir></dir><dir name="view"><dir name="items"><file name="renderer.phtml" hash="7ae6cb97ca560024ff488ac32b147371"/></dir></dir></dir><dir name="order"><dir name="view"><dir name="items"><file name="renderer.phtml" hash="630ad67c308461bf6495bf7d3343cba3"/></dir></dir></dir><dir name="shipment"><dir name="create"><dir name="items"><file name="renderer.phtml" hash="6311b479306225fd675c39bc24c14421"/></dir></dir><dir name="view"><dir name="items"><file name="renderer.phtml" hash="87631d6003ecd4d9af7046d91628e7ce"/></dir></dir></dir></dir></dir><dir name="captcha"><file name="zend.phtml" hash="3c695521f33c215cd844a943c175c558"/></dir><dir name="catalog"><dir name="category"><dir name="checkboxes"><file name="tree.phtml" hash="127c3e54bcf0798dfe393cd356159b5f"/></dir><dir name="edit"><file name="form.phtml" hash="60e4ee535b4cf499a79a86390510c933"/></dir><file name="edit.phtml" hash="418ec0e59dd404ece04142682c422990"/><file name="tree.phtml" hash="b424fed1d97d9fe4c8488e4d10fa02af"/><dir name="widget"><file name="tree.phtml" hash="0a4cd24b7b72f4e3e64e4322c3e7d02e"/></dir></dir><dir name="form"><dir name="renderer"><dir name="fieldset"><file name="element.phtml" hash="a7459641ae79d78e10210558a50bbfd6"/></dir></dir></dir><dir name="product"><dir name="attribute"><file name="js.phtml" hash="b59e9cf7beea70b39c3ad1635d203038"/><dir name="new"><file name="created.phtml" hash="4c979ff5a2c793adfae04cbb146eca5d"/></dir><file name="options.phtml" hash="9e43e2d5dd5d5d9c0bb0cd7718a43808"/><dir name="set"><dir name="main"><dir name="tree"><file name="attribute.phtml" hash="39b8c164b5e8c7852bb69241f38348d7"/><file name="group.phtml" hash="7e53e633f5f3d55093315bd7741ed903"/></dir></dir><file name="main.phtml" hash="42f090ca7a1362ea2894aa44bf63a4a1"/><dir name="toolbar"><file name="add.phtml" hash="8e816d93b0f053501e28e77243fb59c4"/><file name="main.phtml" hash="5fbc67c8c94e2d3bb720adc7aee58bfe"/></dir></dir></dir><dir name="composite"><file name="configure.phtml" hash="51aea997311565205d3634290b4a232d"/><dir name="fieldset"><file name="configurable.phtml" hash="f108819afb516c9dab4e8f1f4bd28672"/><file name="grouped.phtml" hash="81fa9cb45bd01b85518e1de02f6758a4"/><dir name="options"><file name="js.phtml" hash="b38df90bce75712ba119e564a4f83f06"/><dir name="type"><file name="date.phtml" hash="cd9f1bc630905c6762864cdad9d55c13"/><file name="default.phtml" hash="545ad63db6059abf396020756cbb2351"/><file name="file.phtml" hash="fb3fb3ea9ebf38f45b749b0a1fd0a4eb"/><file name="select.phtml" hash="abb6a99913b388cb43d00999738401c1"/><file name="text.phtml" hash="2bc1488692868a54458509713fd6502a"/></dir></dir><file name="options.phtml" hash="63d3e311203c8b2c5c81006eb2a4eff4"/><file name="qty.phtml" hash="052b9a731a7e8e92a080bd68872ce036"/></dir></dir><file name="created.phtml" hash="0efed03ace2f5b0dd155d902904466dc"/><dir name="edit"><dir name="action"><file name="attribute.phtml" hash="0dcb88bac9ecb527ecafafc73133d42d"/><file name="inventory.phtml" hash="ebed3e5e4dcff13168a8357c33f07a6d"/><file name="websites.phtml" hash="b283c645df18ed2668fb693190342acc"/></dir><file name="categories.phtml" hash="3014e6db0d4973e94b0a0ff25efc472a"/><dir name="options"><file name="option.phtml" hash="86734653b0235d9d1fa179afc24ca91d"/><dir name="type"><file name="date.phtml" hash="61b1e2f21700c5ff3223db4efff0e3c8"/><file name="file.phtml" hash="e15cc7718e7288fea0f73b061c5661a8"/><file name="select.phtml" hash="a65effc41a078f04e9248a476faf3192"/><file name="text.phtml" hash="eb4b2f521636f4e6ecba47acfddf0b5d"/></dir></dir><file name="options.phtml" hash="9d958a32eb41cf5961bc7d684f807d05"/><dir name="price"><file name="group.phtml" hash="f9cedceae5920d34cd5993873a0cd05c"/><file name="tier.phtml" hash="8804a682d6b619ef51a4eebe3901b35b"/></dir><file name="serializer.phtml" hash="bd631a5e94536e2feb086406799a5818"/><dir name="super"><file name="config.phtml" hash="4b79cbddb054b19391aa7f5df9dde0ee"/></dir><file name="websites.phtml" hash="d9a6feb14d0ec96430b98f67d7755fa7"/></dir><file name="edit.phtml" hash="5b2cdfcbecf50ca525ae941351633fe4"/><dir name="helper"><file name="gallery.phtml" hash="8a62fb6725bdb6e47c62f43d2a19d636"/></dir><file name="js.phtml" hash="2eda4221b4b673bdbbd44d1695a3cfea"/><file name="price.phtml" hash="2faeb0a44598b75e85eb62d36957d647"/><dir name="tab"><file name="alert.phtml" hash="af8d2ddc13044d5ebfb41148fa5dc0ab"/><file name="inventory.phtml" hash="9d246eb360b965d20cc940075772acfa"/></dir><dir name="widget"><dir name="chooser"><file name="container.phtml" hash="8cb1366a0882be2db070ba668b0b5562"/></dir></dir></dir><file name="product.phtml" hash="fb0fb22560064f06d3bb25de559a7446"/><dir name="wysiwyg"><file name="js.phtml" hash="9611351184a34c746ca2f1a4ad65f3a7"/></dir></dir><dir name="cms"><dir name="browser"><dir name="content"><file name="files.phtml" hash="a7124a36360bbd183b63d95186a1e2ef"/><file name="newfolder.phtml" hash="4d8d5f993648e065450ba6abe5229013"/><file name="uploader.phtml" hash="4ea6e231056dc9eef45772dd855f2ca1"/></dir><file name="content.phtml" hash="24ab144c3dd50d965863fac244a179ee"/><file name="js.phtml" hash="8b5bdb3f1f3001ae5d5abdc6eefd64ad"/><file name="tree.phtml" hash="d26f9542de720f6aef650bdf1d33c462"/></dir><dir name="page"><dir name="edit"><dir name="form"><dir name="renderer"><file name="content.phtml" hash="df8b57490f455335d06e330fa049dc28"/></dir></dir></dir></dir></dir><file name="coming.phtml" hash="6b90664fe72445100fffeaff7b6c0d73"/><dir name="connect"><dir name="extension"><dir name="custom"><file name="authors.phtml" hash="bd6939adc6a6749b17f7f3d87153a6a5"/><file name="contents.phtml" hash="02f96623c3c69729eb01ad0bb994aafd"/><file name="depends.phtml" hash="d4d0840b66780916544d49a21ad38c49"/><file name="load.phtml" hash="a032ee7961555a24fb910df3133e0a01"/><file name="package.phtml" hash="531312feb822e1310f8833f4063b2dfb"/><file name="release.phtml" hash="6bdb17517f6fadb461803fbbbf90711f"/></dir></dir></dir><dir name="currencysymbol"><file name="grid.phtml" hash="b595d579774509ef7c41df4dc3512b9a"/></dir><dir name="customer"><dir name="edit"><file name="js.phtml" hash="1ded387eb12434c5a612472ccf8e0a02"/><dir name="tab"><dir name="account"><dir name="form"><dir name="renderer"><file name="group.phtml" hash="11eb456299b3e33768a1d7a01ecc54c3"/></dir></dir></dir><dir name="view"><dir name="grid"><file name="item.phtml" hash="64815f2995c1de07891b80f36d3c62ac"/></dir></dir></dir></dir><file name="online.phtml" hash="96874cb778b7ccf4038e6781b12be7c8"/><dir name="sales"><dir name="order"><dir name="create"><dir name="address"><dir name="form"><dir name="renderer"><file name="vat.phtml" hash="1d133987b517a07857f2bce86a2f7c36"/></dir></dir></dir></dir></dir></dir><dir name="system"><dir name="config"><file name="validatevat.phtml" hash="f22c7588b5f4176547c19507caafa763"/></dir></dir><dir name="tab"><file name="addresses.phtml" hash="70679a65b6c0b2d96203d07f0cbaf0d5"/><file name="cart.phtml" hash="767e937cb3525899b104821eb628e691"/><file name="newsletter.phtml" hash="9cd9510150a3497f3ec0fdb3185239ee"/><dir name="view"><file name="sales.phtml" hash="f947ff9c997874e8a8a872964a0bce0a"/></dir><file name="view.phtml" hash="e7e6b2aaa793158c5e53ec2b74a98b32"/><file name="wishlist.phtml" hash="68732c8d06551ccd6ec7a3327b45f7a5"/></dir></dir><dir name="dashboard"><dir name="graph"><file name="disabled.phtml" hash="0885434cd57dbc5188a08c7f4890b114"/></dir><file name="graph.phtml" hash="dd3d2cec0f5e113bf77a6efdfd4d7650"/><file name="grid.phtml" hash="e7174b6489c8f9059999c2aa2d63bec1"/><file name="index.phtml" hash="cfb39bb198ddd80105d02e6d6cf16c1b"/><file name="salebar.phtml" hash="917bde73c132a37a018ad8148ffcff3f"/><file name="searches.phtml" hash="c9d2340f1dd816e949a4452ed24a080d"/><dir name="store"><file name="switcher.phtml" hash="80a4376ef19106dec6d0915830ca9e2d"/></dir><file name="totalbar.phtml" hash="161247dec8db4d69e13a911de81ae49c"/></dir><dir name="directory"><dir name="js"><file name="optional_zip_countries.phtml" hash="cacc5efb1dbd69119a0f7fb74b05b222"/></dir></dir><dir name="downloadable"><dir name="product"><dir name="composite"><dir name="fieldset"><file name="downloadable.phtml" hash="b9402488cde0b62ff941d9b4501e1a7d"/></dir></dir><dir name="edit"><dir name="downloadable"><file name="links.phtml" hash="ff13979d45189706f8676070558e7fe9"/><file name="samples.phtml" hash="c6ad97c603512c54cc4429eccc30a9d1"/></dir><file name="downloadable.phtml" hash="94f56acf530ae279d6d898397688c8a6"/></dir></dir><dir name="sales"><dir name="items"><dir name="column"><dir name="downloadable"><dir name="creditmemo"><file name="name.phtml" hash="f7adbe516cfe58e3725e3cb08e0eae7d"/></dir><dir name="invoice"><file name="name.phtml" hash="9e51313b6281770631c25b2456bab75e"/></dir><file name="name.phtml" hash="fdf7e60e1dd448edf9cf655347c7b1e8"/></dir></dir></dir><dir name="order"><dir name="creditmemo"><dir name="create"><dir name="items"><dir name="renderer"><file name="downloadable.phtml" hash="593b68aab9a5c9c591346c843bfd189a"/></dir></dir></dir><dir name="view"><dir name="items"><dir name="renderer"><file name="downloadable.phtml" hash="929e57c487207e944ce7b94a547561f4"/></dir></dir></dir></dir><dir name="invoice"><dir name="create"><dir name="items"><dir name="renderer"><file name="downloadable.phtml" hash="ef99a0c725c6e828fec76ddca199862c"/></dir></dir></dir><dir name="view"><dir name="items"><dir name="renderer"><file name="downloadable.phtml" hash="961113110c8303ec018a9f30ae9d769e"/></dir></dir></dir></dir><dir name="view"><dir name="items"><dir name="renderer"><file name="downloadable.phtml" hash="fc44bf0c2780e560b8ab557f0b3bffa5"/></dir></dir></dir></dir></dir></dir><dir name="eav"><dir name="attribute"><dir name="edit"><file name="js.phtml" hash="39b8c164b5e8c7852bb69241f38348d7"/></dir><file name="options.phtml" hash="e79505e0dad9661100ba1857914f3f9c"/></dir></dir><dir name="email"><dir name="order"><file name="items.phtml" hash="b767032fda34d305c5663fc09024d205"/></dir></dir><file name="empty.phtml" hash="4bc7926291219074a40534f4f0ddebe4"/><file name="example.phtml" hash="de21e0f1f4bc5ae3229ca6f2ccc0c1ab"/><file name="forgotpassword.phtml" hash="54e45a18031ee66bc943372a7f6f3903"/><file name="formkey.phtml" hash="3fd108cadbc3ab34a3e478acf2730c41"/><dir name="giftmessage"><file name="form.phtml" hash="5c2ccb547f2cc07ee40ac167ca8b2c01"/><file name="giftoptionsform.phtml" hash="7ba537795c7ca91a84edd95b28347a38"/><file name="helper.phtml" hash="ced84c01d243c5ea0e021179241b370a"/><file name="popup.phtml" hash="951662284c6835bb0a609ddcb129f2fd"/><dir name="sales"><dir name="order"><dir name="create"><file name="giftoptions.phtml" hash="03cc1049909db069fc55dc8385f74cf2"/><file name="items.phtml" hash="3f142cd75a7d276f4318074d9d382d1a"/></dir><dir name="view"><file name="giftoptions.phtml" hash="357d846729f9fc305bd06dbcd7442f84"/><file name="items.phtml" hash="bdd026de10f02f4bad2b41569b80afbc"/></dir></dir></dir></dir><dir name="googlebase"><file name="captcha.phtml" hash="506929f789a5902910cbe40e479acf46"/><file name="items.phtml" hash="23ef7c28db3d5173e81fd83b21904f25"/><dir name="types"><dir name="edit"><file name="attributes.phtml" hash="35e1153a1a2776a42752c586df2691df"/></dir></dir></dir><dir name="importexport"><file name="busy.phtml" hash="d97e4dfddf0a1539c540e4bfbc9341c0"/><dir name="export"><dir name="form"><file name="after.phtml" hash="ccde7f5409303cb3ac8eef062beab87e"/><file name="before.phtml" hash="118b5a493cd20371fa8e7dcbc402f55d"/></dir></dir><dir name="import"><dir name="form"><file name="after.phtml" hash="ecb74c75373bf81e422a4f74be5b3e4c"/><file name="before.phtml" hash="1e4cb07bdfd35c575a9beecadbf1b199"/></dir><dir name="frame"><file name="result.phtml" hash="607a419d70cd272142583274282ce65b"/></dir></dir></dir><dir name="index"><file name="notifications.phtml" hash="151966376f14d7f750f3e8246db606ee"/></dir><file name="login.phtml" hash="842bc12180b3d65aef2361bd46f259b0"/><dir name="media"><file name="editor.phtml" hash="f26276431cb619014f476385e88e1dd3"/><file name="uploader.phtml" hash="362f346858f1b40efb5befe6d83ee6f1"/></dir><dir name="newsletter"><dir name="preview"><file name="iframeswitcher.phtml" hash="329e1fc7793184dfbbce4d856f5a35f3"/><file name="store.phtml" hash="c314576a7222ed31e558bef7096a771e"/></dir><dir name="problem"><file name="list.phtml" hash="b1d63761aba5d7461667dd5be688dd03"/></dir><dir name="queue"><file name="edit.phtml" hash="3f1e69dd26a240cc7c40b7c728c1ac79"/><file name="list.phtml" hash="1c5641f53670d90a4abfa73a33119455"/><file name="preview.phtml" hash="2cf10c00a98131499d02a376b9e5bdf6"/></dir><dir name="subscriber"><file name="list.phtml" hash="0d955cd81ecdd820599d1cb87ebbfb84"/></dir><dir name="template"><file name="edit.phtml" hash="01dce3f46bacb9e5be93a3c01c25275f"/><file name="list.phtml" hash="f85ac64047ae2a846e872a22944d6850"/><file name="preview.phtml" hash="2cf10c00a98131499d02a376b9e5bdf6"/></dir></dir><dir name="notification"><file name="baseurl.phtml" hash="69176301d2decc8babb62dfa737a64ec"/><file name="curl.phtml" hash="eb15a152fa78f63cd32b3b8401def91d"/><file name="security.phtml" hash="5355b13b2452a6d87e07a654927d554d"/><file name="survey.phtml" hash="ab5c3676ed6c6fb285be1c903d4f9f8d"/><file name="toolbar.phtml" hash="f3a05b82e6fc64e01448d920e5da01d1"/><file name="window.phtml" hash="a93fa67b24917049f409dbcc3b3f768d"/></dir><dir name="oauth"><dir name="authorize"><file name="button-simple.phtml" hash="a453e562157f8a6359ec049630dd3320"/><file name="button.phtml" hash="a6337b7d0795bf130d22b4ac2a076517"/><file name="confirm-simple.phtml" hash="b81332b16b5912ae8991d8bf693a7cab"/><file name="confirm.phtml" hash="179f31912bf5e49fbd7063be06c950b5"/><dir name="form"><file name="login-simple.phtml" hash="44b108f48f30ffe8411c137f68d2a420"/><file name="login.phtml" hash="60b3e2738a4b81f5beaef96ca0d4a4cd"/></dir><file name="head-simple.phtml" hash="fe228b04de11a699320cb4d9d53602e5"/><file name="reject-simple.phtml" hash="b1b6536da9b5f4aed0ba044859e60228"/><file name="reject.phtml" hash="00b86321550e03225a189f4ec7d11543"/></dir></dir><file name="overlay_popup.phtml" hash="a3176c3235b9ace63620c388394a1062"/><dir name="page"><file name="footer.phtml" hash="e3cebee0d378c3353a681c928690a5dc"/><file name="head.phtml" hash="d31c51fa7546a8f57aa233eb5658dbc6"/><file name="header.phtml" hash="c0e96ecf550ab1ecfd160c12cafd0205"/><dir name="js"><file name="calendar.phtml" hash="c10c6700321b79db0bc49311c9b601ea"/><file name="translate.phtml" hash="3484e0c1a31b46a068cc894f52c24f1b"/></dir><file name="menu.phtml" hash="6b6cf1321d2c1d9caab0d7b086cc5983"/><file name="notices.phtml" hash="9bd527ea0aaa18677e4f35c47712ea10"/></dir><file name="page.phtml" hash="331c493e276fc0b42c17c92feecc0f0c"/><dir name="pagecache"><dir name="cache"><file name="additional.phtml" hash="2b082e11cf6154555e78a93c4435dcc6"/></dir></dir><dir name="paygate"><dir name="form"><file name="cc.phtml" hash="fd0d0685d2dc4270daf6713d31656d28"/></dir><dir name="info"><file name="cc.phtml" hash="7946fa5a5dc337a910ad3eab75e335a5"/><file name="pdf.phtml" hash="0d1e2952d57ac4a04d69ffe73e70909c"/></dir></dir><dir name="payment"><dir name="form"><file name="banktransfer.phtml" hash="1273408091c8c7a98fc4158884cd57f8"/><file name="cashondelivery.phtml" hash="e55dc41c327468d73927ec42c2f9fc80"/><file name="cc.phtml" hash="3ca9d11d084d7fe9e3f8435ea9d2f32c"/><file name="ccsave.phtml" hash="e9dcdb2db01833f51909d6b9e83e730e"/><file name="checkmo.phtml" hash="3ab51f910092318ac68b96604a8d420e"/><file name="purchaseorder.phtml" hash="e9c6a21ac9be48e91d267c2a3dd3c212"/></dir><dir name="info"><file name="banktransfer.phtml" hash="2986eb5f3b316ae71c82edd150a8315a"/><file name="checkmo.phtml" hash="f7356e521aa669a1b8d510501b2928dc"/><file name="default.phtml" hash="a6f1f39d88ce3f4e374772837b9998f0"/><dir name="pdf"><file name="checkmo.phtml" hash="555634fcc504c5d47b5f33024b8b4792"/><file name="default.phtml" hash="4ce38432bbb5a9487b87a51fe23df2b4"/><file name="purchaseorder.phtml" hash="fa38217a757c8dd9ac2f5cefce2147ce"/></dir><file name="purchaseorder.phtml" hash="8d577d379bc6b0fa41450396a44aa940"/></dir></dir><dir name="paypal"><dir name="system"><dir name="config"><file name="api_wizard.phtml" hash="b4951e301ef710da7deee21f23acad1f"/><file name="bml_api_wizard.phtml" hash="1d743f8c440661a1e8303123aa99c435"/><dir name="fieldset"><file name="global.phtml" hash="a8b45716de0adeb655562d7fcd0246c0"/><file name="hint.phtml" hash="9b26776f8c3252a272bf577d5d2bf217"/><file name="store.phtml" hash="b113803f6cdce9270d4942aaae121e1b"/></dir><dir name="payflowlink"><file name="advanced.phtml" hash="7f8751c391fd514addaff18504c1b4c4"/><file name="info.phtml" hash="d7ff81b4b31229c5287fe7be52df93d2"/></dir></dir></dir></dir><dir name="permissions"><file name="role_users_grid_js.phtml" hash="3c6b20c6ea3aa7d2a8118362dfff314a"/><file name="roleinfo.phtml" hash="d4ec89b7c00b30054d1af5d720f7ed5b"/><file name="roles.phtml" hash="7d1bbddbf8ab9052af44faaa896b362a"/><file name="rolesedit.phtml" hash="63c5189c49a42dd0cc6f871afc003748"/><file name="rolesusers.phtml" hash="087a13a3da92a6a8916d30d5973eb0ea"/><file name="user_roles_grid_js.phtml" hash="c1d4fdf1c0aae1d5f7c944ca777a13c0"/><file name="userinfo.phtml" hash="10172caed189af990d5094e8b7ab5324"/><file name="usernroles.phtml" hash="8adcb8873670d2b92d10b2a55e2b8306"/><file name="userroles.phtml" hash="12d67c8367bae7b15f15ffcbf04864d7"/><file name="users.phtml" hash="9b281d8464be788698f9fcad47474b59"/></dir><dir name="poll"><dir name="answers"><file name="list.phtml" hash="884154167160260e4a19a4110f7f2137"/></dir></dir><file name="popup.phtml" hash="81b488cc68be237e8198faaee6cefa53"/><dir name="promo"><file name="fieldset.phtml" hash="cf352b478ddd136b3839d5aed419ca31"/><file name="form.phtml" hash="2de614760fa97fd7f8c9ad51d2488f60"/><file name="js.phtml" hash="48aec011efa5e31a77f8c942dcbc7c28"/><file name="salesrulejs.phtml" hash="43e1186db5f48baa670155df40ebaf7c"/></dir><dir name="rating"><file name="detailed.phtml" hash="dd436dbd3067ca0279395716e5453082"/><file name="options.phtml" hash="4854fb3cb3f45bd2aa93601c7e053c60"/><dir name="stars"><file name="detailed.phtml" hash="0307316b8b86634fe07e285bebeced7b"/><file name="summary.phtml" hash="5db4f711dc5dab1d856e64b59f2eaa87"/></dir></dir><dir name="report"><dir name="grid"><file name="container.phtml" hash="fb353b6d1eed9017cb3157410eacc139"/></dir><file name="grid.phtml" hash="87d76433622ae2e8886cda60ecab01ce"/><dir name="refresh"><file name="statistics.phtml" hash="f94abc9e04744cd111b3ac390559b5b0"/></dir><dir name="store"><dir name="switcher"><file name="enhanced.phtml" hash="b8cff65157252e82c7e09e7269b00e3b"/></dir><file name="switcher.phtml" hash="a8758d6552a68be4da755964bd1c2b75"/></dir><file name="wishlist.phtml" hash="34bfefa727d6f599eb62f53247458951"/></dir><file name="resetforgottenpassword.phtml" hash="897ad37aeceb327ea7ca4dfbcc1dc0db"/><dir name="review"><file name="add.phtml" hash="17f12e9ba1dc90c99dc9adda2480916a"/></dir><dir name="sales"><dir name="billing"><dir name="agreement"><file name="form.phtml" hash="3da22e9576a8fa4180e392adca41bdba"/><dir name="view"><file name="form.phtml" hash="1be3517b652aee0ddd602d1c463d8fe9"/><dir name="tab"><file name="info.phtml" hash="f15fa4e2c5327b73b9f908c5b12b9097"/></dir></dir></dir></dir><dir name="items"><dir name="column"><file name="name.phtml" hash="593fca42442c6e7aeb916c945838eb1c"/><file name="qty.phtml" hash="efc35c7402784836bdf85c8d90f9af85"/></dir><dir name="renderer"><file name="default.phtml" hash="4a34af262b260ebfa7c076b5db63c2f2"/></dir></dir><dir name="order"><dir name="address"><file name="form.phtml" hash="7f948983fed7a54aea4a1d903a48dc6c"/></dir><dir name="comments"><file name="view.phtml" hash="06c880675c91e37152de3a8b54593c03"/></dir><dir name="create"><file name="abstract.phtml" hash="7848670958042e070bc037f0e91fa9f3"/><dir name="billing"><dir name="method"><file name="form.phtml" hash="8228b46a913e96cdf482577b78fbc71d"/></dir></dir><file name="comment.phtml" hash="9f7b5740b5c54a51a74bb5939990375e"/><dir name="coupons"><file name="form.phtml" hash="8557eb0157fe694c70923bff7f1eb3b9"/></dir><file name="data.phtml" hash="07b00e19e20bd76e5ef813c8dee2bae2"/><dir name="form"><file name="account.phtml" hash="77804704ec17985d62baea85c7e9d291"/><file name="address.phtml" hash="475d4980c3c77bffe401627ca6d6e410"/></dir><file name="form.phtml" hash="af46cbbef4b2fbde8c3d1aa04414546c"/><file name="giftmessage.phtml" hash="6b635203f087008467ecddc389ef1706"/><dir name="items"><file name="grid.phtml" hash="901a597e81c85f6115ebd3f93e433bc5"/></dir><file name="items.phtml" hash="a7c591b7b46e6c6d270624a208224210"/><file name="js.phtml" hash="7d85d217165c6e4c49ca63b6c798e333"/><dir name="newsletter"><file name="form.phtml" hash="395cce0b5b65cd302b8b90aecbc33b3a"/></dir><dir name="shipping"><dir name="method"><file name="form.phtml" hash="9d5348b6c63dddcb4856e70ea1960fc2"/></dir></dir><dir name="sidebar"><file name="items.phtml" hash="3e88163420d578a93fb26f48bfcb20eb"/></dir><file name="sidebar.phtml" hash="39a6062f44c7a4de283637aeaa42ed4b"/><dir name="store"><file name="select.phtml" hash="669509afa7804827044ee93277648013"/></dir><dir name="totals"><file name="default.phtml" hash="f31b1c17195d735f55c47903fe5d244d"/><file name="grandtotal.phtml" hash="710c57e2b99f9ff0bba0592b374d9833"/><file name="shipping.phtml" hash="71aa869013a4be27099ae48a643c1cdb"/><file name="subtotal.phtml" hash="4e29166cb3e18a7f6ed36013857d4830"/><file name="tax.phtml" hash="aa7ffc4177f29916c15e850c8bb76bd5"/></dir><file name="totals.phtml" hash="5ac89df6f9ffafa57c6d5f00ec5cb337"/></dir><dir name="creditmemo"><dir name="create"><file name="form.phtml" hash="2797fec62d3e5b262ba5969da7e0d973"/><dir name="items"><dir name="renderer"><file name="configurable.phtml" hash="f486b442cb7ef00bd40feb91a1ecd54d"/><file name="default.phtml" hash="dc12818fc636d1f6a077f868b038c84c"/></dir></dir><file name="items.phtml" hash="d9092db0f50bfbc5719e5a81fd1e2d73"/><dir name="totals"><file name="adjustments.phtml" hash="11c8662f1c30e3a39d73584f876abb2d"/></dir></dir><dir name="view"><file name="form.phtml" hash="7fa5f0af404cf07460456f08b1aa6a1a"/><dir name="items"><dir name="renderer"><file name="configurable.phtml" hash="726a67f7c26d84c36341d6cbdd8d6875"/><file name="default.phtml" hash="58c9328ad07b0009918c040cc1375fc7"/></dir></dir><file name="items.phtml" hash="0d01fb3993d19742090325d26c3e6f29"/></dir></dir><file name="giftoptions.phtml" hash="ce8c1747593ed3e2055096dc2434092d"/><dir name="invoice"><dir name="create"><file name="form.phtml" hash="393129da479805d9785459c22dd7b8e8"/><dir name="items"><dir name="renderer"><file name="configurable.phtml" hash="d22d24039e91088faa18538296389f5c"/><file name="default.phtml" hash="2930495a519bbd2582fd2d06533d180f"/></dir></dir><file name="items.phtml" hash="334b4521a3c20513cdac311ffaff2131"/><file name="tracking.phtml" hash="e08f97961e27c50ee475d6ad0b41e441"/></dir><dir name="view"><file name="form.phtml" hash="04a16626209d39faa3b2a8b951f9d5d0"/><dir name="items"><dir name="renderer"><file name="configurable.phtml" hash="16b32813a75a8f5b48d11e9b32e1a471"/><file name="default.phtml" hash="03fd2db076e02492a5f53e4406e69b86"/></dir></dir><file name="items.phtml" hash="af0af86ef56f326404f8aa9d30cd7aa2"/></dir></dir><dir name="shipment"><dir name="create"><file name="form.phtml" hash="c05ab91b3decd0e2fd86b30b664aedb9"/><dir name="items"><dir name="renderer"><file name="configurable.phtml" hash="ecba3bb7e781b00556df4bff0dfce76e"/><file name="default.phtml" hash="8fb2a16e5c6f716e2de9ac9719b4bb2d"/></dir></dir><file name="items.phtml" hash="4c4aa06a0538ebe221d9705849158c39"/><file name="tracking.phtml" hash="03942fb9234a1f79c9b73d989ed29d09"/></dir><dir name="packaging"><file name="grid.phtml" hash="c51cfd4491677e764fae2150ca872809"/><file name="packed.phtml" hash="9a7f81c8631df96dc7a3bca433ca398a"/><file name="popup.phtml" hash="56e22011c439bb4df3268465efc7d537"/></dir><dir name="tracking"><file name="info.phtml" hash="ddc05b54da750cd553b4feb61cc24149"/></dir><dir name="view"><file name="form.phtml" hash="fb8d6c1f4d1b6d3e8967596b2d21d880"/><dir name="items"><dir name="renderer"><file name="configurable.phtml" hash="98b073f680af05eec3f0e16e120de61e"/><file name="default.phtml" hash="80b5782f05e8deb802c40d341e1042c4"/></dir></dir><file name="items.phtml" hash="84f5daf395257f2fe04bee5d5ace6f16"/><file name="tracking.phtml" hash="10ff1439dc032021963f4c672a405b8f"/></dir></dir><file name="totalbar.phtml" hash="5cb2965095058914df1ccc9c30110dca"/><dir name="totals"><file name="discount.phtml" hash="e0c94b6c3f9ddf65341476203b246a82"/><file name="due.phtml" hash="3e6a3182d5e43997b3c388d7b5d6d388"/><file name="footer.phtml" hash="03e3bf0509ca1cc819a31a805f1e45d2"/><file name="grand.phtml" hash="ce29816f94a6c0598f9977e0018c4bd4"/><file name="item.phtml" hash="d9b13c71829e34d1ee3eead932346300"/><file name="main.phtml" hash="4ed1e58decca68509aac86e4cd8c46d1"/><file name="paid.phtml" hash="a699e9349419a869d28bb8d4130334f6"/><file name="refunded.phtml" hash="6a47452ff5673036900630972f10f1d4"/><file name="shipping.phtml" hash="3104bb45cd9e8f3a39eb66b47626d4be"/><file name="subtotal.phtml" hash="76c81885fd7eeb51d5cf80dbf8ed7890"/><file name="tax.phtml" hash="5edb243a562e2063bba39411fa5f0c87"/></dir><file name="totals.phtml" hash="7f45a90bfc146137f21402db00b6779c"/><dir name="view"><file name="form.phtml" hash="124ece526f5262b6fe29dbe06d69e326"/><file name="giftmessage.phtml" hash="c640f04a8f9a9a28b2601b7e6c42b110"/><file name="history.phtml" hash="4708b940799d9fa835b562c21a429d9f"/><file name="info.phtml" hash="92642bb65d1895898b05dfc5d0da31fc"/><dir name="items"><dir name="renderer"><file name="default.phtml" hash="74f761777b0ff63e0e6f40bbf80f9e42"/></dir></dir><file name="items.phtml" hash="16ee31392c68427be8999d270a939c3e"/><dir name="tab"><file name="history.phtml" hash="0dce298b5d8d3e169109a27d85d2469c"/><file name="info.phtml" hash="26fdb05c51ad4f23293a91e44379cca6"/></dir><file name="tracking.phtml" hash="c44b1207f9f146d55b3dd493ea728575"/></dir></dir><dir name="payment"><dir name="form"><dir name="billing"><file name="agreement.phtml" hash="a2ddaefeeec2cc9616ff7fad6c5be219"/></dir></dir></dir><dir name="recurring"><dir name="profile"><dir name="view"><file name="info.phtml" hash="67fcd5672deb9e184856214bd9cce5ea"/></dir><file name="view.phtml" hash="b24ce2d4b2670b869b758afb2980a989"/></dir></dir><dir name="transactions"><file name="detail.phtml" hash="5eaf6cac2e312e62c57daacdfc2e65ee"/></dir></dir><dir name="store"><dir name="switcher"><file name="enhanced.phtml" hash="9a588b14a153f548cae26ca7d948e33d"/><dir name="form"><dir name="renderer"><dir name="fieldset"><file name="element.phtml" hash="a744cb246089c64cf1d60dda02dc35c6"/></dir><file name="fieldset.phtml" hash="caadb941a9034c610955ea1c4d1c75ba"/></dir></dir></dir><file name="switcher.phtml" hash="a0d1b05281c3e478004361e13fc00220"/></dir><dir name="system"><file name="autocomplete.phtml" hash="8a8dfb9678900148a4a146215b56ca27"/><dir name="cache"><file name="additional.phtml" hash="9cb3f7539e3abdfc2f2e63b8b023fa62"/><file name="edit.phtml" hash="3d12723ac06cd92cd099ccb5ac3fb7ef"/><file name="notifications.phtml" hash="947c13efae8621adcde042535f6687bc"/></dir><dir name="config"><file name="edit.phtml" hash="8be70ae482f12cae4800c9e87ea9e856"/><dir name="form"><dir name="field"><file name="array.phtml" hash="cef7601eec9c2a5c453304a4d72e0ef5"/></dir></dir><file name="js.phtml" hash="d8336e0b00341b1c1ef646d2cae36c7c"/><file name="switcher.phtml" hash="f7ff683fb2b9ccfdbdc6fed8c3dae109"/><dir name="system"><dir name="storage"><dir name="media"><file name="synchronize.phtml" hash="ecaab17fb6841b3304eb06ce959f5501"/></dir></dir></dir><file name="tabs.phtml" hash="38ddbf6fae8f399bf1e6f80238f645da"/></dir><dir name="convert"><dir name="profile"><file name="process.phtml" hash="c63b05fb8cfc7a524be06d7ba8bea2da"/><file name="run.phtml" hash="d19c435182dc3a80587b3881c8000224"/><file name="upload.phtml" hash="96baf11f224de5871ca1e414c2140372"/><file name="wizard.phtml" hash="35c0b2d6397ab5f37e650081f1b221c4"/></dir></dir><dir name="currency"><dir name="rate"><file name="matrix.phtml" hash="e4604e52ce3501ee94a84fdd10e12231"/><file name="services.phtml" hash="b0c12e8ef48b672774d31139554f2eb5"/></dir><file name="rates.phtml" hash="bc396a7eeeaff66d06a1c0f1be870b96"/></dir><dir name="design"><file name="edit.phtml" hash="db3bc605a5da17bedf68cb47fd9f516f"/><file name="index.phtml" hash="be33d3b450d3158333355599b509d416"/></dir><dir name="email"><dir name="template"><file name="edit.phtml" hash="80a6302e83bc39243e92dabc6e9b8c32"/><file name="list.phtml" hash="befa551629fa32b8e1531e1f922d336e"/><file name="preview.phtml" hash="caf3b33291815f5b78dc378e057f4caf"/></dir></dir><file name="info.phtml" hash="d7c1f1f4840969e6047eec0daaa95ee1"/><dir name="shipping"><file name="applicable_country.phtml" hash="f8e62944d431207f63cab70619a0e056"/><file name="ups.phtml" hash="d4db12f6981e6321a92e2d9535fe5d8a"/></dir><dir name="store"><file name="cell.phtml" hash="68bcd62e7a8b26cfb6399e4ab09e2c35"/><file name="container.phtml" hash="53b08f583d8ee109000823c6326aab11"/><file name="tree.phtml" hash="46f8f02545b46d14bdca18941bc5649e"/></dir><dir name="variable"><file name="js.phtml" hash="e4ec9e79528d0745e54d1023df170fca"/></dir></dir><dir name="tag"><dir name="edit"><file name="container.phtml" hash="58da65e6b3c33db4e63489001016bcd4"/></dir><file name="index.phtml" hash="5ff3f6c7ff3c3701cb09518801e43868"/></dir><dir name="tax"><dir name="class"><dir name="page"><file name="edit.phtml" hash="7502457c1d516f89c8731cea7473dcda"/></dir></dir><file name="importExport.phtml" hash="4a66fef29c4fe97e1b8b9d0d236a1f86"/><file name="notifications.phtml" hash="645192e4f10f60038394efe2d767b0c5"/><dir name="rate"><file name="form.phtml" hash="11f6f57bf96c349b013a12ebeea5268e"/><file name="title.phtml" hash="75e90ce101ec9a6f4d3a0d1022ae6568"/></dir><dir name="toolbar"><dir name="class"><file name="add.phtml" hash="955f8a2fee881e5e7abbc2ad447dbe9c"/><file name="save.phtml" hash="c0ea03002b055ddd56226d4e8a0b17c1"/></dir><dir name="rate"><file name="add.phtml" hash="14fb48e3310b851af66a9bdc61194f8e"/><file name="save.phtml" hash="a8b02575aa2dbd1ecfa338dd5b0248e2"/></dir><dir name="rule"><file name="add.phtml" hash="b8d8686ebb3381c95986e22899ae3b6b"/><file name="save.phtml" hash="0ad4cf156e3384ae832e777288312738"/></dir></dir></dir><dir name="urlrewrite"><file name="categories.phtml" hash="4242e9929d52696db3a130c990bf8587"/><file name="edit.phtml" hash="a6f41c54a158c4515998d1af23b510c0"/><file name="selector.phtml" hash="600cd3df33305c5ccd0067a219e1b5e4"/></dir><dir name="usa"><dir name="dhl"><file name="unitofmeasure.phtml" hash="9e83ef026b2054b34082b701c36f5a57"/></dir></dir><dir name="weee"><dir name="renderer"><file name="tax.phtml" hash="c90f6922e508b5167a6c0bf1082b615e"/></dir></dir><dir name="widget"><file name="accordion.phtml" hash="6f9f3e06b56b67a00a59ac36a074134a"/><file name="breadcrumbs.phtml" hash="3aaac35732d8ba1045a00c966e3d5f5d"/><dir name="form"><file name="container.phtml" hash="6967bcf814721bf8fc480cfadb4b23df"/><dir name="element"><file name="gallery.phtml" hash="5b5f8d51ed6fcdb9af3b399a3d373ce3"/></dir><file name="element.phtml" hash="bcb46437992271333d53c0260d448201"/><dir name="renderer"><file name="element.phtml" hash="afa864adee8e6b14e2b79b1c9c06dc5e"/><dir name="fieldset"><file name="element.phtml" hash="c3e1cf61f1f7808b24eb62f69c93fa88"/></dir><file name="fieldset.phtml" hash="29ea326c3c50cfa38b835765a6ea29da"/></dir></dir><file name="form.phtml" hash="e9cdba2978e79b14601b9a4e52843561"/><dir name="grid"><file name="container.phtml" hash="53b08f583d8ee109000823c6326aab11"/><file name="massaction.phtml" hash="452e22e2b29e8a091c922a35eae40d68"/><file name="serializer.phtml" hash="e5ee8ce87e36682d8e2a1c91aa6af0e1"/></dir><file name="grid.phtml" hash="f047e5d78aa4cf24018bada81443ff4d"/><dir name="instance"><dir name="edit"><file name="layout.phtml" hash="8aeb77f95bc3573f33035f6d2aa22aa9"/></dir><file name="js.phtml" hash="0f3a16f1599383e6c787f69667d79d1a"/></dir><file name="tabs.phtml" hash="55c92fdaab6c9e731d2e3038accefd7b"/><file name="tabshoriz.phtml" hash="b886e11e3aff2f261bdef764ea60661c"/><file name="tabsleft.phtml" hash="f8aaf56c74f3bcb42b9c416713a56c18"/><dir name="view"><file name="container.phtml" hash="7c7183bcf442cd43abdfa4bbbddf8af2"/></dir></dir></dir></dir></dir></dir></target><target name="mageskin"><dir name="adminhtml"><dir name="default"><dir name="default"><file name="below_ie7.css" hash="3b406381d9ae48ee2d02b40df2fbf1dc"/><file name="boxes.css" hash="05c27c288ade60aa2c4a8b02c1bddf64"/><file name="custom.css" hash="5a9fb2ec5b5442be3e394f9ff5d2fb5a"/><file name="favicon.ico" hash="88733ee53676a47fc354a61c32516e82"/><file name="ie7.css" hash="95c39ba8fd9274ebd02640947c9cb38f"/><file name="iestyles.css" hash="d231d76901f6fb866fc6796be8d0d658"/><dir name="images"><file name="accordion_close.gif" hash="875409122fc82f5f6705e20dd801fd3d"/><file name="accordion_close.png" hash="6213698b5f69bb2907a5c7bb94b5fe8d"/><file name="accordion_open.gif" hash="d9d50e220b0b676094c6134a9708194e"/><file name="accordion_open.png" hash="9fbc3aba23ce5e0465e4d1cf3f6a7aee"/><file name="add_btn_icon-disabled.gif" hash="c8f6a5cfb455ef121efb56a747821f82"/><file name="add_btn_icon.gif" hash="7300097305b577ee564dc49102822d16"/><file name="address_list_li.gif" hash="79b917b514e35ce0a7833a5e268fd9f7"/><file name="address_list_on_arrow.gif" hash="3a2884ddcc87ebd48883662530b9de1b"/><file name="address_list_over_arrow.gif" hash="e826883c71b1184bd4f29433e39c18ad"/><file name="address_list_over_bg.gif" hash="56291480cc89de9d817205a5f23b66dd"/><file name="ajax-loader-tr.gif" hash="1ae32bc8232ff2527c627e5b38eb319a"/><file name="ajax-loader.gif" hash="e2a38f1e23288e315af3c55416bc1ce7"/><file name="application_view_tile.gif" hash="f595a133bf466cb91be23d9686fe6281"/><file name="arrow_sort_move.gif" hash="f5ac151a2b0cb1f07d6e771b8aee0ea7"/><file name="bg_collapse.gif" hash="2333c68e38163ed4656da82b9bcf362b"/><file name="bg_create_order_totals.gif" hash="ff6ab75c050b959c539cc6a6fdff2934"/><file name="bg_notifications.gif" hash="a365594725a83585d989f722b3d8c458"/><file name="bg_window_mask.png" hash="93d6efad062d24c94c105802b138b6a5"/><file name="bkg_btn-close.gif" hash="df3f2332f0bad01e031deb22b81f630c"/><file name="bkg_btn-close2.gif" hash="822457d78fb3c21dc12e9777d83eb4f1"/><file name="bkg_config-advanced.png" hash="b898594a9f1849bf386c06979ef613a8"/><file name="bkg_config-nested.png" hash="7b0fdbf98746c3c916b432c37321ccc4"/><file name="bkg_config-shaddow.png" hash="9ee4318e3f4afc446d26e7f66d01cfbd"/><file name="bkg_tooltip.png" hash="56cfed3ed8a65b19f8de88946d1a0a01"/><file name="blank.gif" hash="5722d7bd0f1e1379d0a2005a0a9ea401"/><file name="box_bg.gif" hash="4c501bd6db9d361c18780f106a809b03"/><file name="breadcrumb_bg.gif" hash="72c4adf6c75b4640ca8f7cadffa42266"/><file name="btn_add-image_icon.gif" hash="1d42210fd29fc534d9ed6b41e811d40f"/><file name="btn_add-variable_icon.gif" hash="a2db02e318d107d5b57b444c8d80b8f8"/><file name="btn_add-widget_icon.gif" hash="b4f66ca7f6097fbafd672e0b3f076ef4"/><file name="btn_add-widget_icon2.gif" hash="467acd3a14fb8be37191f5d2ec5a5b13"/><file name="btn_back_bg.gif" hash="8be512788b8044fe31aa8d00cc16ba7b"/><file name="btn_bare_bg.gif" hash="ddbbab8c0d201c3e502d50e7d4a3d64b"/><file name="btn_bg-disabled.gif" hash="079971a9d2c385fe353d35716ec9f26b"/><file name="btn_bg.gif" hash="37c51a4d48a92da9648dcd3ca011039f"/><file name="btn_bg.png" hash="6e3b7003381f919e8f6533444afaa978"/><file name="btn_cancel_bg.gif" hash="fcb3506858fcfa8d1778b0683dc89f54"/><file name="btn_delete_bg.gif" hash="ad740d0c16f2f6603c8ef023004d6539"/><file name="btn_go.gif" hash="1bd787868713767cc205e2ee25e41f62"/><file name="btn_gr_bg.gif" hash="6cc324b79a512150fee24fb3517d22cb"/><file name="btn_gr_on.gif" hash="820c134df02f7bc12efa5a9ac3b4d3dd"/><file name="btn_gr_over.gif" hash="d4c8b807d64c1f493d17c6c9d2bab69a"/><file name="btn_loading-icon.gif" hash="45f500105be432a12c78fed2b4592cf9"/><file name="btn_login.gif" hash="79fa32d49d3f4e39d3fbf8327f9229e1"/><file name="btn_on_bg.gif" hash="709cf5b0be137db1ef8427688503bf37"/><file name="btn_over_bg.gif" hash="f91641168454c03d1fa72731ec97a2b3"/><file name="btn_show-hide_icon.gif" hash="0238c509b33ba56c25df9513bb48f804"/><file name="btn_task_bg.gif" hash="5e0594bd9cbfcc1e32ffa918d7f9c812"/><file name="button-close.png" hash="04d0907b2d7fc3240693497b199f64f5"/><file name="cancel_btn_active_bg.gif" hash="91ce403d286eef2b4e0c13733875882f"/><file name="cancel_btn_bg.gif" hash="26749cf4949ac27c30f597434d3bde65"/><file name="cancel_btn_icon.gif" hash="97e0cd94ed31d6f2a1181f627e60e9a3"/><file name="cancel_btn_over_bg.gif" hash="45eb4e883b17375961672f5390387c31"/><file name="cancel_icon.gif" hash="70a23b78353f0a7b9b118a937fcb7ea9"/><file name="config_tab_dt_bg.gif" hash="a33f71077ca4078caa794cae01d9fca7"/><file name="dashboard-close.gif" hash="5ae5afd61e937fcd2d5b84641255ee4d"/><file name="db-graph-bg.gif" hash="5d76efb7c3244f5684df2566782124ea"/><file name="db-graph-bottom-bg.gif" hash="b58ced87a38a10891106329ae882aa1c"/><file name="db-graph-line-bg.gif" hash="f16bb08e040c2c0a3e23b3f35c54b79b"/><file name="db-graph-line2-bg.gif" hash="744ebfdba20d050f4d252afc216394be"/><file name="db-graph-x-bg.png" hash="d5c26510718a78d22083916d80ef7a22"/><file name="db-header-bg.png" hash="3976cb6351e167686a501a85cf3a68e9"/><file name="db-menu-bg-hov.gif" hash="34ea76a6d105d90fcb63bf105aadb8f7"/><file name="db-menu-bg-up.gif" hash="b0f754872dff5f2f0dc57ba193fdfa4c"/><file name="db-menu-bg.gif" hash="ea534c3c09bb309e566b6ae876655e13"/><file name="db-menu-sep-last.gif" hash="a01fe34854e1187e466fd58d462c4106"/><file name="db-menu-sep.gif" hash="7c5ae1cd59a189261cc3244358d5c1ad"/><file name="db-menu-start.gif" hash="aa5cac2194d937cc7fa904ccfce70ecc"/><file name="db-scroll-bg.gif" hash="06d2411e3b5f350ab21b625439d2d69d"/><file name="db-scroll-but-bot-roll.png" hash="6bc5e482f3f6d8fb1fc5014ddea43706"/><file name="db-scroll-but-bot.png" hash="25c0181e76ff8ceb3c0ec59071b8c72c"/><file name="db-scroll-but-top-roll.png" hash="b7961f2a3b5b641694a9b0b30d58e46b"/><file name="db-scroll-but-top.png" hash="de7df96e961596be9ff556924259b98b"/><file name="db-scroll-roller.png" hash="e01dde7bd096c52179acf29a425a29e5"/><file name="db-tab-bottom-left-bg.gif" hash="124388d44ac58b029377c6311a4782d5"/><file name="db-tab-bottom-mid-bg.gif" hash="9c48f33aa8907cfcb227bc779c2e1dce"/><file name="db-tab-bottom-right-bg.gif" hash="1db45e6fd8abc67d59f96a676607b412"/><file name="db-tab-footer.gif" hash="cac8928acba75bc1edd73186ced78e5c"/><file name="db-tab-header-sep.gif" hash="580312af7441b6a62f7e32081c40fb0f"/><file name="db-tab-header.gif" hash="fdf493b9477fcff7e7be98405effc33d"/><file name="db-tab-left.gif" hash="3fe3c55267dbbdd1db2ff959ccc9e0be"/><file name="db-tab-right.gif" hash="b7a32c8b03efe2fbdb63215d0446e3be"/><file name="dotted_divider_dark.gif" hash="8bf1de196d9ea048bfb25155cedd2e9e"/><file name="dotted_divider_light.gif" hash="92e562bf2070110f6b0a15e29b845445"/><file name="edit_icon.gif" hash="dbda31751c78d964c04394e9d8533187"/><file name="entry_edit_head_arrow_down.gif" hash="985c3ce4439fbf8bb2216fc7e73a3f0b"/><file name="entry_edit_head_arrow_down2.gif" hash="d68dd0fbc2819858a26ea2835c05df77"/><file name="entry_edit_head_arrow_up.gif" hash="d2b90a1823fff9f3917f19b427410144"/><file name="entry_edit_head_bg.gif" hash="1086b7196e8b33c4f46e49fecef0f35f"/><file name="error-msg.png" hash="3cd27b642416dacdc28907c89d934886"/><file name="error_msg_icon.gif" hash="e4f28607f075a105e53fa3113d84bd26"/><file name="fam_account.gif" hash="c910fd1ff41b940d71b0835e02fc143e"/><file name="fam_application_form_delete.png" hash="972c2d998fc19572dd64af6b5e2e898e"/><file name="fam_application_view_tile.gif" hash="f595a133bf466cb91be23d9686fe6281"/><file name="fam_asterisk_orange.gif" hash="908d44da90de5e54185764d093bbdb77"/><file name="fam_bin.gif" hash="2fb388bc9f1d32d3802db8e91dc238bc"/><file name="fam_book_open.png" hash="0ba89b9fbe7e88d4c6896ed0a1f495aa"/><file name="fam_bullet_disk.gif" hash="9fe82691d960c18d3d315c3f9164af4f"/><file name="fam_bullet_error.gif" hash="008802f44288b732b59cfe9fdbfecefe"/><file name="fam_bullet_success.gif" hash="465a056a3ba3d94367f51c3c0b751391"/><file name="fam_calendar.gif" hash="0614207ce4e3e0a9bd631b39e7692e3c"/><file name="fam_cart.gif" hash="1f2fd2c8ac6574488ea78302b6856191"/><file name="fam_comment.gif" hash="5138f9a4b6019a5b14b8ff9a32a3cb89"/><file name="fam_creditcards.gif" hash="b75b8ce2f4fceb58f8082c48344560c7"/><file name="fam_folder_database.gif" hash="e86175ff0f389ade1fc7bf15e03346eb"/><file name="fam_folder_palette.gif" hash="c0941b9145e06d53cc0d17ac4c151764"/><file name="fam_folder_table.gif" hash="e2914ba75944acd2a9e2d338fa339e16"/><file name="fam_group.gif" hash="52d778dddbf48b8d04226bee9370a7ef"/><file name="fam_help.gif" hash="2b5ed4c13a8e24456207b757826c7b2c"/><file name="fam_house.gif" hash="8eb2d580c5a40b7974f4263ca64fb94a"/><file name="fam_layout.gif" hash="5366a5f02260d3a860ef0c4787282ad6"/><file name="fam_leaf.png" hash="078d4f24683331b4557356a59e67b125"/><file name="fam_link.gif" hash="78590d5d8375d1baabe7b66d7b9ceb7d"/><file name="fam_lorry.gif" hash="174e86e45e76e7008fa3510cefa85047"/><file name="fam_money.gif" hash="6996bad465222fb6487cab94b4607846"/><file name="fam_money_add.gif" hash="70ceed401fe9913305f2362f7e26225d"/><file name="fam_monitor.gif" hash="f3bc806ff9d0907320b03018ba2d00ea"/><file name="fam_newspaper.gif" hash="9e5fee06a543742045118a95f2debcb8"/><file name="fam_newspaper_delete.gif" hash="41acabfc19102be92d3ccbc66d1fede3"/><file name="fam_newspaper_error.gif" hash="009bfa425298e1d2e44e38e58cd97938"/><file name="fam_newspaper_go.gif" hash="eb43105f8e13e3a752d7ca33bb086831"/><file name="fam_package.gif" hash="bf9be09ef64d006455baa211b7c03983"/><file name="fam_package_go.gif" hash="e4f8d380c2f8e5a7345e360293433764"/><file name="fam_page_white.gif" hash="26940eb67826c5af72b6048c7c5a8335"/><file name="fam_page_white_edit.gif" hash="a4f88300b74ad592a5c47ed54ff07af9"/><file name="fam_rainbow.gif" hash="e8b04cc945b3582a181d4ddbc2d2325f"/><file name="fam_refresh.gif" hash="01bbef614023c0890812e76bc7ecf7e0"/><file name="fam_server_database.gif" hash="7901fa06ffd68ed730cf43bb560756fd"/><file name="fam_status_online.gif" hash="a80019ffa3a573f709772ed1099343fc"/><file name="fam_tag_orange.gif" hash="6ce735a0e590bda040b6e1614c42e58a"/><file name="fam_user.gif" hash="63bbdd6d9d7a27591907a7b87898e259"/><file name="fam_user_comment.gif" hash="014dfd31d9af40e3d5960b2b0d900da3"/><file name="fam_user_edit.gif" hash="f5b36e803060c6b82e639a4fad57b9f7"/><file name="filter_row_bg.gif" hash="013a0929a7b2ddc6823bdda17d08acc0"/><file name="footer_bg.gif" hash="7724711d3ca07a5e46a6030e86743a71"/><file name="gift-message-collapse.gif" hash="5b710f5faa9c7352a39c10e3ebbee6fc"/><file name="gift-message-expand.gif" hash="fd53a70cbb1ea048754657a63787e9cb"/><file name="gift-message-grid-column-bg.gif" hash="97a8a9b8cc4ab68e7404ccf1320f50a6"/><file name="grid-cal.gif" hash="b1468e5239504974c689eea5d93f86d4"/><file name="grid_sort_asc.gif" hash="b78c3a1a27ac9672a31b7d1bbac60322"/><file name="grid_sort_desc.gif" hash="d958b946eba3dba863d724530a0dba1a"/><file name="grid_th_bg.gif" hash="8f4349fac728858374e17edf03390977"/><file name="grid_th_onclick_bg.gif" hash="7bf331e2a41e5331c4210bdc6adc4383"/><file name="grouped_to_order_icon.png" hash="4bdae9a6199655027b8b8aeee8f80ce4"/><file name="header_bg.gif" hash="cbe510856afa5cb0c32642c1f9a8eceb"/><file name="header_top_bg.gif" hash="8440b04c5cb6b1451bb886bfbef260a5"/><file name="horiz_tabs_ul_bg.gif" hash="58dbd9c45f76993346c2bb788896248e"/><file name="i_notice.gif" hash="ebd56dc80b8346e10e93628bc0e6c372"/><file name="i_question-mark.png" hash="23201b7ac207eebd9be0776ea44098a4"/><file name="ico_success.gif" hash="0afb20898a704a106cb4c598868abf32"/><file name="icon-enabled.png" hash="5fa7c06b312cbea3675e844686e434af"/><file name="icon-tooltip.png" hash="5767601cd66b23d0b6fe8defc10dd48d"/><file name="icon_btn_add.gif" hash="7300097305b577ee564dc49102822d16"/><file name="icon_btn_back.gif" hash="89ed97cede3f68241446a62c96e3ce4c"/><file name="icon_btn_delete.gif" hash="dbde0b76d36cfd624bf0de166d0a265e"/><file name="icon_btn_save.gif" hash="f5da95ac65efff5f5cf9c8830202764d"/><file name="icon_edit_address.gif" hash="d1ca2bb3a5c86afd379f25d9fc4352e3"/><file name="icon_export.gif" hash="9a13f20c6a17b41b9c357545c2da5636"/><file name="icon_export.png" hash="fb299dd13df666516eabe16f59193383"/><file name="icon_feed.gif" hash="0366583ed6e285d028442fcdebb05072"/><file name="icon_feed.png" hash="8537f6f88fcff4aac793247143d14e42"/><file name="icon_note_list.gif" hash="8d25ba225ca09b687a78bff510df5d10"/><file name="icon_remove_address.gif" hash="2de2b3d02c19adfb93e9e43a392db178"/><file name="login_box_bg.gif" hash="e4654826eaa8d5ebc0ab18e9bee71e1d"/><file name="login_box_bg.jpg" hash="404e37f4ee9f4ff9bfcb638741c7581d"/><file name="login_box_bg_auth.jpg" hash="d90a81db1064ec37b0cc92436725c24b"/><file name="login_box_bottom.jpg" hash="038f15261e74bc381484f2fcfa45a73b"/><file name="login_box_legal_bg.gif" hash="528ac4dd480c4fc00ac808bf17394c05"/><file name="login_logo.gif" hash="9cc90e7aa1210883000fe5319862ce14"/><file name="logo-large.gif" hash="5c77654c424b0a35cc24d28df5166dc4"/><file name="logo.gif" hash="c7e9f290d965f707e4c4a61bfdab58cb"/><file name="logo_email.gif" hash="5e0912a388db8cd83c062766ac3a5d89"/><file name="logo_print.gif" hash="5e0912a388db8cd83c062766ac3a5d89"/><file name="massaction_bg.gif" hash="8b5f4db3ab3ea09cd5bd0164d67c4f0d"/><file name="massaction_button_bg.gif" hash="4c8262817e48d007237124ce0e7f4d18"/><file name="massaction_links_delimiter.gif" hash="9a0337183b5b67c0eed75993d7f14d10"/><file name="middle_bg.gif" hash="ba4f176d2c553201ebab4aba5c6d3d20"/><file name="more_arrow.gif" hash="38bb4c0e9270250151486d0bb36c476f"/><file name="nav1_active.gif" hash="a7f9ec7689a65c6b796f0d9b97582d01"/><file name="nav1_bg.gif" hash="a1d4ef5b590ce0a425dc04e45ed06cbe"/><file name="nav1_off.gif" hash="5286cbd5ac9ec1b6c027d5b48a74bdab"/><file name="nav1_on.gif" hash="a7f9ec7689a65c6b796f0d9b97582d01"/><file name="nav1_over.gif" hash="2c70d6175f1c965c27dda0598a67e63c"/><file name="nav1_sep.gif" hash="5286cbd5ac9ec1b6c027d5b48a74bdab"/><file name="nav2_last_li_bg.png" hash="279935c9799679fc5894337eaabc7cf0"/><file name="nav2_last_li_over_bg.png" hash="39536f00824293d11242888a76f40a5f"/><file name="nav2_li_bg.gif" hash="0a4f34b0e4436c519d31203f19503b83"/><file name="nav2_li_bg.png" hash="2fad219d162324e9a19f2745d5b6d562"/><file name="nav2_li_over_bg.png" hash="dc37c4a4aab40ea2ae44dea5ea133a9d"/><file name="nav2_link_bg.gif" hash="dce00ddad351e72e83bc87274cbaa54a"/><file name="nav2_parent_arrow.gif" hash="60e012a14a077bd2257343facc369c0c"/><file name="nav3_bg.png" hash="2bc7af80ad8886013da38401b63ab6df"/><file name="nav_bg.gif" hash="1b857c7d35f35ef9f6cae9e03a4e3dff"/><file name="nav_list_bg.gif" hash="7a4e2bdb887c12d8a1152bbcc8c02a3c"/><file name="nav_nest_link_bg.gif" hash="1d0c6b374bf02ac4b5aa012955c431de"/><file name="nav_nest_link_over_bg.gif" hash="fae3c579a4d432503b1f4f929d070609"/><file name="nav_on_bg.gif" hash="ac624b580cae5a76f6c92abc5a44191d"/><file name="nav_parent_arrow.gif" hash="3a95559263e569dc1c8065cb2d9b3f2c"/><file name="note_bg.gif" hash="105967d7c15ab4610726eea52d862a97"/><file name="note_cell_bg.gif" hash="71e656d42f8ba8c2d477c6866c499b71"/><file name="note_msg_icon.gif" hash="e774ee481a2820789c1a77112377c4e0"/><file name="notice-msg.png" hash="9cd1dfebccec8a2123d543fa49b17bd7"/><file name="pager_arrow_left.gif" hash="6e44f608dac8eb8be1d1ebee5a3285aa"/><file name="pager_arrow_left_off.gif" hash="30f5e56195ab3546b36f4016db5254be"/><file name="pager_arrow_right.gif" hash="cc79526156b7e0c8abce61fad3d53f77"/><file name="pager_arrow_right_off.gif" hash="f01b7dad9acf0180b5c62edbd7ea9939"/><dir name="paypal"><file name="logo-paypal.png" hash="d032551b47e48dced277c4fa344ac7f6"/><file name="pp-allinone.png" hash="c457fe4bfe28a18c90d0abd36fe3f880"/><file name="pp-alt.png" hash="37a166931ca15c465bd86311d15e0422"/><file name="pp-gateways.png" hash="90acb72c2f46fa131351efe0492d52cf"/><file name="pp-uk.png" hash="e0830ccb14533051b8b0340471744228"/></dir><file name="paypal_logo.gif" hash="871e205a64292121f4c893373acfb581"/><file name="paypal_section.png" hash="d032551b47e48dced277c4fa344ac7f6"/><file name="paypal_tick.gif" hash="e8685c1fb7c4c106ae4fd24e9bbf5a27"/><dir name="placeholder"><file name="thumbnail.jpg" hash="5c73b5aa515b1719f7b398f5131f91a8"/></dir><file name="process_spinner.gif" hash="345b30b4d0b6088d0151ecfbdf48c036"/><file name="product_rating_blank_star.gif" hash="5e20a299c0ff16168be38b6dde580eda"/><file name="product_rating_full_star.gif" hash="dd5aae332178d928a7f49dea7691b5f6"/><file name="reload.png" hash="84cc4883f78ef850814ea9b53989b2a7"/><file name="rule-ajax-loader.gif" hash="32dc1f5901143d36fbd7a6df3950819f"/><file name="rule_chooser_trigger.gif" hash="9c498e789c3ce734f5301c2475e2a04c"/><file name="rule_component_add.gif" hash="7914e57701ca26f5c8bf23c6bc3e1f25"/><file name="rule_component_apply.gif" hash="3f9b9025551da6963a9ecf8d184a204a"/><file name="rule_component_remove.gif" hash="4d785bcecfbe716fa4d749d20738a8f0"/><file name="save_btn_icon.gif" hash="f5da95ac65efff5f5cf9c8830202764d"/><file name="sec_nav_bg.gif" hash="99c6741591cdb2a2a128668a1d32d668"/><file name="section_menu_bg.gif" hash="f9edd44c92743a0c9ae9535a7992d6b1"/><file name="section_menu_bottom.gif" hash="167d2ef46ff80158c807b4b916501b28"/><file name="section_menu_link_bg.gif" hash="bcabd4fea0d67b181f21779564c2284b"/><file name="section_menu_link_over_bg.gif" hash="7da7e56567633aab279cf3aec6f49d8d"/><file name="section_menu_over_span_bg.gif" hash="f5ea5292f15ed62b99f0f51d9fff2c66"/><file name="section_menu_span_bg.gif" hash="dbf3916358e794ee809b4cf33903af2c"/><file name="section_menu_ul_bg.gif" hash="3aea6e5452f548438ca34e17954a9d6b"/><file name="side_col_bg.gif" hash="b3691fd62663457af39eaf71dd8cda5a"/><file name="simple_container_bg.gif" hash="56f1ac91169eb4896b8c91384fc8bf15"/><file name="sort-arrow-down.gif" hash="fc2cd9f756ce510c4470478d720f81cd"/><file name="sort-arrow-down.png" hash="dc65160d9d4d6cdd6bfe1b397a931975"/><file name="sort-arrow-up.gif" hash="39026b0ff1f0c18091caa60384491163"/><file name="sort-arrow-up.png" hash="da54e5306bdce67551aa415f5d7f7ea7"/><file name="sort_heading_bg.gif" hash="6066d09f237f556b0a4770e4788e7598"/><file name="sort_on_bg.gif" hash="0cb36788ed4fbf19e657acbc75a3f1b8"/><file name="sort_row_bg.gif" hash="f2e1c5cb26b9f5211419b99d30745244"/><file name="spacer.gif" hash="df3e567d6f16d040326c7a0ea29a4f41"/><file name="sub_button_bg.gif" hash="e3f66dd60510f9f7e937e2e55442c30a"/><file name="success-msg.png" hash="c64cb2acc3d0eeba48fdea83620913ed"/><file name="success_msg_icon.gif" hash="834dfafd5f8b44c4b24a4c00add56fcf"/><file name="tabs_link_bg.gif" hash="34447929f5e6591ba9b5795b983fdfd4"/><file name="tabs_link_over_bg.gif" hash="2cf3f56884096055fb0bdf9474f280c9"/><file name="tabs_span_bg.gif" hash="bcabd4fea0d67b181f21779564c2284b"/><file name="tag_blue_edit.gif" hash="b2163ac3baf7d822b48593342846645a"/><file name="tn_cancel_bg.gif" hash="fcb3506858fcfa8d1778b0683dc89f54"/><file name="tooltip_bg.gif" hash="0aa4b866fc067a75f27ab749c1dabf74"/><file name="tooltip_corner.gif" hash="71146534671d5e0751505640b7c59859"/><file name="tooltip_top.gif" hash="032ff52a6ff5714cbdf6c1f62abaf7e5"/><dir name="tree_icons"><file name="join.gif" hash="4d5d614e0da056df815a4306d6368692"/><file name="joinbottom.gif" hash="4b3daa7f2cc584f1aac0d142275d7cba"/><file name="line.gif" hash="63ab38a6203262f15ca46c631232ea2c"/><file name="minus.gif" hash="d647fbbd0ec410b8f3bb3357b62eedcf"/><file name="minusbottom.gif" hash="b09d684cca7135ef728141aaf2464baa"/><file name="nolines_minus.gif" hash="eb2243a354ffcfac93ba0fe948f7167d"/><file name="nolines_plus.gif" hash="ec92b634b63608fb4b0dbf114e3b89e1"/></dir><file name="validation_advice_bg.gif" hash="b85432906de8985a8b14eeb2dc652d3c"/><file name="varien_logo.gif" hash="6f10d0fe572cb012947c164217e9e428"/><file name="warning_msg_icon.gif" hash="4cf6ec7f59ab09f9c18b3a4301714c6d"/><dir name="widget"><file name="catalog__category_widget_link.gif" hash="8435943009f1f774bbd6a4809c719eb8"/><file name="catalog__product_widget_link.gif" hash="62f2d7020143f98ba7514469eb612a7f"/><file name="catalog__product_widget_new.gif" hash="37a5af9f98ae73e180ad0cca05c95324"/><file name="cms__widget_block.gif" hash="b7b0b1517cc38b18b92841b33b312190"/><file name="cms__widget_page_link.gif" hash="b839dee210e61850a5858cc8634cbccd"/><file name="default.gif" hash="684143ae5531aa6ba22215f4fadeea6c"/><file name="reports__product_widget_compared.gif" hash="bd3e5a5015eb2c5c64f1d11835166dc4"/><file name="reports__product_widget_viewed.gif" hash="44d5cd71e4fb7235f9cff0c7e2b2f531"/></dir><file name="widget_placeholder.gif" hash="2bd8d72cf12f8d7d0a6a3268f97786ff"/><file name="window_close.png" hash="3af14f053f360bf31f8ba2df73ec7f1e"/><file name="window_content.png" hash="08361df29783d46a2493cf0d8ad733a7"/><file name="window_top.png" hash="555a8db5efa3a252c2ead3d3dadd1075"/><dir name="wysiwyg"><file name="skin_image.png" hash="a521b0c60b001de4a3405e73c4a6cd4a"/></dir></dir><dir name="lib"><dir name="prototype"><dir name="windows"><dir name="themes"><dir name="magento"><file name="btn_bg.gif" hash="37c51a4d48a92da9648dcd3ca011039f"/><file name="content_bg.gif" hash="21278ea0da2d4256f4ced96b6080ba2e"/><file name="top_bg.gif" hash="26f28090de87d64f9b01bf624f89bfe2"/><file name="window_close.png" hash="3af14f053f360bf31f8ba2df73ec7f1e"/></dir><file name="magento.css" hash="55603ec932535c2ba674d42bbcea2dc5"/></dir></dir></dir></dir><file name="menu.css" hash="59b98e43f935c3ad5ae4785775c8d333"/><file name="oauth-simple.css" hash="acc973224aab3839b84210b6c1995213"/><file name="print.css" hash="4d4d9374c93de695e169a4ad994ee921"/><file name="reset.css" hash="2980ed10019c8e40a03e6a0e26cd3418"/></dir></dir></dir></target></contents>
    <compatible/>
    <dependencies><required><php><min>5.2.0</min><max>6.0.0</max></php><package><name>Mage_Core_Adminhtml</name><channel>community</channel><min>1.9.3.2</min><max>1.9.3.2</max></package><package><name>Lib_Js_Ext</name><channel>community</channel><min>1.9.3.2</min><max>1.9.3.2</max></package></required></dependencies>
</package>
