<?xml version="1.0"?>
<package>
    <name>Interface_Frontend_Default</name>
    <version>1.9.3.0</version>
    <stability>stable</stability>
    <license uri="http://opensource.org/licenses/afl-3.0.php">AFL v3.0</license>
    <channel>community</channel>
    <extends/>
    <summary>Default interface for Frontend</summary>
    <description>Default interface for Frontend</description>
    <notes>1.9.3.0</notes>
    <authors><author><name>Magento Core Team</name><user>core</user><email>core@magentocommerce.com</email></author></authors>
    <date>2016-10-04</date>
    <time>13:04:28</time>
    <contents><target name="magedesign"><dir name="frontend"><dir name="default"><dir name="default"><dir name="etc"><file name="theme.xml" hash="528ac4f55cd072f0a370080867d04ead"/><file name="widget.xml" hash="eb9b18489aeccceb9e699456307bf89f"/></dir><dir name="locale"><dir name="en_US"><file name="translate.csv" hash="793e1ff86039f24caff6fad87a094fa1"/></dir></dir></dir></dir></dir></target><target name="mageskin"><dir name="frontend"><dir name="default"><dir name="default"><dir name="css"><file name="oauth-simple.css" hash="b35aed9f09b4c097eb7f487c6d39e639"/><file name="print.css" hash="da60daf18eedd0f4bbadb16f266f0f0b"/><file name="styles-ie.css" hash="3726d62e353c05d3e6492e2bfd289da5"/><file name="styles.css" hash="ae57568d68644e4287e6feda6f454997"/></dir><file name="favicon.ico" hash="88733ee53676a47fc354a61c32516e82"/><dir name="images"><file name="best_selling_tr_even_bg.gif" hash="5022d648379090e306f00cd64738b146"/><file name="best_selling_tr_odd_bg.gif" hash="926622704f53796801bb5d097e116c8e"/><file name="bkg_account_box.gif" hash="dd98174b6e3e5605a3f9551a59c66841"/><file name="bkg_block-actions.gif" hash="da2970eac0a22c850b19ee3680475d51"/><file name="bkg_block-currency.gif" hash="bfaad1b64557c05ad6f4b124ad3d3532"/><file name="bkg_block-layered-dd.gif" hash="6ae6f8184e87de496fb74eeec65737c9"/><file name="bkg_block-layered-dt.gif" hash="ba8229068657b80f2c42111c5a1a307e"/><file name="bkg_block-layered-label.gif" hash="14687dfa3921cfd12d2149c1497d9765"/><file name="bkg_block-layered-li.gif" hash="753ebb76a4fc2b5b6915c536fcf4d487"/><file name="bkg_block-layered-title.gif" hash="c92e29b30af7abf4e0bc3f714a246f55"/><file name="bkg_block-layered1.gif" hash="607167f198572e83a0e728b6b9383a70"/><file name="bkg_block-title-account.gif" hash="a64f1df5a7e3d0f6a58b017f74311cb1"/><file name="bkg_block-title.gif" hash="f8c1f130ad69464fe7aff2f589b2ec75"/><file name="bkg_body.gif" hash="82bfc5bfe346c8e974cd33b1314b0acf"/><file name="bkg_buttons-set1.gif" hash="2c641e927bc83156b7004ea37920513c"/><file name="bkg_checkout.gif" hash="11258fe49feff5513c9608f2ea486776"/><file name="bkg_collapse-gm.gif" hash="37418f23e65006dcfde07ce9b249e057"/><file name="bkg_collapse.gif" hash="2333c68e38163ed4656da82b9bcf362b"/><file name="bkg_divider1.gif" hash="260ebae91ffb1b7c663906b29a069925"/><file name="bkg_form-search.gif" hash="2ca36eb80ea705e063409153f3821f78"/><file name="bkg_grand-total.gif" hash="10f1c3d82d78170706fa3e9c4baa7e04"/><file name="bkg_grid.gif" hash="a6f64fedbac51fb1b86184cd488cc4e6"/><file name="bkg_header.jpg" hash="0211c47be1493bd0ec72949c47932b81"/><file name="bkg_login-box.gif" hash="5538675d7f1c35d96a2b8013948f42a6"/><file name="bkg_main1.gif" hash="a8f5717873dc6cf8f6bd22924b5838fe"/><file name="bkg_main2.gif" hash="cf18ba9f7c7e6b058b439cde1a897e9c"/><file name="bkg_nav0.jpg" hash="f9ac3f31e293cf075471d2d3fe07353a"/><file name="bkg_nav1.gif" hash="f4e26840c8cca0e74aba5b810341c5c0"/><file name="bkg_nav2.gif" hash="a64c8f5165b239e432d26a62ae5f79b6"/><file name="bkg_opc-title-off.gif" hash="f69b40b5331ab3760f54d038daf287eb"/><file name="bkg_pipe1.gif" hash="7852290f6a443000ead96b8cec5cd7c7"/><file name="bkg_pipe2.gif" hash="7da64eefaf4da3855ab6ee76dbced0c2"/><file name="bkg_pipe3.gif" hash="11bfac1e590f0c77fb12f37d7f05cd3c"/><file name="bkg_product-view.gif" hash="7078a7f2827156d5ae0a1cb59da3c418"/><file name="bkg_product_collateral.gif" hash="1d4d6b22e5108aefae52709d3934f397"/><file name="bkg_rating.gif" hash="0a8777c815350ddf1e316a537ad0c335"/><file name="bkg_sp-methods.gif" hash="17d68b5449adaa87dafc62ae0afa1b9a"/><file name="bkg_tfoot.gif" hash="da2970eac0a22c850b19ee3680475d51"/><file name="bkg_th-v.gif" hash="b0d17555dfc6060941e0c067718189df"/><file name="bkg_th.gif" hash="f249911b08f2822fc0b561b7f98575d2"/><file name="bkg_toolbar.gif" hash="fb7ed019476eaa1643af922b59ede4fb"/><file name="btn_checkout.gif" hash="d2060501e14e86c29e28137130e5726e"/><file name="btn_edit.gif" hash="df3565eb4e4d0dc578201df60de54b47"/><file name="btn_gm-close.gif" hash="346e26eece27449a2f224aef76ae372e"/><file name="btn_google_checkout.gif" hash="843d75249ce05b5d87ca5419f37b1c3b"/><file name="btn_paypal_checkout.gif" hash="6edd61270b7b5632eafad10557129114"/><file name="btn_place_order.gif" hash="d35219f86ae2c983ee1a31557e37b612"/><file name="btn_previous.gif" hash="63473a1520a73bb0c9b47b685d17cd21"/><file name="btn_proceed_to_checkout.gif" hash="4daac687b514fecfd1068539500ac3d7"/><file name="btn_proceed_to_checkout_dis.gif" hash="9e152c01d5d88f690dc52cb62428f3b6"/><file name="btn_remove.gif" hash="6182e723aa2a253dc6cf334a3dfaaa84"/><file name="btn_remove2.gif" hash="234bddc4c5878c5ef16407a944824236"/><file name="btn_search.gif" hash="2d93b43c0a1c1182358677661e26a978"/><file name="btn_trash.gif" hash="bcb22f558a0eb32243a2a36645189e9f"/><file name="btn_window_close.gif" hash="c83f3cbbb2aedfc580dff78d5cfb63ed"/><file name="calendar.gif" hash="b1468e5239504974c689eea5d93f86d4"/><dir name="catalog"><dir name="product"><dir name="placeholder"><file name="image.jpg" hash="097ab8a3051bc037ea3de0e17f440540"/><file name="small_image.jpg" hash="f825d16f97a640453553c79c48ebaa73"/><file name="thumbnail.jpg" hash="b2b682d28a08a748a73d2cda70ab5a57"/></dir></dir></dir><file name="cvv.gif" hash="83cdd38bf110b0f9c52fe84b56f45298"/><file name="cvv.jpg" hash="e27210d810bbab732935d9410936ef87"/><file name="fam_book_open.png" hash="0ba89b9fbe7e88d4c6896ed0a1f495aa"/><file name="free_shipping_callout.jpg" hash="cbf2e494ef7ca50acf8826321d739559"/><file name="grid-cal.gif" hash="b1468e5239504974c689eea5d93f86d4"/><file name="home_left_callout.jpg" hash="ee99a5586cf52e85c986d1275958a7da"/><file name="home_main_callout.jpg" hash="e6d1c119d5b24a5916fe394cb4b5cdc3"/><file name="i_arrow-top.gif" hash="3dbb0584e8eb1d96cc3d3c40c17d7aaf"/><file name="i_asc_arrow.gif" hash="40aa554212d6a1f60593c27d78d85fa3"/><file name="i_availability_only.gif" hash="bca1f00a50864171ad98317b778e869c"/><file name="i_availability_only_arrow.gif" hash="0cf32b72fefc94b89b74e4f3f02c2e93"/><file name="i_block-cart.gif" hash="cc19e21f9c89b70cc10354ff588ca8ab"/><file name="i_block-currency.gif" hash="643024bcae5ece554fdbbc041aeb297c"/><file name="i_block-list.gif" hash="fe8424127ecbe4b0d893bcf6f253dc1a"/><file name="i_block-poll.gif" hash="52d778dddbf48b8d04226bee9370a7ef"/><file name="i_block-related.gif" hash="4e277173b6372b1a90b0f19e0388ad54"/><file name="i_block-subscribe.gif" hash="9e5fee06a543742045118a95f2debcb8"/><file name="i_block-tags.gif" hash="67d1255c2c3e9ed1a5c845f8d4e4a3ba"/><file name="i_block-viewed.gif" hash="67d1255c2c3e9ed1a5c845f8d4e4a3ba"/><file name="i_block-wishlist.gif" hash="8f8cda89ca20ba4a9b2f8c91f73fdff9"/><file name="i_desc_arrow.gif" hash="92fd194bfae4ce5ae3354e1e47d7ac7d"/><file name="i_discount.gif" hash="908d44da90de5e54185764d093bbdb77"/><file name="i_folder-table.gif" hash="bf006ddb591d8ac95d2e895bf2fdbc8d"/><file name="i_ma-info.gif" hash="91259557447ee80eb1110fe0c85cb3b5"/><file name="i_ma-reviews.gif" hash="859c97695ec396c0b284a0c3c7c416ad"/><file name="i_ma-tags.gif" hash="1e83e3b0b677c92b3aa8a252268f7b86"/><file name="i_msg-error.gif" hash="e4f28607f075a105e53fa3113d84bd26"/><file name="i_msg-note.gif" hash="e774ee481a2820789c1a77112377c4e0"/><file name="i_msg-success.gif" hash="834dfafd5f8b44c4b24a4c00add56fcf"/><file name="i_notice.gif" hash="ebd56dc80b8346e10e93628bc0e6c372"/><file name="i_page1.gif" hash="704f7d4eccbdf9cabbad7770f18856ff"/><file name="i_page2.gif" hash="57a04ca584e05e28dc94c7e68f0af62e"/><file name="i_pager-next.gif" hash="ed4d6640624c2b6edeab4c212314bd6d"/><file name="i_pager-prev.gif" hash="75973b020105dccbaf34e49d7852552d"/><file name="i_print.gif" hash="0aed138181495642e9ab29e55d194d40"/><file name="i_rss-big.png" hash="6cf70e7c52a3f3d7b833ccadb041a555"/><file name="i_rss.gif" hash="e5bbc388d818c142868b4a1df0b48793"/><file name="i_search_criteria.gif" hash="cf67b9cc5c311ae3f99e68cd29ae17be"/><file name="i_shipping.gif" hash="91a0d2cc2eb2391f90ec8a75c04b3183"/><file name="i_tag_add.gif" hash="a736baa992aa55b6fb71e8742a04dc82"/><file name="i_tier.gif" hash="c5189e25afeb7c1a8c4902a42832593e"/><file name="i_type_grid.gif" hash="a1e5d8ac36fb2891ea16e729b95c552c"/><file name="i_type_list.gif" hash="61333d383ec142b8d270abe77324aa5d"/><file name="logo.gif" hash="48b7eb03807fdf80bdfb19b872cf84b8"/><file name="logo_email.gif" hash="8de347192e0524cff7a69e4020182dbd"/><file name="logo_print.gif" hash="8de347192e0524cff7a69e4020182dbd"/><file name="magnifier_handle.gif" hash="238fbdd7959f517db11c6f57ee4daaf4"/><file name="map_popup_arrow.gif" hash="6383b40a9e7bd3c95260bef4fbb1b163"/><dir name="media"><file name="404_callout1.jpg" hash="834e53a03e2921a2fd3c135c0c7189df"/><file name="404_callout2.jpg" hash="016984b4a1579df34147f9407098db73"/><file name="about_us_img.jpg" hash="726f36dd75b5a709a1a14acab1660188"/><file name="best_selling_img01.jpg" hash="5e7337a4061a636df8ee4bf979a092ac"/><file name="best_selling_img02.jpg" hash="b9a49c0964938ec72fb834cb166b9352"/><file name="best_selling_img03.jpg" hash="e3581487fb4589baecc553f2ce8d5247"/><file name="best_selling_img04.jpg" hash="7e59bf99f5f813e327595c52d3320174"/><file name="best_selling_img05.jpg" hash="e396892daec7ffcf7244082b3e596911"/><file name="best_selling_img06.jpg" hash="2702839637efbe0fd0a4bad41cd6a551"/><file name="cell_phone_landing_banner1.jpg" hash="b25562360fc470f1091ca7ea014a3290"/><file name="col_left_callout.jpg" hash="5f762006021e046f9bd536f37ea7c463"/><file name="col_right_callout.jpg" hash="dae22f37a542da272a35195ec286ec25"/><file name="electronics_cellphones.jpg" hash="8f6badbc32ce806c6109c788df6ef5e9"/><file name="electronics_digitalcameras.jpg" hash="953b8d7db6f0bdcd53b1d6b1386962b9"/><file name="electronics_laptops.jpg" hash="e050e92d72000e6bdc763a7b5888ec8a"/><file name="furniture_callout_spot.jpg" hash="28edc7d72486ab2362324995550d87af"/><file name="furnitures_bed_room.jpg" hash="b8616c5bffc23a92d2a1c97dae57b262"/><file name="furnitures_living_room.jpg" hash="2663737f3997cb1a49ce24d07dc8aefb"/><file name="head_electronics_cellphones.gif" hash="a69425966444ea597fb7c629114d5165"/><file name="head_electronics_digicamera.gif" hash="bde3cec3fc16b2d0ae57e7783eb00652"/><file name="head_electronics_laptops.gif" hash="b2c55387ffa92277315bdedeb4cb9b8f"/><file name="laptop_callout_mid1.jpg" hash="4ffb50bd3b7b32a78fd059b1571c202e"/><file name="laptop_callout_mid2.jpg" hash="662cf3881b06b090e9500496b19b03e4"/><file name="laptop_callout_mid3.jpg" hash="22aa71ecfe0aa9b6936a1eddb62d889e"/><file name="laptop_callout_spot.jpg" hash="2e469d1bd871355eaef6076487a973db"/><file name="shirts_landing_banner1.jpg" hash="4acc8620b009d835e5c25587671ea25d"/></dir><file name="np_cart_thumb.gif" hash="e9fdd943e0947e15f0638506f477e358"/><file name="np_more_img.gif" hash="ace357bfe3e81ffb62137cd5b25ae5e1"/><file name="np_product_main.gif" hash="d0cccda76de50efa025215ce85dacb1c"/><file name="np_thumb.gif" hash="e46270c89358ecc8341d1565c14644b8"/><file name="np_thumb2.gif" hash="8502866cdabc5c74aca7d7bd32a06a03"/><file name="opc-ajax-loader.gif" hash="e805ea7eca1f34c75ba0f93780d32d38"/><file name="pager_arrow_left.gif" hash="75973b020105dccbaf34e49d7852552d"/><file name="pager_arrow_right.gif" hash="ed4d6640624c2b6edeab4c212314bd6d"/><file name="ph_callout_left_rebel.jpg" hash="0ce8ad0026d8b8a83ed7acdf6209129b"/><file name="ph_callout_left_top.gif" hash="f17a036d75e5065eb76bafbb2c8ad7ff"/><file name="product_zoom_overlay_magnif.gif" hash="83834893e162221d6d9257fe67847370"/><file name="slider_bg.gif" hash="87bc1b46d87de4f6252c7216216627c3"/><file name="slider_btn_zoom_in.gif" hash="ef0fc67f77f30827ee67f4e744b60781"/><file name="slider_btn_zoom_out.gif" hash="68b3d1c28dc5aec4f6b64d70a6996b6f"/><file name="spacer.gif" hash="df3e567d6f16d040326c7a0ea29a4f41"/><file name="validation_advice_bg.gif" hash="b85432906de8985a8b14eeb2dc652d3c"/><file name="window_overlay.png" hash="9ec9aea4c2159e0b1e73bda29821a39f"/><dir name="xmlconnect"><dir name="catalog"><dir name="category"><dir name="placeholder"><file name="image.jpg" hash="097ab8a3051bc037ea3de0e17f440540"/><file name="small_image.jpg" hash="f825d16f97a640453553c79c48ebaa73"/><file name="thumbnail.jpg" hash="b2b682d28a08a748a73d2cda70ab5a57"/></dir></dir></dir><file name="tab_account.png" hash="0498d73e47ed47179e5546dc15c17dc7"/><file name="tab_cart.png" hash="9055ba76e256a51d3fee53a8c41d5226"/><file name="tab_home.png" hash="07d0af93e167b9366d3d4fb3d6cdb31c"/><file name="tab_more.png" hash="b9fc21feb8d7655bc9c2985c37b0de2f"/><file name="tab_page.png" hash="ca05dbc42f944b8d4255f6675f6dd93a"/><file name="tab_search.png" hash="25e880eb2a4d06828e2e1c3f32d22400"/><file name="tab_shop.png" hash="fe602fc2e7093efef5ecc0b027a32d91"/></dir></dir></dir></dir></dir></target></contents>
    <compatible/>
    <dependencies><required><php><min>5.2.0</min><max>6.0.0</max></php><package><name>Mage_Core_Modules</name><channel>community</channel><min>1.9.3.0</min><max>1.9.3.0</max></package></required></dependencies>
</package>
