<?xml version="1.0"?>
<package>
    <name>Interface_Install_Default</name>
    <version>1.9.3.9</version>
    <stability>stable</stability>
    <license uri="http://opensource.org/licenses/afl-3.0.php">AFL v3.0</license>
    <channel>community</channel>
    <extends/>
    <summary>Default interface for Install</summary>
    <description>Default interface for Install</description>
    <notes>1.9.3.9</notes>
    <authors><author><name>Magento Core Team</name><user>core</user><email>core@magentocommerce.com</email></author></authors>
    <date>2018-05-16</date>
    <time>19:11:12</time>
    <contents><target name="magedesign"><dir name="install"><dir name="default"><dir name="default"><dir name="etc"><file name="theme.xml" hash="2b8a8e5c60e4784255103ef960654b5c"/></dir><dir name="layout"><file name="main.xml" hash="2cb06d08ba540edaa57211ab1e6b71e3"/></dir><dir name="template"><dir name="install"><file name="begin.phtml" hash="edc909883a0dd894799b11e35ecd4d78"/><file name="config.phtml" hash="23e3cd8fb40fe450f53c8f2989b64628"/><file name="create_admin.phtml" hash="5a3493606f6c6f8dc3aa18c07a26197a"/><dir name="db"><file name="main.phtml" hash="085af57b1eabf603853a5ad54933c8ee"/><file name="mysql4.phtml" hash="3f1311b2485d576e2a5242bf160ce5e3"/></dir><file name="download.phtml" hash="7ea367eccbea0474cc9bfaeb5f5768c4"/><file name="end.phtml" hash="a8dcb42695cf6b34f5818b4d3e4fbb46"/><file name="locale.phtml" hash="19017a22e20311eeaa8c1ca03a388e4e"/><file name="state.phtml" hash="717f306783e754c422b1842dd1cc7830"/></dir><file name="page.phtml" hash="d14f695b33a604ac37d13782ac57464b"/></dir></dir></dir></dir></target><target name="mageskin"><dir name="install"><dir name="default"><dir name="default"><dir name="css"><file name="boxes.css" hash="9a5a383865b0a339a338b5c7dba4d2ef"/><file name="clears.css" hash="385643f0c918bfebaa7a99e04e251bb5"/><file name="ie7minus.css" hash="44645224adb1d5285c44369468391487"/><file name="iestyles.css" hash="5ad54798fe1e80145aac277e420fe2dc"/><file name="reset.css" hash="88f8f9c255d960d4313426de37ba1832"/></dir><file name="favicon.ico" hash="88733ee53676a47fc354a61c32516e82"/><dir name="images"><file name="error_msg_icon.gif" hash="e4f28607f075a105e53fa3113d84bd26"/><file name="footer_bg.gif" hash="d59784af16fd95ea82226e5708a89232"/><file name="footer_container_bg.gif" hash="d468e3943943cbbf711586e69d40ca42"/><file name="footer_info_separator.gif" hash="7da64eefaf4da3855ab6ee76dbced0c2"/><file name="footer_informational_bg.gif" hash="72d37f4b2ea747bf8969c2654ad1d1e0"/><file name="footer_left.gif" hash="2b15a54bea9409a75c142d14a62f0149"/><file name="footer_legality_bg.gif" hash="4eb1602e3369dccd901ffe98ea0fd4b3"/><file name="footer_right.gif" hash="a45eaf35c8797d299bd4d9b936528e8f"/><file name="header_bg.gif" hash="795c6de754d0d49717ed08d5cd8168c8"/><file name="header_nav_bg.gif" hash="80c6a18686eb0243e06d6176506a2502"/><file name="header_top_bg.jpg" hash="143f524392ee62fcc8183f5930d7258b"/><file name="header_top_container_bg.jpg" hash="294c18f3f6b838bba06ae41dd3c3d638"/><file name="i_notice.gif" hash="ebd56dc80b8346e10e93628bc0e6c372"/><file name="logo.gif" hash="48b7eb03807fdf80bdfb19b872cf84b8"/><file name="main_bg.gif" hash="cf18ba9f7c7e6b058b439cde1a897e9c"/><file name="main_container_bg.gif" hash="a8f5717873dc6cf8f6bd22924b5838fe"/><file name="note_msg_icon.gif" hash="e774ee481a2820789c1a77112377c4e0"/><file name="success_msg_icon.gif" hash="834dfafd5f8b44c4b24a4c00add56fcf"/><file name="validation_advice_bg.gif" hash="b85432906de8985a8b14eeb2dc652d3c"/></dir></dir></dir></dir></target></contents>
    <compatible/>
    <dependencies><required><php><min>5.2.0</min><max>6.0.0</max></php><package><name>Mage_Core_Modules</name><channel>community</channel><min>1.9.3.9</min><max>1.9.3.9</max></package></required></dependencies>
</package>
