<?xml version="1.0"?>
<package>
    <name>Interface_Frontend_Base_Default</name>
    <version>1.9.3.9</version>
    <stability>stable</stability>
    <license uri="http://opensource.org/licenses/afl-3.0.php">AFL v3.0</license>
    <channel>community</channel>
    <extends/>
    <summary>This is a Magento themes base</summary>
    <description>This is a Magento themes base</description>
    <notes>1.9.3.9</notes>
    <authors><author><name>Magento Core Team</name><user>core</user><email>core@magentocommerce.com</email></author></authors>
    <date>2018-05-16</date>
    <time>19:11:11</time>
    <contents><target name="magedesign"><dir name="frontend"><dir name="base"><dir name="default"><dir name="etc"><file name="theme.xml" hash="8456ce6bc50c16bc6eb2f858d3551274"/><file name="widget.xml" hash="b039c91603c077fce6e6fb5697779eea"/></dir><dir name="layout"><file name="authorizenet.xml" hash="74589d8b92c296319407f0bcc46a5df3"/><file name="bml.xml" hash="85d0410a866de04e1035fccca375c830"/><file name="bundle.xml" hash="0d991090c4db718e54ac8a346d96c588"/><file name="captcha.xml" hash="8894a7165a42087ac2d9e8208e543ca2"/><file name="catalog.xml" hash="c123ba1f6a458fda2e9eb51cf9dfccaf"/><file name="catalog_msrp.xml" hash="617274bff686d2f4b7d968dad552ee8c"/><file name="cataloginventory.xml" hash="9f6066ff94eb73268af2e88b3eff411a"/><file name="catalogsearch.xml" hash="2032722cd8e7b792531bf23c1df03638"/><file name="checkout.xml" hash="a64880bf5f26a1ff63288611b4a402e0"/><file name="cms.xml" hash="2d7ead19f6967420ca1cf940689eeeef"/><file name="contacts.xml" hash="d63ec031ede1c113f9c8fdb1cb519c30"/><file name="core.xml" hash="d647dcd1e20bb299db3a0b7cc3aed2a8"/><file name="customer.xml" hash="372dcd60eb3076bac088a4c7f0d46b9c"/><file name="directory.xml" hash="d07d5dba3781de15fbaba737b42ef768"/><file name="downloadable.xml" hash="6591f5c7a59395059d6e220f561bffb4"/><file name="googleanalytics.xml" hash="8bb73d5563e553513684959a2ef2c332"/><file name="newsletter.xml" hash="ed64264aa5085d7c65c2628497dcc993"/><file name="oauth.xml" hash="6d1407d7b05af1d4ceb9b30449453dd4"/><file name="page.xml" hash="058a8ae61f2cdc1f79c8b4c51f3e17e8"/><file name="pagecache.xml" hash="66e331999d7509dd1a9c9b46bcd3eebb"/><file name="payment.xml" hash="5a2f743709d22c929c677475e3b8c6f3"/><file name="paypal.xml" hash="a760b0e6576eba3b28aba0e7bd8f8c68"/><file name="paypaluk.xml" hash="3951356c6f2d3ad52c5233158b45d070"/><file name="persistent.xml" hash="1f41380c13b127caa9df0aa4525f18cd"/><file name="poll.xml" hash="2e686135cb1a9ed5520bdef6a48da5d8"/><file name="productalert.xml" hash="84db302990121c0f40a95a6735895c15"/><file name="reports.xml" hash="e0243c38b1651d54b61044735a0eb242"/><file name="review.xml" hash="9f7dfb8bfdee047060697a0c2c05bb20"/><file name="rss.xml" hash="cb5df441e86a2fc6bfd6b3796cff3833"/><dir name="sales"><file name="billing_agreement.xml" hash="b6d7c6bcd1d34544ca17f816f6791922"/><file name="recurring_profile.xml" hash="cff2aa70bf8b88b5f0425086e61a4494"/></dir><file name="sales.xml" hash="84f65b624bed5a53b350572e81cdc928"/><file name="sendfriend.xml" hash="ab32892a9dc0055ba5073521ffc02576"/><file name="shipping.xml" hash="37470069637ffb1073c8d763f9878ce1"/><file name="tag.xml" hash="24224280175e238661d69ca681ad83c5"/><file name="weee.xml" hash="4a2cfd66198d46972ca85ae7b5629914"/><file name="wishlist.xml" hash="36019bd4ce8edd30cd728092b9e68696"/></dir><dir name="template"><dir name="authorizenet"><dir name="directpost"><file name="form.phtml" hash="d5cdd7b78c891bfff70e8790d6ffc12a"/><file name="iframe.phtml" hash="53746666b8a8db3b04729ade2ff6e2b2"/><file name="info.phtml" hash="fbc5be2a2c57b140b8514f1c82c33ef6"/></dir></dir><dir name="bundle"><dir name="catalog"><dir name="product"><dir name="list"><file name="partof.phtml" hash="20cfdaaca70ab5e35d0e2ccff8171273"/></dir><file name="price.phtml" hash="12e500578adc44420ec61286ce8bd9fe"/><dir name="view"><file name="option_tierprices.phtml" hash="29e771d963a3e0792ba1e95077ca2ec4"/><dir name="options"><file name="notice.phtml" hash="25150590765a6c50755e78047a202ff5"/></dir><file name="price.phtml" hash="61c5cb33985a75c3cef3f27eac22afb5"/><file name="tierprices.phtml" hash="1b3f9b2ba01c7202725d82abd01cc655"/><dir name="type"><dir name="bundle"><dir name="option"><file name="checkbox.phtml" hash="bc049a4508679dc542f5d5581926ba08"/><file name="multi.phtml" hash="11c5e1ed6a2673073f30fec116b1879d"/><file name="radio.phtml" hash="5c33d673c9d985711e4921ece0fd2c48"/><file name="select.phtml" hash="f75bdcb3b0bd7f6916d051687cb5a299"/></dir><file name="options.phtml" hash="b4f3e35dc1b5b57aee26e8da085e9979"/></dir><file name="bundle.phtml" hash="399cc732170698b099b8174e2b2de454"/></dir></dir></dir></dir><dir name="email"><dir name="order"><dir name="items"><dir name="creditmemo"><file name="default.phtml" hash="744d32dd5d1cb7e39408ffdd1ad0af4e"/></dir><dir name="invoice"><file name="default.phtml" hash="85ca34e86439ee5e9b03a766c4bff504"/></dir><dir name="order"><file name="default.phtml" hash="9ba33789de1dc83ad615a909750a6125"/></dir><dir name="shipment"><file name="default.phtml" hash="c518b4e39921666a67b51fbd17567637"/></dir></dir></dir></dir><dir name="rss"><dir name="catalog"><dir name="product"><file name="price.phtml" hash="ddf72b1d237e37ccbdc0cf6728bdb36c"/></dir></dir></dir><dir name="sales"><dir name="order"><dir name="creditmemo"><dir name="items"><file name="renderer.phtml" hash="374cb1079a633140d3929e1cb22976d2"/></dir></dir><dir name="invoice"><dir name="items"><file name="renderer.phtml" hash="f3ff0ccf7cffd96fa51cc204fb51c41d"/></dir></dir><dir name="items"><file name="renderer.phtml" hash="6523e258694ff74f4df98fdcf9d6e80b"/></dir><dir name="shipment"><dir name="items"><file name="renderer.phtml" hash="6dd7ccc354e3ccf1bec5d0e0940398d3"/></dir></dir></dir></dir></dir><dir name="callouts"><file name="left_col.phtml" hash="5924c31ef60634a290acb1363febff88"/><file name="right_col.phtml" hash="5924c31ef60634a290acb1363febff88"/></dir><dir name="captcha"><file name="zend.phtml" hash="dded7aa771db7b3935063f825765e8f4"/></dir><dir name="catalog"><dir name="category"><file name="page.phtml" hash="f65ed1cc0f8590be0f1ce42df42082e2"/><file name="view.phtml" hash="ca926a5109914e411e848c59e67f902e"/><dir name="widget"><dir name="link"><file name="link_block.phtml" hash="1ecdd16fc4e6edca73f2f47ccbf578df"/><file name="link_inline.phtml" hash="05d5399253bd9fdd3e544162c07bae2d"/></dir></dir></dir><dir name="layer"><file name="filter.phtml" hash="f60ce6a217bed17895e272974fea7295"/><file name="state.phtml" hash="aef918cb1dc87a6e19f15e9933ccdbf5"/><file name="view.phtml" hash="feefd9951d1a5f09f5afbdc6f172bfb5"/></dir><dir name="msrp"><file name="popup.phtml" hash="7c3cc106d79b705a4116fd9177e84781"/></dir><dir name="navigation"><file name="left.phtml" hash="5cd031a95462120d260f83986b7976a1"/><file name="top.phtml" hash="37273f3692f8d3202e34bab12db12448"/></dir><dir name="product"><dir name="compare"><file name="list.phtml" hash="2be9b104504b50e12736ba4335be1fcf"/><file name="sidebar.phtml" hash="e4a99b7993ef2f606cb145c0758e1874"/></dir><file name="gallery.phtml" hash="e5e78dccbf7d78232b19513c1c70ec0e"/><dir name="list"><file name="related.phtml" hash="7e3571c754e92568e49001f2e2774571"/><file name="toolbar.phtml" hash="98f9fbfb6baf00753121771d7d821638"/><file name="upsell.phtml" hash="95f6aa43904bbf23f708a2492ca1bf92"/></dir><file name="list.phtml" hash="a3819339b3ab9e332f5f4376a5bcf3d5"/><file name="new.phtml" hash="dfbd7b61a13fe64e621c552af68c3711"/><file name="price.phtml" hash="11c8607758a73dc990fe7210bc305a47"/><file name="price_msrp.phtml" hash="d47b6e3a6af79ba55d41ba7250a92233"/><file name="price_msrp_item.phtml" hash="7c98887e105b59df267d690a19a24812"/><file name="price_msrp_noform.phtml" hash="413603cebbf863156462956523e4fb21"/><file name="price_msrp_rss.phtml" hash="93dfe7555e290c626e4ca521fd8bdbc5"/><dir name="view"><file name="additional.phtml" hash="69b4be4cb728488c7258d59e02946888"/><file name="addto.phtml" hash="27212ac80f9f4f83ae82946bc935d5d2"/><file name="addtocart.phtml" hash="367552b5951f38a477f2770e345580ef"/><file name="attributes.phtml" hash="b4c881aded9930fe1bdd6fcceb32655e"/><file name="description.phtml" hash="210eb7ef6b1d8a89a789115dafc45bc0"/><file name="media.phtml" hash="9ce45ff36e3169883ba5388d8c63eb08"/><dir name="options"><file name="js.phtml" hash="4ac667882951aec76435d122ce5316e1"/><dir name="type"><file name="date.phtml" hash="59cc3b678a8e389fee9cadcdb9c10f2e"/><file name="default.phtml" hash="b39a69f3f00d6a5c3fd95afe6abc9c22"/><file name="file.phtml" hash="52140af4caec9b58dc2e4b68d6b1d097"/><file name="select.phtml" hash="eccbd8d8de7c8e92932aca2ace9e61c8"/><file name="text.phtml" hash="acaa8e0e08b174ec7da420e4294b646f"/></dir><dir name="wrapper"><file name="bottom.phtml" hash="763e684c32f170448930fb60d10f2a12"/></dir><file name="wrapper.phtml" hash="a99a31b8b2e50e972632a5e8cf969ddd"/></dir><file name="options.phtml" hash="20f2f16105aff5089d66c73edcac4f30"/><file name="price.phtml" hash="c162b62db5616ab0c13cf5899c8cf88e"/><file name="price_clone.phtml" hash="bb525601f75b38803c975fa76595604a"/><file name="tierprices.phtml" hash="46347b577e07c8472c548e64d9dc9426"/><dir name="type"><file name="configurable.phtml" hash="f7a80a8ac392000a0b0d5549d8999fae"/><file name="default.phtml" hash="8204682fcc86d1bdad4d81b6ba3cc191"/><file name="grouped.phtml" hash="629d1a2b1e6a4b755153a3d15e72b346"/><dir name="options"><file name="configurable.phtml" hash="802457191b401d09a9fd035df97d7991"/></dir><file name="simple.phtml" hash="f7a80a8ac392000a0b0d5549d8999fae"/><file name="virtual.phtml" hash="f7a80a8ac392000a0b0d5549d8999fae"/></dir></dir><file name="view.phtml" hash="59eff20144fa118bd9f2a636b269bfae"/><dir name="widget"><dir name="link"><file name="link_block.phtml" hash="aa60331637ee730e126e9259919dafc6"/><file name="link_inline.phtml" hash="ee6bac1fa8335c20361de2430b5160cd"/></dir><dir name="new"><dir name="column"><file name="new_default_list.phtml" hash="1ddf2d721a61fb4738f33a00fa7154d1"/><file name="new_images_list.phtml" hash="0886eb747ae3c78f3f90da6266b00f45"/><file name="new_names_list.phtml" hash="c13201f54054a71e9262a11cab75056e"/></dir><dir name="content"><file name="new_grid.phtml" hash="46e953204b8f7712aad512e90946664a"/><file name="new_list.phtml" hash="62b1c60b7d165a66ec7c98a1409703f7"/></dir></dir></dir></dir><dir name="rss"><dir name="product"><file name="price.phtml" hash="2e871c42449bc31765773c46004c1435"/></dir></dir><dir name="seo"><dir name="sitemap"><file name="container.phtml" hash="429b70d3cee186c5276609482dba7b6b"/></dir><file name="sitemap.phtml" hash="adf9fd9f748d0382e9c3acc00b16da0a"/><file name="tree.phtml" hash="5b027e5d45c1f9370de6f2de1396d764"/></dir></dir><dir name="cataloginventory"><file name="qtyincrements.phtml" hash="274918325bb27a3de7c94298b6c381a1"/><dir name="stockqty"><file name="composite.phtml" hash="b90787e9f5559fa3546dc8c30e230ae9"/><file name="default.phtml" hash="f2196ea260bf5525c6c7ff44650cbd22"/></dir></dir><dir name="catalogsearch"><dir name="advanced"><file name="form.phtml" hash="8417f817a3e6efbd5246bad1b62d0379"/><file name="result.phtml" hash="c13ee8c748a87933cc5a7ac111e3b924"/></dir><file name="form.mini.phtml" hash="eff2a2da159402068716e20faa4b42a6"/><file name="result.phtml" hash="398972ab3766eae5c2d290087d2607b9"/><file name="term.phtml" hash="03bca86ff71856e21f23fbc97b8e1489"/></dir><dir name="checkout"><dir name="cart"><file name="coupon.phtml" hash="61c8f7e500b54e9d988d8c97675f1d4e"/><file name="crosssell.phtml" hash="742e7d3489f9de170b79e78fb00928d7"/><dir name="item"><dir name="configure"><file name="updatecart.phtml" hash="98cd2a4a2cd71544c0612d76cb025984"/></dir><file name="default.phtml" hash="6cd6494f6a2651e921a037248fd3d7b6"/></dir><file name="noItems.phtml" hash="facfb03068b35b2bd351207286b02965"/><dir name="render"><file name="default.phtml" hash="33069ecebf9d11167e06f6c378315170"/><file name="simple.phtml" hash="7c2bb379ef071f854b3d6d8ac8e716ea"/></dir><file name="shipping.phtml" hash="7ed957412c64efb699db25642fc253c2"/><dir name="sidebar"><file name="default.phtml" hash="081e90f7e63a9243ab332eabc493cd4f"/></dir><file name="sidebar.phtml" hash="115c2cd1173ea4f073fab02a3007c0af"/><file name="totals.phtml" hash="10a59ce27180f0669e3fe02e9223f958"/></dir><file name="cart.phtml" hash="86aec6a4c52a841a19c1d60f7cbf7bf6"/><dir name="multishipping"><dir name="address"><file name="select.phtml" hash="fd2dbf03021661802dac6ba03d3189a4"/></dir><file name="addresses.phtml" hash="5d849deb8cd4d551d7f5f99597917ec6"/><file name="agreements.phtml" hash="72f8e7f0bcc4d72894ae6ca1041ebb9d"/><dir name="billing"><file name="items.phtml" hash="ff4ab0494c91e0b20effd1178a8df61b"/></dir><file name="billing.phtml" hash="5f789e827930c0a71f726e9d1c173f0b"/><dir name="item"><file name="default.phtml" hash="e52d0159c19c93fc5ba013c1f2ae5763"/></dir><file name="link.phtml" hash="0224f87f7b72da1e1e0d08dd38bd59cd"/><dir name="overview"><file name="item.phtml" hash="ce783a3ca3ac43bb52afb99eccc5ed00"/></dir><file name="overview.phtml" hash="3b3fa136cf6df9fe320ad72e4e5fdba9"/><file name="shipping.phtml" hash="5245d3b0579c17dab58500e205d71eb2"/><file name="state.phtml" hash="c125a8a52d97ceddc91c0dcb909e9849"/><file name="success.phtml" hash="d0f060fe4b50de86976973afa86bed74"/></dir><dir name="onepage"><file name="agreements.phtml" hash="45404001934939beee9eaed4f9ad16a0"/><file name="billing.phtml" hash="a1a2e307821a7a3a509516e25afad2b8"/><file name="failure.phtml" hash="6224a687fe25e0553491930fd6c2bfc1"/><file name="link.phtml" hash="63de860e4aa4c4a04bc81d8667bc1ffc"/><file name="login.phtml" hash="70d025b1cfa9fc5fdd2d7cb27d5058fc"/><dir name="payment"><file name="info.phtml" hash="c3199c3811d71236690c831b1f1806df"/><file name="methods.phtml" hash="6c680a1884378c0710b52da66ad4cd46"/></dir><file name="payment.phtml" hash="f0a0fe0496bbb19a1a460f583450e652"/><dir name="progress"><file name="billing.phtml" hash="1451ce8d849cd278b53494b924bee481"/><file name="payment.phtml" hash="210b7df0f97d8e30489f0e772077246e"/><file name="shipping.phtml" hash="04872e976465952fc7abeaea7b8c6d11"/><file name="shipping_method.phtml" hash="7fbd89f26fcce262232245633075d058"/></dir><file name="progress.phtml" hash="046556b8f5c0c0543a395a3cc096ba77"/><dir name="review"><file name="button.phtml" hash="9a37eea9980800d8e6e27e1b3bf0ebf3"/><file name="info.phtml" hash="4408d4e7e8b3c7119c74fde483db3f5c"/><file name="item.phtml" hash="f632c9cbb1c4504becbc7dea63dee81c"/><file name="totals.phtml" hash="ad34c45e104fbd91f5d37dddcce1282f"/></dir><file name="review.phtml" hash="fc140818bdb8a23094130d07cabd2933"/><file name="shipping.phtml" hash="27970a39acdba5d3ad1afb7ced73891c"/><dir name="shipping_method"><file name="additional.phtml" hash="8ab69ff9d687aaf1cbd4a84549767876"/><file name="available.phtml" hash="7713b0e4557977c9a3c7bb0e7cb3c4e4"/></dir><file name="shipping_method.phtml" hash="6bf0240797cd436ec542aa144fc435c4"/></dir><file name="onepage.phtml" hash="f08317a8d5d1d6195df40ae2d79e766e"/><file name="success.phtml" hash="8c638c68a1b2c9940cb35b5e0f5aed25"/><dir name="total"><file name="default.phtml" hash="732dcd5519918052dde74d5f8c706703"/><file name="nominal.phtml" hash="e79744c0722a6a52664b3db28db34726"/><file name="tax.phtml" hash="f04650078c8702105bb6e59ef8ffd7b7"/></dir></dir><dir name="cms"><file name="content.phtml" hash="38cbe3b1972b721c2d367bd21f74817b"/><file name="content_heading.phtml" hash="c6b0ffdd3ed68a9882888ac564224930"/><dir name="default"><file name="home.phtml" hash="bfc8946e23275a5a7438918169d9f2c5"/><file name="no-route.phtml" hash="b3f0906f2b159d8abace9bc3dcdd6625"/></dir><file name="meta.phtml" hash="e51ef9c07e2e628e142a427512fd9137"/><dir name="widget"><dir name="link"><file name="link_block.phtml" hash="624195969fabb9ac9d03b64e2a06e0b3"/><file name="link_inline.phtml" hash="2be71411f75e519e22043344eaccde1e"/></dir><dir name="static_block"><file name="default.phtml" hash="754d0192532d02bae5004d853670c5ca"/></dir></dir></dir><dir name="contacts"><file name="form.phtml" hash="c478a8c54c27c4683f60f8e80bd054c0"/></dir><dir name="core"><file name="formkey.phtml" hash="52f90aeb452765e92c5f7346768b513f"/><file name="link.phtml" hash="4e046010dbb7f5a248b389a1119b63db"/><file name="messages.phtml" hash="abc3e82d903030a00eeaacdfc46d313e"/></dir><dir name="customer"><dir name="account"><dir name="dashboard"><file name="address.phtml" hash="8d61408b412552263191f615379cd49e"/><file name="hello.phtml" hash="91006427be928ffd256ef3ca93c505c5"/><file name="info.phtml" hash="511f2299dd3299c0240d27da77e945b7"/><file name="newsletter.phtml" hash="a391459ffeac54b4e1e3a0d8bec91323"/></dir><file name="dashboard.phtml" hash="d66833deed9605f0217340ed3fd9d2cc"/><dir name="link"><file name="back.phtml" hash="a480026329e7b4f0ecda541162cdd370"/></dir><file name="navigation.phtml" hash="87023699db2126337b1ea8d88e4fd1c3"/></dir><dir name="address"><file name="book.phtml" hash="84f5e86e8d4857d8f8a94d3f99247594"/><file name="edit.phtml" hash="d4b56d385495b06bd0adfab247bccaa6"/></dir><file name="address.phtml" hash="2e9c6138dfab41d1c3cb824d27847b31"/><file name="balance.phtml" hash="38a6b224814284f34e215c3aeac08322"/><dir name="form"><file name="address.phtml" hash="0c1bcd2ddfc5a4844319d47205efc861"/><file name="changepassword.phtml" hash="864791f80064a75baf213684785f4785"/><file name="confirmation.phtml" hash="b09f339dad56e1bd32a9efea027a5242"/><file name="edit.phtml" hash="5c2f9978a5deb516a3ff7c4b87a0fe40"/><file name="forgotpassword.phtml" hash="df8a3447845149d968ca8d766b9c3f92"/><file name="login.phtml" hash="bc8ec2d0e1cf939ff8a9d13462df6080"/><file name="mini.login.phtml" hash="adf6356f12c48feb2c66e0dcad96d22a"/><file name="newsletter.phtml" hash="7b21f20e8965b2925ddab6cd3d25d8a8"/><file name="register.phtml" hash="9ec12739a03da9c1f1f5fb9ab01d37a9"/><file name="resetforgottenpassword.phtml" hash="00aafc38934f088a89922535340398b1"/></dir><file name="logout.phtml" hash="692bf6a91293dca20ac1d8d423cd4842"/><file name="orders.phtml" hash="415f7beedbc75c4b1444d8dfa43ef1a0"/><dir name="widget"><file name="dob.phtml" hash="1005a4b61b78219d1a24d2451f5721b9"/><file name="gender.phtml" hash="9ab80b2f02547be4910049747fccb44d"/><file name="name.phtml" hash="341bc06f2b7fc35de3f05fbe3fb286ee"/><file name="taxvat.phtml" hash="235c425c7329ba45ea9473f92148270e"/></dir><file name="wishlist.phtml" hash="3eb53b8ac5008e5ceda023bfd9244fcd"/></dir><dir name="directory"><dir name="currency"><file name="switch.phtml" hash="f3bdbd94aed70f0d5d5c172e58b4d767"/></dir><file name="currency.phtml" hash="3c8644ea81c5775ad3aff629c8c8d977"/><dir name="js"><file name="optional_zip_countries.phtml" hash="12e03bc68425dbade51f09c2175d55a8"/></dir></dir><dir name="downloadable"><dir name="catalog"><dir name="product"><file name="links.phtml" hash="42654e1abddd0b611a1993c08bc45fbb"/><file name="samples.phtml" hash="ea6139e298479fe9a3b9c9f477f5b754"/><file name="type.phtml" hash="6c50a8e98b8dd31ac03e6c5fb6690b38"/></dir></dir><dir name="checkout"><dir name="cart"><dir name="item"><file name="default.phtml" hash="c0637e971f56b908960fc3dd7dbf5a8a"/></dir></dir><dir name="multishipping"><dir name="item"><file name="downloadable.phtml" hash="2c69529160097bea32ff80f037a9c020"/></dir></dir><dir name="onepage"><dir name="review"><file name="item.phtml" hash="e583ad71dd97f2e3b556ccb8f868db28"/></dir></dir><file name="success.phtml" hash="bc6f469a75bc1de8dfa15aded5d1f30e"/></dir><dir name="customer"><dir name="products"><file name="list.phtml" hash="18a141d934609d40a3f078df20a3508e"/></dir></dir><dir name="email"><dir name="order"><dir name="items"><dir name="creditmemo"><file name="downloadable.phtml" hash="bb7938a72157c7864895905329f27172"/></dir><dir name="invoice"><file name="downloadable.phtml" hash="21bc2fb9d7cd0c960bac0efeaf3c3b3c"/></dir><dir name="order"><file name="downloadable.phtml" hash="ab115d50c24bbc9ca289c6d9f89c0326"/></dir></dir></dir></dir><dir name="sales"><dir name="order"><dir name="creditmemo"><dir name="items"><dir name="renderer"><file name="downloadable.phtml" hash="0862e6384cf124d2f56dd3c9b39b4eaa"/></dir></dir></dir><dir name="invoice"><dir name="items"><dir name="renderer"><file name="downloadable.phtml" hash="8101021bbda0d83532d762aa1a01187b"/></dir></dir></dir><dir name="items"><dir name="renderer"><file name="downloadable.phtml" hash="b19302cf47d0f5f83dbdedbb2ed6778d"/></dir></dir></dir></dir></dir><dir name="email"><dir name="order"><dir name="creditmemo"><file name="items.phtml" hash="97b06e756e0dd6b49748a465ee6ac99d"/></dir><dir name="invoice"><file name="items.phtml" hash="66caf7d5ca0015a03fc713687dcaba7b"/></dir><dir name="items"><dir name="creditmemo"><file name="default.phtml" hash="f2a289aa7803a166604144486cb67893"/></dir><dir name="invoice"><file name="default.phtml" hash="f2a289aa7803a166604144486cb67893"/></dir><dir name="order"><file name="default.phtml" hash="f9b82d8136205af87f1248ec7894b436"/></dir><dir name="shipment"><file name="default.phtml" hash="de24831f6b719d9029fd891356e37340"/></dir></dir><file name="items.phtml" hash="50ccdd1b18c1646044ed4591182c1a81"/><dir name="shipment"><file name="items.phtml" hash="d27af9b1d046423b8b9336a579b2e86c"/><file name="track.phtml" hash="8f996f39588c8bcd7250074940445084"/></dir></dir><dir name="productalert"><file name="price.phtml" hash="b678f3974a9bc48e6abe0e090eccca58"/><file name="stock.phtml" hash="ef910dfede9981c99d26bd417672899a"/></dir></dir><dir name="giftmessage"><file name="inline.phtml" hash="19f369b97a63e187dfe4cbbf59b92875"/></dir><dir name="googleanalytics"><file name="ga.phtml" hash="ae4de836406da8b74f83e002c1dd045f"/></dir><dir name="newsletter"><file name="subscribe.phtml" hash="010ce9bf3338f5cc67e74cd39d74061e"/></dir><dir name="oauth"><dir name="authorize"><file name="button-simple.phtml" hash="7b7c4eddad3a6daa4ebc653d3c354aad"/><file name="button.phtml" hash="faf402dae0f6e2ee1498e3311ed20867"/><file name="confirm-simple.phtml" hash="654be81300352000efad878dc6790939"/><file name="confirm.phtml" hash="411e649a95a12f01e313f47415670bdc"/><dir name="form"><file name="login-simple.phtml" hash="5707d1b6ed9d5c9f760947af49b7afdd"/><file name="login.phtml" hash="a1f0159424c7deff76d7671b844e7314"/></dir><file name="head-simple.phtml" hash="35385fe88fa3969db9eb4c4ff4f0858d"/><file name="reject-simple.phtml" hash="30a809f48943c115e834f975d0706e6c"/><file name="reject.phtml" hash="dc70d7ac0460d0086ccee822d273aed6"/></dir><dir name="customer"><dir name="token"><file name="list.phtml" hash="c786ee5b27d4b2fe53f24fc762311607"/></dir></dir></dir><dir name="page"><file name="1column.phtml" hash="ba560885185c4174f30b34a83e74d1d7"/><file name="2columns-left.phtml" hash="15e087a80a45babc5f31d1210f1a8f16"/><file name="2columns-right.phtml" hash="b6bfd3f33b2c52dccc39b61649c4f411"/><file name="3columns.phtml" hash="605fc8c99f65573d0cd0d5028f70ab22"/><file name="empty.phtml" hash="d5ce8a6aa99a9312e36f8f30bbace818"/><dir name="html"><file name="breadcrumbs.phtml" hash="387c80cc4409b7d80fc0e109b5c26468"/><file name="cookienotice.phtml" hash="c1ab166aaca1f37131ade1df47b46f3b"/><file name="footer.phtml" hash="165f2e189ea95fbfdea4e2362a3f070a"/><file name="head.phtml" hash="dca7c9be1b47837f389b9e8c5760bc2d"/><file name="header.phtml" hash="b78450b9af7254cb3eca5b3239f2821b"/><file name="notices.phtml" hash="96f1d387f046315a1029acb6cec49ded"/><file name="pager.phtml" hash="a43620a9590e1c18ad866f45e21e55a0"/><file name="top.links.phtml" hash="8ee81889b89096fb2c73f15bc24625d7"/><file name="topmenu.phtml" hash="1f4ebb56d60d4c9e7a50e514ac33def4"/><file name="wrapper.phtml" hash="c5d2f15bf230989d4f932d1121df5fc7"/></dir><dir name="js"><file name="calendar.phtml" hash="b51f1073a88be80c620ca69b14c6afa9"/><file name="cookie.phtml" hash="583347e0052989c5b551f69c52cde80b"/></dir><file name="popup.phtml" hash="0d87ff223bbd31ab6b18e9cc0d7d48a0"/><file name="print.phtml" hash="1983a1945db0b690536338b03daa698c"/><file name="redirect.phtml" hash="205bdbdafaa0c29b3c48787ac5342aaa"/><dir name="switch"><file name="flags.phtml" hash="edb6a15d64c0ef384e70e92eab7f53c8"/><file name="languages.phtml" hash="8f26fa4d37ac034c48a63d5c066272c4"/><file name="stores.phtml" hash="00221806ad7ca5e599f88eca41b14000"/></dir><dir name="template"><file name="container.phtml" hash="6478f20491c01cef5a83f3ffa07b1383"/><file name="links.phtml" hash="83d62cf22893e64ae9b9548a5ba249e4"/><file name="linksblock.phtml" hash="cf2c5f3b4efccc1c6adbec81af428ab3"/></dir></dir><dir name="pagecache"><file name="cookie.phtml" hash="a803aa11c5e463f6ff7c31a22e3e938d"/></dir><dir name="paygate"><dir name="form"><file name="cc.phtml" hash="df6342dd4fc3a3700ee31e35e28963af"/></dir><dir name="info"><file name="cc.phtml" hash="d070d6bde2301d2dadf6da2069fcbe0e"/></dir></dir><dir name="payment"><dir name="catalog"><dir name="product"><dir name="view"><dir name="profile"><file name="options.phtml" hash="c169fdadee257741239dfc0a4ba99012"/><file name="schedule.phtml" hash="e3e2b2e6028163ac3349c3dd911d3ada"/></dir></dir></dir></dir><dir name="form"><file name="banktransfer.phtml" hash="1e5d9ed7e5afb0892ea5e9fdbee3d555"/><file name="cashondelivery.phtml" hash="74a08676d6e701110c5f77f1ca34775e"/><file name="cc.phtml" hash="b9883effd675b829993ff08552c7a8ff"/><file name="ccsave.phtml" hash="679e2f094fc2c2d78fa4210d7664f6ac"/><file name="checkmo.phtml" hash="3c750279b924b87776eafca6f95dfb62"/><file name="purchaseorder.phtml" hash="8bc2d0ce1aedd9206e62e6f8ee31425d"/></dir><dir name="info"><file name="banktransfer.phtml" hash="af54b6d8084d85a700bceaa8709a2d88"/><file name="checkmo.phtml" hash="b099571826a7253a0916a70c37b30f99"/><file name="default.phtml" hash="153c9c6e57f693a1d36c18b3273436b3"/><file name="purchaseorder.phtml" hash="a59afd0455a29faf454dae91919b959e"/></dir></dir><dir name="paypal"><file name="bml.phtml" hash="d1737b9d0742bfa69bd753f3c926aae9"/><dir name="express"><dir name="review"><file name="details.phtml" hash="bbf6399883c3a37ea12ec642692d17b3"/><dir name="shipping"><file name="method.phtml" hash="fa2893274e2e7c4ae48d1f595c87b4ab"/></dir></dir><file name="review.phtml" hash="7e9ed9af0177629fdcf6ce31dfc50f01"/><file name="shortcut.phtml" hash="7ae8c4de2e8e9994b6f33e320b19e393"/></dir><dir name="hss"><file name="form.phtml" hash="332124520ec379e3c0f0c5129a5631d6"/><file name="iframe.phtml" hash="947917ebd57fa7ca7a929548b2d394a4"/><file name="info.phtml" hash="98863ef8eacb97dd4c40f10a951b41c5"/><file name="js.phtml" hash="75a8ac107c1dbe16dcedd54b1dcfdbe9"/><file name="redirect.phtml" hash="3e8bc931bb1d3d1774d2104da54060e5"/><dir name="review"><file name="button.phtml" hash="b770ff4a61635fde04ae6a658df4f1a2"/></dir></dir><dir name="partner"><file name="logo.phtml" hash="bebdef15e1f7096908e07c5628f5c97f"/><file name="us_logo.phtml" hash="aa3285338078dbe88f9cae53f03551f8"/></dir><dir name="payflowadvanced"><file name="iframe.phtml" hash="2cbb140c3a6bd223354cfa06e7db3031"/><file name="info.phtml" hash="3dcb904ba9473835730e5b2c56f74b0b"/><file name="redirect.phtml" hash="e6b72ca7bde83d2243113054380ebe62"/></dir><dir name="payflowlink"><file name="iframe.phtml" hash="45e82ba69ec4e473867ca6bc96cb227b"/><file name="info.phtml" hash="669b0d5c5aa916bddf1b0b142c6cfa34"/><file name="redirect.phtml" hash="c5b14f888d014be722ee15b3702c7441"/></dir><dir name="payment"><file name="mark.phtml" hash="4bc2dbb74ebfd552b2c76c74104808f7"/><file name="redirect.phtml" hash="19911b7032f0ba43eef333c633dd7ef6"/></dir></dir><dir name="persistent"><dir name="checkout"><dir name="onepage"><file name="billing.phtml" hash="13434ce2442e0bc63dab47d7b9aaf06d"/><file name="login.phtml" hash="de9645ce1e4c75455d9146f4e2982f27"/></dir></dir><dir name="customer"><dir name="form"><file name="login.phtml" hash="b878c732491c0a5195d6d40e7f464512"/><file name="register.phtml" hash="f53d23fdf5cc4d1711a917fa2a5ebdb8"/></dir></dir><file name="remember_me.phtml" hash="cd504465947d05dc5ae2b493c9c80119"/><file name="remember_me_tooltip.phtml" hash="36dade6318d828301d4cf41042fbd37b"/></dir><dir name="poll"><file name="active.phtml" hash="0bf9205a188d855687b431ec89ed1e23"/><file name="result.phtml" hash="65c1789af783de03d56462b40d01938a"/></dir><dir name="productalert"><file name="price.phtml" hash="65b7fb1b0cc1317e26a08f8648d96973"/><dir name="product"><file name="view.phtml" hash="ca66dfca016135d50c6f8939c48295c6"/></dir><file name="stock.phtml" hash="65b7fb1b0cc1317e26a08f8648d96973"/></dir><dir name="rating"><file name="detailed.phtml" hash="202e2d6270853475a79753d8bdd2c756"/><file name="empty.phtml" hash="7ba87f02c70b4f4b60a297cb5ac1b00d"/></dir><dir name="reports"><file name="home_product_compared.phtml" hash="552602ca1266ff755cbafd01535e59d7"/><file name="home_product_viewed.phtml" hash="f9c3451781a20f671f7080b4a9ee9044"/><file name="product_compared.phtml" hash="bd5d89a05002b08fcbd3dce160480a80"/><file name="product_viewed.phtml" hash="3ccf378d26c2345860c783d7f632e28e"/><dir name="widget"><dir name="compared"><dir name="column"><file name="compared_default_list.phtml" hash="113c005db1e886e4662c4904bff55cd7"/><file name="compared_images_list.phtml" hash="d64687ca7c578c319ed9697b08f3b29c"/><file name="compared_names_list.phtml" hash="ba1804e5e322f6f1dd5a94974db7df51"/></dir><dir name="content"><file name="compared_grid.phtml" hash="d6474c91d4868134e56f7242a4094bba"/><file name="compared_list.phtml" hash="f191a8126f3309f6f7c13d151b49ffeb"/></dir></dir><dir name="viewed"><dir name="column"><file name="viewed_default_list.phtml" hash="961efa3b5cbe37e4504e18e31468f807"/><file name="viewed_images_list.phtml" hash="15be6c66f9bad0e5103c7f43029be986"/><file name="viewed_names_list.phtml" hash="4ef13573ae93d66ac51b7873cd81888e"/></dir><dir name="content"><file name="viewed_grid.phtml" hash="a5e25525c30eeb6b9b7774e5538d7c18"/><file name="viewed_list.phtml" hash="164ba084766cbdd2b68aed4e0f26b565"/></dir></dir></dir></dir><dir name="review"><dir name="customer"><file name="list.phtml" hash="721598720e994135f3bc3e761b5266a9"/><file name="recent.phtml" hash="6460425ed956730056a9aea8bd6031ef"/><file name="view.phtml" hash="6c3895ddd69a8f55686ea8eb42328517"/></dir><file name="form.phtml" hash="bbfe207a22dc8fb09a91e9044b2e341a"/><dir name="helper"><file name="summary.phtml" hash="33a57af6b85492f060524b88625df882"/><file name="summary_short.phtml" hash="a60b251515c67da4038edf90f5dc3ef9"/></dir><dir name="product"><dir name="view"><file name="count.phtml" hash="8ab723f1249140f0ca48b364f8112a43"/><file name="list.phtml" hash="92d20ae766c890ace8304ac9e58be10f"/><file name="other.phtml" hash="efebc986f3a44c6f49cdf9d3c52b9a1d"/></dir></dir><file name="view.phtml" hash="48005db2881558b6e03eaaaf697b7422"/></dir><dir name="rss"><file name="list.phtml" hash="8f0a100373d0b9521dbbd57fe2f28cae"/><file name="nofeed.phtml" hash="66b5883f325d7112ab78fd9dfb5a1117"/><dir name="order"><file name="details.phtml" hash="b286a9ad7b09fa5c87b053d7b957b604"/></dir></dir><dir name="sales"><dir name="billing"><dir name="agreement"><file name="view.phtml" hash="49dcbf01b83da977a979bc36797430ea"/></dir><file name="agreements.phtml" hash="cb14430a9ac54ccfdbf17bc9f1f79299"/></dir><dir name="guest"><file name="form.phtml" hash="fd9701f4c8a38c70c7024da2537514c6"/></dir><dir name="order"><file name="comments.phtml" hash="4e2bbb7e35c890cab07b4d7a5e5fb52a"/><dir name="creditmemo"><dir name="items"><dir name="renderer"><file name="default.phtml" hash="28a876d2806cee7eeae3224c6526a799"/></dir></dir><file name="items.phtml" hash="2b4d90d22cc6f0ceef638ce69616ed1f"/></dir><file name="creditmemo.phtml" hash="8d29146bb68bbd7dfd4d2ab3e724fd09"/><file name="details.phtml" hash="9bf14dad4e85563b3ba95ccce0516161"/><file name="history.phtml" hash="d2d4c47407a2f06570c480aaea40e2b4"/><dir name="info"><file name="buttons.phtml" hash="d71041b3b80aee3f88874c0f80ec23d6"/></dir><file name="info.phtml" hash="778f1b6ca9c5e9dccd09bd7b1307c16a"/><dir name="invoice"><dir name="items"><dir name="renderer"><file name="default.phtml" hash="08290f0c4d459f1f18edcc617c1692c2"/></dir></dir><file name="items.phtml" hash="e9228aa6b8d6957eefc50adf8a3efac7"/></dir><file name="invoice.phtml" hash="da51c35209055d6576995fafd6694dfe"/><dir name="items"><dir name="renderer"><file name="default.phtml" hash="b5c769b54abe5b1f669a0c9af2d80616"/></dir></dir><file name="items.phtml" hash="8c0ab3ba6e5fb341cd42f02bed989d41"/><dir name="print"><file name="creditmemo.phtml" hash="d3272d37df20fee50f5a792cc464d64e"/><file name="invoice.phtml" hash="7d301500e9f9be183fc3c666b9e3be5e"/><file name="shipment.phtml" hash="ebd77328f43e38fa138804f2547b2917"/></dir><file name="print.phtml" hash="4e5cdf5e75e52df86b2ece184870b028"/><file name="recent.phtml" hash="f4bc187330665a28891fc6284f2a422e"/><dir name="shipment"><dir name="items"><dir name="renderer"><file name="default.phtml" hash="a7ce46546d4a4f490f366637c54e1e2e"/></dir></dir><file name="items.phtml" hash="731a8fb134a9c193792b0f7d4aa0fd45"/></dir><file name="shipment.phtml" hash="c53a270ef07998878ec596ef3d1ae9ec"/><file name="totals.phtml" hash="8a54cd1c5037413b76f4206da5550c2d"/><file name="trackinginfo.phtml" hash="913f8450b0cbe6f4da4faf39118e973b"/><file name="view.phtml" hash="26c6f0ed0d4091349f2163af7e7165d5"/></dir><dir name="payment"><dir name="form"><dir name="billing"><file name="agreement.phtml" hash="75af26f317cdfe9017f4b57e4dc7a9f5"/></dir></dir></dir><dir name="recurring"><file name="grid.phtml" hash="ddae03730b2834a5a3619cda9425902b"/><dir name="profile"><dir name="view"><file name="info.phtml" hash="9ca55ba84d3536d690d09a8aa5b8e4bd"/></dir><file name="view.phtml" hash="c5d47bcc570afc9c694926a1ad81a161"/></dir><file name="profiles.phtml" hash="4d10f8ec5ff497f1926b6ef0323f2119"/></dir><dir name="reorder"><file name="sidebar.phtml" hash="7f9cefbde5700ac8ce8951df0e9699c7"/></dir><dir name="widget"><dir name="guest"><file name="form.phtml" hash="eb6a798e961ffd5509176ad49d3edf89"/></dir></dir></dir><dir name="sendfriend"><file name="send.phtml" hash="4b8db87c894c94ad1f6587e4534d43cb"/></dir><dir name="shipping"><dir name="tracking"><file name="ajax.phtml" hash="f66b2a0722264981df2a5b37fe412c03"/><file name="popup.phtml" hash="dc8f61e5b30a79dd6b2c83ed39f7ec76"/></dir></dir><dir name="tag"><file name="cloud.phtml" hash="450830cdc8597f910f6eb406dde31f39"/><dir name="customer"><file name="recent.phtml" hash="71cd14d5ad4c95f9b0926b9b6aedc177"/><file name="tags.phtml" hash="4c62c7110a730b8d5325258b202de606"/><file name="view.phtml" hash="b559a661a42c03b70141dd7bbac20168"/></dir><file name="list.phtml" hash="ae6c7fde0813b471c999c7556121e69a"/><file name="popular.phtml" hash="e4012fefdbc97e5295ead2e872d0df02"/></dir><dir name="tax"><dir name="checkout"><file name="discount.phtml" hash="c27b58ad087dce0120af93a4cbe27150"/><file name="grandtotal.phtml" hash="571eec758ad2003cd201e2d8960bc2b8"/><file name="shipping.phtml" hash="f0a361a6d087fdf81b8c6dfa1b2cbfc8"/><file name="subtotal.phtml" hash="8d5e27373ab8bf9b0fb1ac2acb342513"/><file name="tax.phtml" hash="160b232674df65b96070e69cd66a8cda"/></dir><dir name="order"><file name="tax.phtml" hash="9fe704470fc18713b97e5e8deedb861e"/></dir></dir><dir name="wishlist"><dir name="button"><file name="share.phtml" hash="61798dad1157c98ed4e98b0af7a82149"/><file name="tocart.phtml" hash="2891dfcfd82fab82350afcefed091c10"/><file name="update.phtml" hash="53c08f709457b5885a30ec835958e5d6"/></dir><dir name="email"><file name="items.phtml" hash="d28fff1f899382b415164a4584ef0087"/><file name="rss.phtml" hash="a1087b27ab809a5998e622c137087c86"/></dir><dir name="item"><dir name="column"><file name="cart.phtml" hash="b084c2519f69de1a224605fc2adf23df"/><file name="image.phtml" hash="3d83a3268391dd756ef455bce3778253"/><file name="info.phtml" hash="b8c1b96ca6e00ab7c09db07b5b8d326b"/><file name="remove.phtml" hash="b028e9054c4892f403c276d75dbfc7cf"/></dir><dir name="configure"><file name="addto.phtml" hash="3abe455fd4f539f37c51217bf2a8a355"/></dir><file name="list.phtml" hash="4d2fb3e1a08425db2feebe2fa6ed5277"/></dir><file name="options_list.phtml" hash="b2aa9909656e715ca5155dadaefc89a3"/><dir name="render"><dir name="item"><file name="price.phtml" hash="e26c2ea7e209ccb0984c955dbb57875c"/><file name="price_msrp_item.phtml" hash="e1454858a70d8a612b3e54b46dff3b70"/><file name="price_msrp_rss.phtml" hash="e8b55402752b78d9ec9c373cd3ae762e"/></dir></dir><file name="shared.phtml" hash="62a2177ed3649e54aa4382db12123d73"/><file name="sharing.phtml" hash="a4a75e953b0e482d25fcabe1506e6794"/><file name="sidebar.phtml" hash="be14014de1603cc7b1ffc27240b50578"/><file name="view.phtml" hash="82cf14f404a5f44f3443dbc5e7a20bc1"/></dir></dir></dir></dir></dir></target><target name="mageskin"><dir name="frontend"><dir name="base"><dir name="default"><dir name="css"><file name="email-inline.css" hash="34e8133bb13499f73c46f89667e27ae8"/><file name="email-non-inline.css" hash="a84a967a0edf5b7b3d811fed2ba13590"/><file name="widgets.css" hash="1f452e26e107856cc540fb69b6a2bdc3"/></dir><file name="favicon.ico" hash="88733ee53676a47fc354a61c32516e82"/><dir name="images"><file name="calendar.gif" hash="b1468e5239504974c689eea5d93f86d4"/><dir name="catalog"><dir name="product"><dir name="placeholder"><file name="image.jpg" hash="097ab8a3051bc037ea3de0e17f440540"/><file name="small_image.jpg" hash="f825d16f97a640453553c79c48ebaa73"/><file name="thumbnail.jpg" hash="b2b682d28a08a748a73d2cda70ab5a57"/></dir></dir></dir><dir name="cookies"><file name="firefox.png" hash="425e1b2ddc38c0bba431fb54357c66a4"/><file name="ie6-1.gif" hash="5c27700e245762bc89ed8c3ee7183f21"/><file name="ie6-2.gif" hash="d8c55e15e1f711e5c259300a9c19551b"/><file name="ie7-1.gif" hash="d61edcc8a514a3c81ea116b7d38ddcb6"/><file name="ie7-2.gif" hash="0526a654e94c54866cad977c0a47d3e5"/><file name="ie7-3.gif" hash="4fb142def3f6cfd8d8d23e1315528a1e"/><file name="ie7-4.gif" hash="575c276231c6a91e28935ec98215e146"/><file name="ie7-5.gif" hash="3ae5fcc11fe89da91674d183872337c1"/><file name="ie7-6.gif" hash="95a4981a41785a8cde273c9b2edbfbc7"/><file name="opera.png" hash="34070d92180d4ee0e37b1dd8bb731cd7"/></dir><file name="cvv.gif" hash="83cdd38bf110b0f9c52fe84b56f45298"/><file name="fam_book_open.png" hash="0ba89b9fbe7e88d4c6896ed0a1f495aa"/><file name="reload.png" hash="84cc4883f78ef850814ea9b53989b2a7"/><dir name="widgets"><file name="i_block-list.gif" hash="fe8424127ecbe4b0d893bcf6f253dc1a"/><file name="i_widget-link.gif" hash="1bf753578171f147f0203e7b13bdd0c4"/><file name="i_widget-new.gif" hash="a75377ffed51b711cbc608ffaa1a2e7d"/></dir><file name="window_overlay.png" hash="9ec9aea4c2159e0b1e73bda29821a39f"/></dir><dir name="js"><file name="bundle.js" hash="0155fef3bde8ab4abcc3f233836bc33a"/><dir name="checkout"><file name="review.js" hash="579ed9bec667e810c07e75e7c4d9a059"/></dir><file name="giftmessage.js" hash="064bddbe613eb95862bdb2891d0d0cc6"/><file name="ie6.js" hash="5c623b1d30911e8d7d5ce3f488040637"/><file name="msrp.js" hash="a4ffe8a1d7442b48e74a03a610b25c1b"/><file name="opcheckout.js" hash="d46da63f5a4cfa08c4106e089cf5521d"/></dir><dir name="lib"><dir name="prototype"><dir name="windows"><dir name="themes"><dir name="magento"><file name="btn_bg.gif" hash="37c51a4d48a92da9648dcd3ca011039f"/><file name="content_bg.gif" hash="21278ea0da2d4256f4ced96b6080ba2e"/><file name="top_bg.gif" hash="26f28090de87d64f9b01bf624f89bfe2"/><file name="window_close.png" hash="3af14f053f360bf31f8ba2df73ec7f1e"/></dir><file name="magento.css" hash="69a5ff04546ca7849b8bb33c4da2a281"/></dir></dir></dir></dir></dir></dir></dir></target></contents>
    <compatible/>
    <dependencies><required><php><min>5.2.0</min><max>6.0.0</max></php><package><name>Mage_Core_Modules</name><channel>community</channel><min>1.9.3.9</min><max>1.9.3.9</max></package></required></dependencies>
</package>
