<?xml version="1.0"?>
<package>
    <name>Interface_Frontend_Rwd_Default</name>
    <version>1.9.3.4</version>
    <stability>stable</stability>
    <license uri="http://opensource.org/licenses/afl-3.0.php">AFL v3.0</license>
    <channel>community</channel>
    <extends/>
    <summary>This is a RWD themes base</summary>
    <description>This is a RWD themes base</description>
    <notes>1.9.3.4</notes>
    <authors><author><name>Magento Core Team</name><user>core</user><email>core@magentocommerce.com</email></author></authors>
    <date>2017-07-07</date>
    <time>13:01:29</time>
    <contents><target name="magedesign"><dir name="frontend"><dir name="rwd"><dir name="default"><dir name="etc"><file name="theme.xml" hash="356d07d043148fdbe39637f15a0649f8"/><file name="widget.xml" hash="c9fb6f9f9bf324a26b8fc3afe6165ae0"/></dir><dir name="layout"><file name="bundle.xml" hash="5ab5f0d8aaaa0ba5a7d242e2e23d48c5"/><file name="catalog.xml" hash="f3de75593057ff86f0eb99e93f60955f"/><file name="catalog_msrp.xml" hash="507ceeca9d96ac41fbe25dc79524f036"/><file name="catalogsearch.xml" hash="8e51acf18735d7257d59b2f8f11b9aed"/><file name="checkout.xml" hash="85590e9e1e9aa5b44ffc3f94024fa096"/><file name="cms.xml" hash="4f529c2fe3b5870a0bf8027858eb39bc"/><file name="configurableswatches.xml" hash="8637a417f34438c72af5822a7bfc00d9"/><file name="contacts.xml" hash="d4ac66c18bbafdc34c9ade99ea7eb339"/><file name="customer.xml" hash="5413186341bd977c6bd4f52989facd8b"/><file name="directory.xml" hash="584180fd94722a1a886743309f9cd213"/><file name="downloadable.xml" hash="1a94143c4b7855128a53acd7929d0919"/><file name="newsletter.xml" hash="12fde5a7b0145deceb273710aa35cc62"/><file name="oauth.xml" hash="785da70b51c5a8050f451c62d64509ce"/><file name="page.xml" hash="7414e67d524c2d1da34448adb3490bb5"/><file name="paypal.xml" hash="2d20dd189e465beddf65c0de2db0d37c"/><file name="persistent.xml" hash="6a44321187ea10ed43fda52b4e46abd0"/><file name="review.xml" hash="7923fa73d9500acb87127fe4a3a90c69"/><file name="rss.xml" hash="99a66fc3a9e33468f22a92cd47b54870"/><file name="sales.xml" hash="3f3551b8d316a3c2c48d68901db08403"/><file name="wishlist.xml" hash="41413f3b5b005671ee424f1697075346"/></dir><dir name="template"><dir name="authorizenet"><dir name="directpost"><file name="form.phtml" hash="2b3c0e728d63580eee7af40bb462b545"/></dir></dir><dir name="bundle"><dir name="catalog"><dir name="product"><dir name="view"><dir name="type"><dir name="bundle"><file name="availability.phtml" hash="67dabcc9a52fc9db5a6d6dbc94eebd06"/><dir name="option"><file name="select.phtml" hash="ba4386781d3cd9dd37a165b67881456f"/></dir></dir><file name="bundle.phtml" hash="f46a2f19829b530deb0c1398d3441c56"/></dir></dir></dir></dir><dir name="email"><dir name="order"><dir name="items"><dir name="creditmemo"><file name="default.phtml" hash="b369745a9695ff81e18dac62a3e583dc"/></dir><dir name="invoice"><file name="default.phtml" hash="f389060fee0f625f1a4b6520d2ecccae"/></dir><dir name="order"><file name="default.phtml" hash="10adcc7f7a7639b0ce1e6c7ac6b2894b"/></dir><dir name="shipment"><file name="default.phtml" hash="dfef9a4f74a89e7b1ffb0b6c7dd0d63b"/></dir></dir></dir></dir><dir name="sales"><dir name="order"><dir name="items"><file name="renderer.phtml" hash="f5608c46c75be68ff5734ac941b1d888"/></dir></dir></dir></dir><dir name="captcha"><file name="zend.phtml" hash="e6ef785bf205ba1d56f959104308b457"/></dir><dir name="catalog"><dir name="layer"><file name="filter.phtml" hash="24c44964bf465bbb784ce84d346090b7"/><file name="state.phtml" hash="03ceafa804390e14107c5d63d3e38642"/><file name="view.phtml" hash="1e782869a529a67ddfad39e67335ef96"/></dir><dir name="msrp"><file name="popup.phtml" hash="9c6c8663213cbcfb4062e95284f35a25"/></dir><dir name="navigation"><file name="left.phtml" hash="0e6ee29ad28dc221dc2b591b9530a5fd"/></dir><dir name="product"><dir name="compare"><file name="list.phtml" hash="8b19f0289b42be6f4490c2cd820b3963"/><file name="sidebar.phtml" hash="0a9f2f565b0b7bc0ed3806d78d638562"/></dir><dir name="list"><file name="related.phtml" hash="43e5ef6d76ec59c84d960825cc769538"/><file name="toolbar.phtml" hash="f8dadb2afc1cbb83ace7b7f96fe253f1"/><file name="upsell.phtml" hash="7715aa2f1d0272ab4c1f2355e02b7f14"/></dir><file name="list.phtml" hash="79d729301c4b9919fd66c0cfa09d8b48"/><file name="price.phtml" hash="eb16b1745050a1c91770c0255cde858e"/><dir name="view"><file name="addto.phtml" hash="931fdcff59e24ca1867366bd0d05be77"/><file name="addtocart.phtml" hash="120aa1ded59f0580479c569a3b79908d"/><file name="media.phtml" hash="5acdaec8de2a356fde8ece56e78a4f42"/><file name="sharing.phtml" hash="9830f3fbfd1829313f76345998081242"/><dir name="type"><dir name="availability"><file name="default.phtml" hash="2f4219364702feccdf45d265c3120b22"/><file name="grouped.phtml" hash="4e76f30acd1f9962d5d14b0e89cf1cf7"/></dir><file name="default.phtml" hash="96c5fe8106247ae7eddca4b3c6a1f7c5"/><file name="grouped.phtml" hash="5b0ee61b38b4be60994abe6d30e1c47c"/><dir name="options"><file name="configurable.phtml" hash="ae578870b308515f30cd02c7ca32a9ef"/></dir></dir></dir><file name="view.phtml" hash="422ca56baf4e5fd610c08e1b14813b90"/><dir name="widget"><dir name="new"><dir name="column"><file name="new_default_list.phtml" hash="92b8039765df1c89d4a8f4b52ba23edf"/><file name="new_images_list.phtml" hash="86c82b10b848a50970b4bf6e6963c769"/><file name="new_names_list.phtml" hash="6443b27bc76a68a7deac0defbc2af230"/></dir><dir name="content"><file name="new_grid.phtml" hash="4a015ae0704be95a92aabb81e762507e"/><file name="new_list.phtml" hash="c03a0bc1739cd9bf113cd9213ac6d165"/></dir></dir></dir></dir></dir><dir name="cataloginventory"><dir name="stockqty"><file name="composite.phtml" hash="b051bf91e74101aedbe10034ddcb2167"/></dir></dir><dir name="catalogsearch"><dir name="advanced"><file name="form.phtml" hash="e197326cc655bca4ed625abc3b6e7ae9"/></dir><file name="form.mini.phtml" hash="d68ffdd3dd539fe1fb6891f38057d2b1"/><file name="result.phtml" hash="fb004e27d11cdb7e22abe0ec37ac389f"/></dir><dir name="centinel"><dir name="authentication"><file name="start.phtml" hash="cb3b9fd7b5afe9e531b0a464eb69702a"/></dir></dir><dir name="checkout"><dir name="cart"><file name="coupon.phtml" hash="ddfafb97b5764cb9132f3ce80b219f6a"/><file name="crosssell.phtml" hash="063575a4f3e1d24a00ebe52aba496499"/><dir name="item"><dir name="configure"><file name="updatecart.phtml" hash="6c70880b10b06553f5fed2476a99d1f1"/></dir><file name="default.phtml" hash="e1ea03a207bfe79d963ec8053f6ac79b"/></dir><dir name="minicart"><file name="default.phtml" hash="5606143aea77d312435449892f4eeec0"/><file name="items.phtml" hash="0b0169f5002888666c96c67fab53d91b"/></dir><file name="minicart.phtml" hash="75e1de8e9ffbd83f0eabcd9996c72f33"/><dir name="render"><file name="default.phtml" hash="1e511ef546886c687b2731c2617706ff"/><file name="simple.phtml" hash="6f7487ed345aa4f18dc2be98fc78e1cc"/></dir><file name="shipping.phtml" hash="67c1f3eb64d7db6bce4f392138b7fab2"/><dir name="sidebar"><file name="default.phtml" hash="484ed878db27d1e6bea3bfcdc43f366c"/></dir><file name="sidebar.phtml" hash="6490e7c25d50539bd0547e95b623ba14"/></dir><file name="cart.phtml" hash="f0a25d84b5c08e247283ab90031ab204"/><dir name="multishipping"><file name="addresses.phtml" hash="962c0e5f72c605655bd10b2409f94512"/><file name="billing.phtml" hash="a3eef6b8890494c5ca314541f230df5a"/><dir name="item"><file name="default.phtml" hash="8756e3ff66bb233c1a5d464b1f9752b1"/></dir><dir name="overview"><file name="item.phtml" hash="2212c6058021345affd4d3ef004fe15b"/></dir><file name="overview.phtml" hash="04a43edbf038f3d906ab32d3083b79b9"/></dir><dir name="onepage"><file name="payment.phtml" hash="4069535905485c98ec501f74230e9beb"/><file name="progress.phtml" hash="f451a8f5303cb0f2f586a8e39e189da8"/><dir name="review"><file name="info.phtml" hash="4069b74f61dc9798d0f047030f10f610"/><file name="item.phtml" hash="28c0a389f2878eddbcb1897baf69f68c"/></dir><file name="shipping.phtml" hash="6553ce11fee01d4cc3dd447081c321e6"/></dir><file name="onepage.phtml" hash="74b00f0a3f3eb8a13b54239f2744afeb"/></dir><dir name="configurableswatches"><dir name="catalog"><dir name="layer"><dir name="filter"><file name="swatches.phtml" hash="af05b502bea200334eeeef0f2b8055b0"/></dir><dir name="state"><file name="swatch.phtml" hash="9a89c4d171e1858f826d6560fea8a7b5"/></dir></dir><dir name="media"><file name="js.phtml" hash="a9dd591630f72d2dfca4119af5e95a81"/></dir><dir name="product"><dir name="list"><dir name="price"><file name="js.phtml" hash="83bba0d24850e6cde1740b8a3360cebd"/></dir><file name="swatches.phtml" hash="2cbff4d85cd2e5e24519304de04aa46f"/></dir><dir name="view"><dir name="type"><dir name="configurable"><file name="swatch-js.phtml" hash="98f1fd5c215fc2dd52a2a81fb6221eee"/></dir><dir name="options"><dir name="configurable"><file name="swatches.phtml" hash="99c7f7f07035bb420770fac3f96de8c7"/></dir></dir></dir></dir></dir></dir></dir><dir name="contacts"><file name="form.phtml" hash="32bb82f93bd05297e8e246fa740d404b"/></dir><dir name="customer"><dir name="account"><dir name="dashboard"><file name="address.phtml" hash="3db41f03178658a75587efd967edb269"/></dir><file name="dashboard.phtml" hash="6155f099ad4b2b2b5a393cabef03b7ca"/><file name="navigation.phtml" hash="4dc2704ed3e3d35574c2e46cbf811ebf"/></dir><dir name="address"><file name="edit.phtml" hash="3d6d1a7893016de335ef6502ce405db4"/></dir><dir name="form"><file name="address.phtml" hash="79bc95ae3bc8dc54c3d1de8c5a5d1c98"/><file name="changepassword.phtml" hash="e3cf4f207cf5b8b2ac344615b57174ba"/><file name="confirmation.phtml" hash="9791175ae44c7df0f73dea34b3b9c16f"/><file name="edit.phtml" hash="4256f96ea150b0c085ae450014286bdc"/><file name="forgotpassword.phtml" hash="b7cfb3835e4572a1dca194acc4a71535"/><file name="mini.login.phtml" hash="4274238efc2b6c67272a5d1e373a7e73"/><file name="resetforgottenpassword.phtml" hash="84f9ab39796443ffb46b2f3a4b1eca00"/></dir></dir><dir name="directory"><file name="currency.phtml" hash="7c5fa207b93bc7e7c64a26b5fecefc5d"/></dir><dir name="downloadable"><dir name="catalog"><dir name="product"><file name="type.phtml" hash="03513912f9924233c40bf5295386817c"/></dir></dir><dir name="checkout"><dir name="cart"><dir name="item"><file name="default.phtml" hash="14630818c9d7c2b89fa73bb55346fadd"/></dir></dir><dir name="onepage"><dir name="review"><file name="item.phtml" hash="7b098b47d63094ee7f22a5d46727b684"/></dir></dir></dir><dir name="customer"><dir name="products"><file name="list.phtml" hash="c225039e71bb524322e9aa95cba893b1"/></dir></dir><dir name="email"><dir name="order"><dir name="items"><dir name="creditmemo"><file name="downloadable.phtml" hash="a8d3345f4f59f6747221814ded81facb"/></dir><dir name="invoice"><file name="downloadable.phtml" hash="626ae97400d5edbedbe6f6d3ef5466d4"/></dir><dir name="order"><file name="downloadable.phtml" hash="88cde27b7b038fffe4cecdcf9994ffda"/></dir></dir></dir></dir><dir name="sales"><dir name="order"><dir name="items"><dir name="renderer"><file name="downloadable.phtml" hash="47fa5c4755d8dc47e4c2a8241f9a6a64"/></dir></dir></dir></dir></dir><dir name="email"><dir name="catalog"><dir name="product"><file name="list.phtml" hash="2b6a89fdadbe26eeca121f33f1caf776"/><file name="new.phtml" hash="b5406b77a94be4b7f75437bcf16b24bf"/></dir></dir><dir name="order"><dir name="creditmemo"><file name="items.phtml" hash="dbf608950588041b0f1fb871a4899b56"/></dir><dir name="invoice"><file name="items.phtml" hash="6c6a54e664cc33e851d29be1e7b0e349"/></dir><dir name="items"><dir name="creditmemo"><file name="default.phtml" hash="88c0644fc8534b4e5d3128d7623986da"/></dir><dir name="invoice"><file name="default.phtml" hash="88c0644fc8534b4e5d3128d7623986da"/></dir><dir name="order"><file name="default.phtml" hash="8048dcbbd28fb54da02eda850ab32fdb"/></dir><dir name="shipment"><file name="default.phtml" hash="753432d221888f6b0754fb2e08a63d1a"/></dir></dir><file name="items.phtml" hash="4a8b1aba74e7a65a50a84f8a7bb66870"/><dir name="shipment"><file name="items.phtml" hash="d85fa1cd2e798b2153c7500d842fd87b"/><file name="track.phtml" hash="bb6146588f2056cbe7924ed02c4a8651"/></dir><dir name="totals"><file name="wrapper.phtml" hash="5ae1a187de5b2bb4a8ef14c4eea07796"/></dir></dir><dir name="productalert"><file name="price.phtml" hash="36c96270004316a299e66597e7639816"/><file name="stock.phtml" hash="00614bee37a3ec69eada24c487e3a07a"/></dir></dir><dir name="newsletter"><file name="subscribe.phtml" hash="8dc2fa0e5fab2d318d10a45f031f0c0e"/></dir><dir name="oauth"><dir name="authorize"><dir name="form"><file name="login-simple.phtml" hash="58aa7deab24ad56a6989aa8242b3cc8d"/></dir></dir></dir><dir name="page"><file name="1column.phtml" hash="b4cb007ae857ae68c57a08ae6e2f3736"/><file name="2columns-left.phtml" hash="9d4b29cc74f88ccf31811fbf51683ddc"/><file name="2columns-right.phtml" hash="0c7686af36aca3e8227fca4d96e42b16"/><file name="3columns.phtml" hash="b251c9a7bf62fc1dc74744214ea79987"/><file name="empty.phtml" hash="a59860f9475d709e1bb9067939e26f3f"/><dir name="html"><file name="footer.phtml" hash="956d8b5f7698d47978fd4437c7c9d1ea"/><file name="header.phtml" hash="a71e0fd5dfb8c03c858491b61c138bd7"/><file name="pager.phtml" hash="333f940d7c1efa0e6718d42dda4c560d"/><dir name="topmenu"><file name="renderer.phtml" hash="47d202aa1b03a10ed9863f21fe3068bf"/></dir><file name="topmenu.phtml" hash="0419d3e107886a6871cf208d8cc1baed"/></dir><file name="popup.phtml" hash="17c88bf4da0855ff84031b1beea99be9"/><file name="print.phtml" hash="577fdda4173d432a7f66f29f70240492"/><dir name="template"><file name="links.phtml" hash="1c3b78829b52b6c21a0d056287a5e10d"/></dir></dir><dir name="payment"><dir name="form"><file name="cc.phtml" hash="8e6dca5bc9dc348e633dc9583d633fae"/><file name="ccsave.phtml" hash="335215241dd060c713d36e276114917f"/></dir><dir name="info"><file name="default.phtml" hash="fde91427c0a998e57e7af9065c3850c3"/></dir></dir><dir name="paypal"><file name="bml.phtml" hash="6b0ae217ab4bdea1f9023e855ab2e1d3"/><dir name="express"><dir name="minicart"><file name="shortcut.phtml" hash="9c7be982af9e46c07a4c066aef7612ef"/></dir><dir name="product"><file name="shortcut.phtml" hash="fc8b2fa5d3b0f7044a181d1cee486a65"/></dir><dir name="review"><file name="address.phtml" hash="a87f4ae9593b3e8a6022f7670689a3b7"/><file name="details.phtml" hash="8b34cb31ec431a0e8a804e24146365bc"/><dir name="shipping"><file name="method.phtml" hash="c69cb930d9a36312ad19911cd6970c6f"/></dir></dir><file name="review.phtml" hash="1120a6f846abbb5cc94a76f72c49541c"/></dir><dir name="partner"><file name="us_logo.phtml" hash="75aba2e01904a4cd3a7fd369d1cafb31"/></dir></dir><dir name="persistent"><dir name="checkout"><dir name="onepage"><file name="billing.phtml" hash="f8480e284079149b1a4af850ccc5799a"/><file name="login.phtml" hash="08ac6afc790ff6f9fb950e695e1ba4dc"/></dir></dir><dir name="customer"><dir name="form"><file name="login.phtml" hash="b5d5eb38bff0adff620d32ad365b4aaa"/><file name="register.phtml" hash="e5c44d03d9ff7f2c55b2a23173455ef7"/></dir></dir><dir name="header"><file name="links.phtml" hash="efa2b437d0456eb5c8be3444af9cf120"/></dir><file name="remember_me.phtml" hash="3d1264ff13183aa59ffb7e0969ac27d6"/><file name="remember_me_tooltip.phtml" hash="a664940fa05bfc9e3c8afbaef214779c"/></dir><dir name="rating"><file name="detailed.phtml" hash="590be68347d01292d7b7bfc30efdfef6"/></dir><dir name="reports"><file name="product_viewed.phtml" hash="ebe899353c950fc0d7fdd84545669937"/><dir name="widget"><dir name="compared"><dir name="column"><file name="compared_default_list.phtml" hash="5a8159c04a55709987b1798f9be74a4c"/><file name="compared_images_list.phtml" hash="69414d9eb712e2a1c51e7e73aa2d714d"/><file name="compared_names_list.phtml" hash="88b76abfa1196056ee6bdd9ee4e5ad7c"/></dir><dir name="content"><file name="compared_grid.phtml" hash="e9e87e4a1f01a49a7b41491ad69c82ce"/><file name="compared_list.phtml" hash="7c5ad0692c1d24e65fb95d636a4141d5"/></dir></dir><dir name="viewed"><dir name="column"><file name="viewed_default_list.phtml" hash="55a1ee0f1fe20c433f1cac1fbac921f6"/><file name="viewed_images_list.phtml" hash="073cf8eabc3bfe4367e4f1d1aa32252d"/><file name="viewed_names_list.phtml" hash="1265b5301d39a5bc002c7670162b4daf"/></dir><dir name="content"><file name="viewed_grid.phtml" hash="390cafe9314587ec9bb6c18c111d13b1"/><file name="viewed_list.phtml" hash="040aa4e2f1357f5893ed098c606a1d85"/></dir></dir></dir></dir><dir name="review"><dir name="customer"><file name="view.phtml" hash="55477090f46bf5193da467dce42c6d22"/></dir><file name="form.phtml" hash="5837a146a46904919f8eeed7e3820a61"/><dir name="product"><dir name="view"><file name="list.phtml" hash="ca199e12c5090a668c2871f208f987b0"/></dir></dir><file name="view.phtml" hash="8fedda4687ebb4864f48f7ed26388144"/></dir><dir name="sales"><dir name="billing"><dir name="agreement"><file name="view.phtml" hash="5a59d5d8d07e3c141e29d2473d09e840"/></dir><file name="agreements.phtml" hash="5667767f07144750be7297d542126ae8"/></dir><dir name="order"><dir name="creditmemo"><dir name="items"><dir name="renderer"><file name="default.phtml" hash="f8f326303d1e7ba045e8007d9c243dc0"/></dir></dir><file name="items.phtml" hash="0e73a7cc55c7068bd848cfc99d911bf6"/></dir><file name="history.phtml" hash="5bedaf10acc1b34e4a3224e749fca4b4"/><dir name="invoice"><dir name="items"><dir name="renderer"><file name="default.phtml" hash="138838018289cb5c5ce6ba5bf5a72314"/></dir></dir><file name="items.phtml" hash="dcda5c4d63258fd29c8f0b6717d5ba67"/></dir><dir name="items"><dir name="renderer"><file name="default.phtml" hash="7afc174387f8416c4d3c85a2c7f417a0"/></dir></dir><file name="items.phtml" hash="4870015ef08503a1609c8dde35e99073"/><file name="recent.phtml" hash="f5542e6adbe90057005b690bb13bbfaa"/><dir name="shipment"><file name="items.phtml" hash="20b323e8bf8c4a8b6d4b5af08ab32516"/></dir></dir><dir name="recurring"><file name="grid.phtml" hash="844cd8fb243b090083e6de5a7400cc72"/><dir name="profile"><file name="view.phtml" hash="c35ff5436207f4568483e53b3d736a8c"/></dir></dir><dir name="widget"><dir name="guest"><file name="form.phtml" hash="ee50c698e9cc9aa8e19a5888f464aa82"/></dir></dir></dir><dir name="sendfriend"><file name="send.phtml" hash="12b5a4c5f7605b8e3539619af5ca94b9"/></dir><dir name="wishlist"><dir name="button"><file name="update.phtml" hash="d30667c2acb3c7200a65b777603f32be"/></dir><dir name="item"><dir name="column"><file name="cart.phtml" hash="990957e5a0a8f88969fe59e887c90687"/><file name="info.phtml" hash="8183433f7a6b4a3845c98ae824e1db50"/><file name="price.phtml" hash="f9b75c44b5e0ce6ec882a34c2f092ba5"/><file name="quantity.phtml" hash="7290253b149ead62b9dd016e2f76773f"/></dir><file name="list.phtml" hash="295027e5fda567fc84e4a6a24344d532"/></dir><file name="shared.phtml" hash="bf644530b9a0fec6f1fc22c46e9bbb31"/><file name="sidebar.phtml" hash="15cd924184a9168e2bba4980628d369b"/><file name="view.phtml" hash="7b50eca4f40af9a130a54578ea47607b"/></dir></dir></dir></dir></dir></target><target name="mageskin"><dir name="frontend"><dir name="rwd"><dir name="default"><dir name="css"><file name="madisonisland-ie8.css" hash="08c07894d8b671da79c2daf8441c9df4"/><file name="madisonisland.css" hash="c5df272c29aae7b3125dbdd6bb71203a"/><file name="scaffold-forms.css" hash="c1eda3082854b291487da4d2491e3df6"/><file name="styles-ie8.css" hash="f81744e882565098b61fb502f304b526"/><file name="styles.css" hash="65703101b04d6ac147f21f0c7a94358d"/></dir><dir name="images"><file name="ajax-loader.gif" hash="f48ee069890b16455c3ddcacee9b5f75"/><file name="bg_x.png" hash="c321c67f6929326129426c9e83207ea3"/><file name="demo-logo.png" hash="c6f4b110e5379547e71d367479f0f945"/><file name="demo_logo.png" hash="7694461c41abb69ca60c086c69e312cc"/><file name="icon_sprite.png" hash="e15f0103ef5ebe3baf48960bb9ccfaab"/><file name="icon_sprite@2x.png" hash="2e9c31d760a33d9f27951210f8311341"/><file name="logo.gif" hash="5e0912a388db8cd83c062766ac3a5d89"/><file name="logo_email.gif" hash="773ca21465d08684ea7db8bf49d30a36"/><file name="logo_print.gif" hash="5e0912a388db8cd83c062766ac3a5d89"/><dir name="media"><file name="col_left_callout.jpg" hash="5f762006021e046f9bd536f37ea7c463"/><file name="col_right_callout.jpg" hash="dae22f37a542da272a35195ec286ec25"/><file name="homepage_banner_1.jpg" hash="267b2827f3db118d99f7a623ee02ad8f"/><file name="homepage_banner_1@2x.jpg" hash="3baa6702111d6f5f5dd40d96f148fc60"/><file name="homepage_banner_2.jpg" hash="67f70cfb1690b5de6e185769fb55cd28"/><file name="homepage_callout_1.jpg" hash="4b8451e4e99e87b6c60a015f659d32b6"/><file name="homepage_callout_1@2x.jpg" hash="fb5e215f6cb623abf6f0365b5de1541d"/><file name="homepage_callout_2.jpg" hash="057ab6200f6ea05d4a6793969c5edac3"/><file name="homepage_callout_2@2x.jpg" hash="e923c6323d22235876fe61a9c5588c85"/><file name="homepage_callout_3.jpg" hash="b2cf1e73e87b3330df17425044d22f52"/><file name="homepage_callout_3@2x.jpg" hash="8b98dee63a61608b09c26bd60acea65e"/></dir><file name="opc-ajax-loader.gif" hash="f48ee069890b16455c3ddcacee9b5f75"/><file name="social_icons.png" hash="a6d0bdaea0ca0f507bd36628a6ad31a2"/><file name="social_icons@2x.png" hash="531cc696a7b949dbc8121809c1bb4d46"/></dir><dir name="js"><file name="app.js" hash="1fb4a8e11ec94a14903c60d71105a41c"/><dir name="configurableswatches"><file name="configurable-swatch-prices.js" hash="c63866c416fd4d0e93957173f92476d1"/><file name="product-media.js" hash="9159b29f00a6763e15a0cbbd4dd25814"/><file name="swatches-list.js" hash="9e5aa88802816499a66f2448796c7a74"/><file name="swatches-product.js" hash="db67ea7614f998193fd0a56497d6fcab"/></dir><dir name="lib"><dir name="elevatezoom"><file name="jquery.elevateZoom-3.0.8.min.js" hash="a18ff8649464a0c999f5d063a081da61"/><file name="jquery.elevatezoom.js" hash="76494c5afa372e08d0a8a5f4ba7e58ed"/></dir><file name="enquire.js" hash="c11ca42a1f2bf189d004f9a4f42e3ca2"/><file name="fastclick.js" hash="7f1e1673fa395e43cbdc584c8798541b"/><file name="imagesloaded.js" hash="f70def9bddf45be549ec0575645b8038"/><file name="jquery.cycle2.min.js" hash="24f809434b3e494cc7b98c6c08404b33"/><file name="jquery.cycle2.swipe.min.js" hash="15747fbd45dd1adcaf8f04a2d8a71d68"/><file name="matchMedia.addListener.js" hash="6f47448212550bd3157c4265e3ebf085"/><file name="matchMedia.js" hash="89f369588d629240d6a8d4f8788490c8"/><file name="modernizr.custom.min.js" hash="e508acbc792b5761fe98dc892a1fd952"/><file name="selectivizr.js" hash="8e596ea5ffac3cf3eb53f75a15cdc7eb"/></dir><file name="minicart.js" hash="61e63ae7a6102891b66db7434c159027"/><file name="msrp_rwd.js" hash="8415de1e41c6a5ce9209fb3a32ae37f2"/><file name="opcheckout_rwd.js" hash="c217bfc38a4ec6d36473d409665e7fe2"/><file name="slideshow.js" hash="bce5277c3f845498166c16068030fbe2"/></dir><dir name="scss"><file name="_core.scss" hash="5250afab79ccd190125b480f06dad1bb"/><file name="_framework.scss" hash="72ac04e5a2d2fb0c6812b2d04d750ba5"/><file name="_var.scss" hash="6df9d2033ea2a5b88e2ccd17d8ff743d"/><file name="config.rb" hash="5f50b4dc5eefbab9e22abdfb80f4d689"/><dir name="content"><file name="_category.scss" hash="7b8c645cbb9036927cbc982ca775a96e"/><file name="_home.scss" hash="933c8f9660f9b5fa55f70f75f99302f9"/></dir><dir name="core"><file name="_common.scss" hash="ae667873e744cf758b1f0e394e93ac99"/><file name="_form.scss" hash="13008ef9cc11293dd812af46d511cfb1"/><file name="_reset.scss" hash="57fe0f5db97fbb750267c74b023e2616"/><file name="_table.scss" hash="6a7c11358f9510330c7a59a03905dcc9"/></dir><file name="email-inline.scss" hash="800f36f3750fe97febf8cd9928d13e7e"/><file name="email-non-inline.scss" hash="3231043a223dfc110f23f2b684072fae"/><dir name="function"><file name="_black.scss" hash="584e5f3d7d35d27e9b3f0ad68fa8299c"/><file name="_white.scss" hash="4ed57ca02ebdf57e5b88dbd069e9c054"/></dir><dir name="layout"><file name="_footer.scss" hash="a5937c8a2c57dde27d5619b29ad520c6"/><file name="_global.scss" hash="e02965d74c9f2a4e528f9766a76f4803"/><file name="_header-account.scss" hash="6955a98296277ae10adb9fedfefa6100"/><file name="_header-cart.scss" hash="e17c144c84ab986d39c16455f7c0c1dd"/><file name="_header-nav.scss" hash="f0816f1e350b6c2a88cb2380b83e8b23"/><file name="_header-search.scss" hash="203b756e4614b9c384941f077994f8e2"/><file name="_header.scss" hash="680b594ce0d316a329cd4297d137ce0e"/></dir><file name="madisonisland-ie8.scss" hash="1ba42e9011d73499faef88d9db8cba8e"/><file name="madisonisland.scss" hash="6d30dc28c9f83afd3fb9c1a3a6c9a4fe"/><dir name="mixin"><file name="_breakpoint.scss" hash="39301e475e5da2ac047f90d207ff6b4f"/><file name="_clearfix.scss" hash="b88bdcbec43eb1ae100bb193a070a2ea"/><file name="_if-resolution.scss" hash="e4085af6a49530636e7b669e9b8f9770"/><file name="_image-replacement.scss" hash="56ba496827a783be502a0563df862d0c"/><file name="_loading-overlay.scss" hash="959c1edf861237e3937ba2f34ad540e8"/><file name="_menu.scss" hash="ec3da543df5c15c9d6191ca37289f81c"/><file name="_not-selectable.scss" hash="905ed9c8109ec6622672f39ee6fa249e"/><file name="_toggle-content.scss" hash="299dd73d8f71d4965c1809badff76868"/><file name="_triangle.scss" hash="3d0abb1bb98b00679c49f48edb2c5c0f"/><file name="_typography.scss" hash="d37b8d98f288f276f2b71030dd789f23"/></dir><dir name="module"><file name="_account-orders.scss" hash="1efb5863e8f12545a48c129858097c5e"/><file name="_account-reviews.scss" hash="b6d7466e8070b750b8ef7d49696eb2c3"/><file name="_billing-agreements.scss" hash="dec4f8460ecf411d5b2e02876f0bb80c"/><file name="_captcha.scss" hash="1e7a5eac09a7b2a6baa2b210b7466279"/><file name="_catalog-compare.scss" hash="ea35c705c8bafe1c41318c2b7464feb6"/><file name="_catalog-msrp.scss" hash="69cad95de2301cca5d044f904946cf7f"/><file name="_catalog-product.scss" hash="e1f9675a97bc2fdc904114893db13b0c"/><file name="_checkout-cart-minicart.scss" hash="1b3f5cff80525779a05e513026c95108"/><file name="_checkout-cart.scss" hash="66b0a6185e081b21ad65738ec0c2436e"/><file name="_checkout-multi-address.scss" hash="0d29bdc61c50a5391437c10714ca8c7b"/><file name="_checkout-onepage.scss" hash="f91a178ededc48e453f8d29b6ecb13c3"/><file name="_checkout-success.scss" hash="16a2f9c6f6a30d96d35e54e27a01e163"/><file name="_cms.scss" hash="b68cc8df58d8d0e16ea9e75f84b90ad2"/><file name="_configurableswatches.scss" hash="1b73ba1e00d2a2f4791b7c01d76ebf3a"/><file name="_contacts.scss" hash="4f3e07c7ab2376b21b4b5ab3630b82bc"/><file name="_cookies.scss" hash="528a0dc9b6e81c19c7b2f41cfdd9f5c9"/><file name="_customer.scss" hash="1fd300b1612bf9a0aa418e7a60b982c2"/><file name="_paypal.scss" hash="e740d9df232725d2ff1174dbc1b6425e"/><file name="_popular-terms.scss" hash="2634ee193ef0c94baac6c3b12c4719af"/><file name="_pricing_conditions.scss" hash="67ef0839efcf560c9a524aee93f29d8d"/><file name="_product-list.scss" hash="ab9d8b77cd9b1af760f83839a7d2b1ed"/><file name="_recurring-profiles.scss" hash="2367939bd050b1603b5c6f48e5c73290"/><file name="_review.scss" hash="e252db0e682cb362238407a86d1397d3"/><file name="_search.scss" hash="ffaa1a0b76b12b5ef3be7dbb0efda754"/><file name="_slideshow.scss" hash="a816b761addb828d62c1b44c78a04e08"/><file name="_tags.scss" hash="67e75a28bee1e52082b5cc7b819ea7bf"/><file name="_widget.scss" hash="36b8cbc11ae6d4713294eb350657375f"/><file name="_wishlist.scss" hash="1ad0db26496b2efa289788f44e977cf0"/></dir><dir name="override"><file name="_plugin.scss" hash="f02e2c0b738b15b861dd41e2e9e95646"/></dir><file name="scaffold-forms.scss" hash="b9f87b7686f0cc9f143cb26bc87afe31"/><file name="styles-ie8.scss" hash="ef92cec595efd7ba6f0ccadce480d2b4"/><file name="styles.scss" hash="4b6bffce6fee62b9534deaa32649d175"/><dir name="vendor"><file name="_normalize.scss" hash="d9edffd350bd218571fd141a9c658d29"/></dir><file name=".htaccess" hash="72617d60821288133a367f70bf39ad93"/></dir></dir></dir></dir></target></contents>
    <compatible/>
    <dependencies><required><php><min>5.2.0</min><max>6.0.0</max></php><package><name>Mage_Core_Modules</name><channel>community</channel><min>1.9.3.4</min><max>1.9.3.4</max></package></required></dependencies>
</package>
