<?xml version="1.0"?>
<package>
    <name>Interface_Install_Default</name>
    <version>1.9.3.0</version>
    <stability>stable</stability>
    <license uri="http://opensource.org/licenses/afl-3.0.php">AFL v3.0</license>
    <channel>community</channel>
    <extends/>
    <summary>Default interface for Install</summary>
    <description>Default interface for Install</description>
    <notes>1.9.3.0</notes>
    <authors><author><name>Magento Core Team</name><user>core</user><email>core@magentocommerce.com</email></author></authors>
    <date>2016-10-04</date>
    <time>13:04:28</time>
    <contents><target name="magedesign"><dir name="install"><dir name="default"><dir name="default"><dir name="etc"><file name="theme.xml" hash="528ac4f55cd072f0a370080867d04ead"/></dir><dir name="layout"><file name="main.xml" hash="ce2ee87f07aa2c2cdbcf9e9ceea7a560"/></dir><dir name="template"><dir name="install"><file name="begin.phtml" hash="0d2a1a1dbfc4d7303f8cc40eb8bdbd7d"/><file name="config.phtml" hash="8320f438b6443d6d28796e6efc5822d2"/><file name="create_admin.phtml" hash="ca31f317d49c278b66a8ce7d9d1560e4"/><dir name="db"><file name="main.phtml" hash="0c0223493bccad87974bc2d312aa1afb"/><file name="mysql4.phtml" hash="8509ce41f83e9d609bb7d177f534f0ce"/></dir><file name="download.phtml" hash="be23928d05cd51352f488ecb7e66c9bd"/><file name="end.phtml" hash="94dd511253d319467e78aeae91522c90"/><file name="locale.phtml" hash="7f937c722f39cb79773a2a4cb9917aea"/><file name="state.phtml" hash="1bb52031a2b7973c4143cb6c09d61a0b"/></dir><file name="page.phtml" hash="fd71940bbb5bfdb71c7aa1fc1a7c63e0"/></dir></dir></dir></dir></target><target name="mageskin"><dir name="install"><dir name="default"><dir name="default"><dir name="css"><file name="boxes.css" hash="56df0b4f53735e6591511c48e3899f5e"/><file name="clears.css" hash="5d0589dfdb6179d40aa85234b33c5e73"/><file name="ie7minus.css" hash="e8b0417d6ae5625d04dabad2f7a71041"/><file name="iestyles.css" hash="3d9687450e702a2abef6acc574b1d7dd"/><file name="reset.css" hash="92f1ff2caa094f2a48170ae6476a02d9"/></dir><file name="favicon.ico" hash="88733ee53676a47fc354a61c32516e82"/><dir name="images"><file name="error_msg_icon.gif" hash="e4f28607f075a105e53fa3113d84bd26"/><file name="footer_bg.gif" hash="d59784af16fd95ea82226e5708a89232"/><file name="footer_container_bg.gif" hash="d468e3943943cbbf711586e69d40ca42"/><file name="footer_info_separator.gif" hash="7da64eefaf4da3855ab6ee76dbced0c2"/><file name="footer_informational_bg.gif" hash="72d37f4b2ea747bf8969c2654ad1d1e0"/><file name="footer_left.gif" hash="2b15a54bea9409a75c142d14a62f0149"/><file name="footer_legality_bg.gif" hash="4eb1602e3369dccd901ffe98ea0fd4b3"/><file name="footer_right.gif" hash="a45eaf35c8797d299bd4d9b936528e8f"/><file name="header_bg.gif" hash="795c6de754d0d49717ed08d5cd8168c8"/><file name="header_nav_bg.gif" hash="80c6a18686eb0243e06d6176506a2502"/><file name="header_top_bg.jpg" hash="143f524392ee62fcc8183f5930d7258b"/><file name="header_top_container_bg.jpg" hash="294c18f3f6b838bba06ae41dd3c3d638"/><file name="i_notice.gif" hash="ebd56dc80b8346e10e93628bc0e6c372"/><file name="logo.gif" hash="48b7eb03807fdf80bdfb19b872cf84b8"/><file name="main_bg.gif" hash="cf18ba9f7c7e6b058b439cde1a897e9c"/><file name="main_container_bg.gif" hash="a8f5717873dc6cf8f6bd22924b5838fe"/><file name="note_msg_icon.gif" hash="e774ee481a2820789c1a77112377c4e0"/><file name="success_msg_icon.gif" hash="834dfafd5f8b44c4b24a4c00add56fcf"/><file name="validation_advice_bg.gif" hash="b85432906de8985a8b14eeb2dc652d3c"/></dir></dir></dir></dir></target></contents>
    <compatible/>
    <dependencies><required><php><min>5.2.0</min><max>6.0.0</max></php><package><name>Mage_Core_Modules</name><channel>community</channel><min>1.9.3.0</min><max>1.9.3.0</max></package></required></dependencies>
</package>
