<?xml version="1.0"?>
<package>
    <name>Interface_Frontend_Rwd_Default</name>
    <version>1.9.2.2</version>
    <stability>stable</stability>
    <license uri="http://opensource.org/licenses/afl-3.0.php">AFL v3.0</license>
    <channel>community</channel>
    <extends/>
    <summary>This is a RWD themes base</summary>
    <description>This is a RWD themes base</description>
    <notes>1.9.2.2</notes>
    <authors><author><name>Magento Core Team</name><user>core</user><email>core@magentocommerce.com</email></author></authors>
    <date>2015-10-27</date>
    <time>13:46:53</time>
    <contents><target name="magedesign"><dir name="frontend"><dir name="rwd"><dir name="default"><dir name="etc"><file name="theme.xml" hash="d00dd83bac2155a76a9f004ceeba2aa7"/><file name="widget.xml" hash="b26f0daa5ea35fae7def54e530e4fc6a"/></dir><dir name="layout"><file name="bundle.xml" hash="d4d6fd3d43bab191589be5dc04de3af9"/><file name="catalog.xml" hash="cf56a0853b8a4672c340074d6ce7d4ec"/><file name="catalog_msrp.xml" hash="761904c9772b9f9f87d168eaa5a3f35e"/><file name="catalogsearch.xml" hash="7577994c03f6e57aa50a2f9b9608fd06"/><file name="checkout.xml" hash="7a3227db21193c1f7abc1a293ee89637"/><file name="cms.xml" hash="ab13bce455c0ebdc6b7ac66973cca084"/><file name="configurableswatches.xml" hash="da5a91b2cd46e37c18f0ce23b5668d5d"/><file name="contacts.xml" hash="0feca543b963f4643b33ddff9d012287"/><file name="customer.xml" hash="288beab21fc35144e90e8f7135d2e117"/><file name="directory.xml" hash="116dba3caebbb645f4a4740d6203a809"/><file name="downloadable.xml" hash="dc03bfb05c6ad52ba2cfa26fc05ef80a"/><file name="newsletter.xml" hash="36464d3b9d5627a97d53cf9b5bb59038"/><file name="oauth.xml" hash="7ecd522b4625a53bd29c36f7b6708be2"/><file name="page.xml" hash="970456dbe2ff4ef2d351f6f1420bbd6a"/><file name="paypal.xml" hash="71611cd614aa622c50809659fc141b24"/><file name="persistent.xml" hash="668e57da0f663acb02b36605aecde881"/><file name="review.xml" hash="e44ec617f8ad50a03ba61ab3a7f1a838"/><file name="rss.xml" hash="a96fc7aa525d5ee33ad417826cec2658"/><file name="sales.xml" hash="c9910bae1a47eb29eb1bbf3e0b720678"/><file name="wishlist.xml" hash="868da261c6eb64da2e3adeca3a390b28"/></dir><dir name="template"><dir name="authorizenet"><dir name="directpost"><file name="form.phtml" hash="50ae88ef4535a9ca0e8e46799288f413"/></dir></dir><dir name="bundle"><dir name="catalog"><dir name="product"><dir name="view"><dir name="type"><dir name="bundle"><file name="availability.phtml" hash="39f9ec1e37f2d2d838596dd2892b1005"/><dir name="option"><file name="select.phtml" hash="3f51c006c554b18cc60f6229461cad5e"/></dir></dir><file name="bundle.phtml" hash="0abf2442f49382f83dd62c31073e9040"/></dir></dir></dir></dir><dir name="email"><dir name="order"><dir name="items"><dir name="creditmemo"><file name="default.phtml" hash="ab0adcbb666002cc70acdf6ac7021a12"/></dir><dir name="invoice"><file name="default.phtml" hash="d6c0ebeec5e10ffbc506763491b66845"/></dir><dir name="order"><file name="default.phtml" hash="abde26e36f098e3ce5108c5cc80bd254"/></dir><dir name="shipment"><file name="default.phtml" hash="b9c8dc719be1a634e0f448e6b4b47901"/></dir></dir></dir></dir><dir name="sales"><dir name="order"><dir name="items"><file name="renderer.phtml" hash="a8e80c1633e3ee32a8c9168c9d9e8383"/></dir></dir></dir></dir><dir name="captcha"><file name="zend.phtml" hash="872875bf33960b1a1e9ba6859f46600f"/></dir><dir name="catalog"><dir name="layer"><file name="filter.phtml" hash="a44247deec06eb5911f3df6d843d956b"/><file name="state.phtml" hash="eda8e9eb4f713c9da03ba0a54a25212a"/><file name="view.phtml" hash="2ca8dd0e3f146585d07e6b382e8a4eee"/></dir><dir name="msrp"><file name="popup.phtml" hash="31f2008ce2ea58e81e8414645f0ede64"/></dir><dir name="navigation"><file name="left.phtml" hash="bfb71cd13382c16524db2b0d0eab7185"/></dir><dir name="product"><dir name="compare"><file name="list.phtml" hash="5b808fbf9a8bddb979febcfe2609da94"/><file name="sidebar.phtml" hash="62145a39f96743f5785b3627547dc9f7"/></dir><dir name="list"><file name="related.phtml" hash="0d70beffbe11222b2c1c2183ba56b63c"/><file name="toolbar.phtml" hash="c6a3942f398c592827bbbdbb0690a01b"/><file name="upsell.phtml" hash="450003d58ff096dc379ab9793b98c9dd"/></dir><file name="list.phtml" hash="634564c3159f865577a09d34ee0ca5e3"/><file name="price.phtml" hash="ca4e9a03d5ecdac3d35196e4aee7380c"/><dir name="view"><file name="addto.phtml" hash="4b275d89973855e5a3a6088e276f43f8"/><file name="addtocart.phtml" hash="6fa2ea19134bd838dd5bd7c6de9e6843"/><file name="media.phtml" hash="51aa2d8c08d1be4ad9f979a0730bbbb9"/><file name="sharing.phtml" hash="7b9fb533933a5de636bbfa625e25369a"/><dir name="type"><dir name="availability"><file name="default.phtml" hash="4e0b08dad4bb489e8c124308cc56dd4e"/><file name="grouped.phtml" hash="7582181a90bdfb695d816fe895ed399b"/></dir><file name="default.phtml" hash="ca7f231b33e607ffe8f2f6dd4bd96948"/><file name="grouped.phtml" hash="36501822168e99019f702312a293d7ee"/><dir name="options"><file name="configurable.phtml" hash="71811dffa6131fbb179bc06ac1f6e3f6"/></dir></dir></dir><file name="view.phtml" hash="a7f35b24e370ab77185164cdde16c259"/><dir name="widget"><dir name="new"><dir name="column"><file name="new_default_list.phtml" hash="8461c192eab496f4cc024946ea4a5b18"/><file name="new_images_list.phtml" hash="cbcb98d6ad1982d3fd6bb8004f0ef1c1"/><file name="new_names_list.phtml" hash="9cae45c356c126e715273b3a9dd5708c"/></dir><dir name="content"><file name="new_grid.phtml" hash="1215c91de68cb635ee0228e2be9160da"/><file name="new_list.phtml" hash="7317df9d1635324f4aa66bf390524ed6"/></dir></dir></dir></dir></dir><dir name="cataloginventory"><dir name="stockqty"><file name="composite.phtml" hash="778855bedbe85cc965ce4a025ced04ea"/></dir></dir><dir name="catalogsearch"><dir name="advanced"><file name="form.phtml" hash="49a326d7a04cd24f76c089a571f227f7"/></dir><file name="form.mini.phtml" hash="936f335929a1c1f3bb8d20ea274cf9be"/><file name="result.phtml" hash="ea8f7555b6ff6c7af0bdcffec55d0027"/></dir><dir name="centinel"><dir name="authentication"><file name="start.phtml" hash="fe6c94ec3c92840a58b319d5038ca0d9"/></dir></dir><dir name="checkout"><dir name="cart"><file name="coupon.phtml" hash="8893925e57b7d01c0c3b1cbe46965f2f"/><file name="crosssell.phtml" hash="b9253440450cdb8609871a0d23bf3074"/><dir name="item"><dir name="configure"><file name="updatecart.phtml" hash="00a773bf6b7d550cecbcb4afd5f84b7c"/></dir><file name="default.phtml" hash="581d3d31fef83f660942431922293aff"/></dir><dir name="minicart"><file name="default.phtml" hash="4892d89135eda067ecd9d0a6efdcf89f"/><file name="items.phtml" hash="1547e9d22a2f871b28f265d0a3305876"/></dir><file name="minicart.phtml" hash="c160af1af285428f466bdb1cd46ac13e"/><dir name="render"><file name="default.phtml" hash="5c1c460c6c632c5c351e7901427fffe4"/><file name="simple.phtml" hash="025e6bbb36e41df2128c1c95b36ba231"/></dir><file name="shipping.phtml" hash="3080bd1504cae62262062058863e1838"/><dir name="sidebar"><file name="default.phtml" hash="7cda83cea687b899318a3b4133c62408"/></dir><file name="sidebar.phtml" hash="390436e51cacfa0ccce28544765f0962"/></dir><file name="cart.phtml" hash="c625c2d94711e014615486b7607b6e45"/><dir name="multishipping"><file name="addresses.phtml" hash="be9c2953dbab472373de481c8e8b65d4"/><file name="billing.phtml" hash="aa92a53b4c541317b9e6815f5b8a1f28"/><dir name="item"><file name="default.phtml" hash="243e0e6b950f06db8c9c1f7d1ef24590"/></dir><dir name="overview"><file name="item.phtml" hash="9318047ee9189440d7dc1f7a0ca2d917"/></dir><file name="overview.phtml" hash="eaa4630ae9f0bafe9f102e6b1d19eb95"/></dir><dir name="onepage"><file name="payment.phtml" hash="96265c46bb4a202561fbd269636a663c"/><file name="progress.phtml" hash="7445ce55ebe83156bfdf1180bc35fedd"/><dir name="review"><file name="info.phtml" hash="a515a973ebc0181a14d45a3cbe2c2fc9"/><file name="item.phtml" hash="b88883933d696481306734390dceee02"/></dir><file name="shipping.phtml" hash="d4136b9aa6094edd4bac70fbaac89f25"/></dir><file name="onepage.phtml" hash="e3a4b58790c9f9802aff1f7896bd9c72"/></dir><dir name="configurableswatches"><dir name="catalog"><dir name="layer"><dir name="filter"><file name="swatches.phtml" hash="fe55df1df2f30b2e3ebac87bf8c0dbdc"/></dir><dir name="state"><file name="swatch.phtml" hash="fb11cbae1f603017c4e85a8692ec9752"/></dir></dir><dir name="media"><file name="js.phtml" hash="f7269d9211f654f608195c8f1ce891b2"/></dir><dir name="product"><dir name="list"><file name="swatches.phtml" hash="e41711ec411e3be7a29caaf62ac9129c"/></dir><dir name="view"><dir name="type"><dir name="configurable"><file name="swatch-js.phtml" hash="60914817ac4db7f54acb875efb106e4f"/></dir><dir name="options"><dir name="configurable"><file name="swatches.phtml" hash="c8d44e23f337facd225649dc17cf038a"/></dir></dir></dir></dir></dir></dir></dir><dir name="contacts"><file name="form.phtml" hash="2c42bb9ff229dfbd556f5e333982e825"/></dir><dir name="customer"><dir name="account"><dir name="dashboard"><file name="address.phtml" hash="42c81b3a4844d65fcaf5622ce03a5109"/></dir><file name="dashboard.phtml" hash="1330c69eb0c5ba4433943a288e9407a0"/><file name="navigation.phtml" hash="dcec943b87e531c7b1a347ce9965ff45"/></dir><dir name="address"><file name="edit.phtml" hash="ecd1ccd67442bf76df64952d8f8c93ee"/></dir><dir name="form"><file name="address.phtml" hash="3346cebdea9573ce3a5f500e8b6004a5"/><file name="changepassword.phtml" hash="8175021062d265051b59bf5622aba31f"/><file name="confirmation.phtml" hash="6cca7f19f7001e20a1128c633cfa1105"/><file name="edit.phtml" hash="34c2e0a0992d4353fb513b573e97dd4e"/><file name="forgotpassword.phtml" hash="adab27b320754d03d6db2517db9e3c86"/><file name="mini.login.phtml" hash="953db146a0c5a8f668b5b5d1be61f648"/><file name="resetforgottenpassword.phtml" hash="6d0dbc40701aa50d4795837208ddddc5"/></dir></dir><dir name="directory"><file name="currency.phtml" hash="39bcea13a67e2503b89cf8605c5f9383"/></dir><dir name="downloadable"><dir name="catalog"><dir name="product"><file name="type.phtml" hash="4f2f1cc4380dd935ef53c07ce9ebe11e"/></dir></dir><dir name="checkout"><dir name="cart"><dir name="item"><file name="default.phtml" hash="235ba1ef53629e6e0c860c822f009d73"/></dir></dir><dir name="onepage"><dir name="review"><file name="item.phtml" hash="12cb20296cf903662af327800da0ae24"/></dir></dir></dir><dir name="customer"><dir name="products"><file name="list.phtml" hash="4e4c835a56504ad68b8591ef61797744"/></dir></dir><dir name="email"><dir name="order"><dir name="items"><dir name="creditmemo"><file name="downloadable.phtml" hash="2bb7a54f7002427442d81ed57b5ad6b1"/></dir><dir name="invoice"><file name="downloadable.phtml" hash="8c6077b5646124943b74fa7c4ba7f848"/></dir><dir name="order"><file name="downloadable.phtml" hash="b9d771d574dfebd99a24c2336f8285d7"/></dir></dir></dir></dir><dir name="sales"><dir name="order"><dir name="items"><dir name="renderer"><file name="downloadable.phtml" hash="8b9ea75c91389c6cd847ab0ecf4c5bf8"/></dir></dir></dir></dir></dir><dir name="email"><dir name="catalog"><dir name="product"><file name="list.phtml" hash="5f80ecea7ccdcf068e45303a6dcebf72"/><file name="new.phtml" hash="3e967ea93be598baaada7a78507b1434"/></dir></dir><dir name="order"><dir name="creditmemo"><file name="items.phtml" hash="f79cb5ed65ce3927b1d323479b879418"/></dir><dir name="invoice"><file name="items.phtml" hash="d4a446c25eda630196fa52072599722b"/></dir><dir name="items"><dir name="creditmemo"><file name="default.phtml" hash="917301b99bb27e5495f436b91fc16ccc"/></dir><dir name="invoice"><file name="default.phtml" hash="917301b99bb27e5495f436b91fc16ccc"/></dir><dir name="order"><file name="default.phtml" hash="a883309f060bfdef5aa07a74a620032b"/></dir><dir name="shipment"><file name="default.phtml" hash="9ee4f1a8b3662422eb05ec592e105af2"/></dir></dir><file name="items.phtml" hash="3f43664a56eccd336ae9f93644a9d889"/><dir name="shipment"><file name="items.phtml" hash="fda23599e3bcf1f3538cb74e7acfa1c4"/><file name="track.phtml" hash="3d06d28e690ad0997090b2a422080a8c"/></dir><dir name="totals"><file name="wrapper.phtml" hash="0559a432acd7beda44e5b227bff41211"/></dir></dir><dir name="productalert"><file name="price.phtml" hash="007c4d6639335482e7082da23a527cb5"/><file name="stock.phtml" hash="1d5a4e6e3c2cbbdd4f54512c85547db5"/></dir></dir><dir name="newsletter"><file name="subscribe.phtml" hash="3a993dd52f34d23aa9e58d360971a309"/></dir><dir name="oauth"><dir name="authorize"><dir name="form"><file name="login-simple.phtml" hash="f9c0fb94aba9700cb862f0248baec9a1"/></dir></dir></dir><dir name="page"><file name="1column.phtml" hash="0217d29c5ce30c4241b956f4bfcfe089"/><file name="2columns-left.phtml" hash="bebed06fd537e396f05ebbc0e4291d36"/><file name="2columns-right.phtml" hash="a1c08bc7d7fbb9d00988bb9ecdaa85e1"/><file name="3columns.phtml" hash="6f971e2518978701bdf7ad1bb799ace3"/><file name="empty.phtml" hash="f420bff4c02fa84f98d2c1ce09dce4ff"/><dir name="html"><file name="footer.phtml" hash="4a3efd641403e108261b3b6b81cd71fc"/><file name="header.phtml" hash="115ecf5a9042ffcce1536fb10df32914"/><file name="pager.phtml" hash="e16cd50199a2d91c48fbf72ae22600cc"/><dir name="topmenu"><file name="renderer.phtml" hash="7cee75df8e011107ff49117324a2e833"/></dir><file name="topmenu.phtml" hash="5a3237e12cb48e9b77206485f9e46499"/></dir><file name="popup.phtml" hash="807903de3c55861253a6e7a941c246eb"/><file name="print.phtml" hash="f292ecc352173d579d449794a379dc5d"/><dir name="template"><file name="links.phtml" hash="1f8ed0b51c26baf0cc51f864283816c5"/></dir></dir><dir name="payment"><dir name="form"><file name="cc.phtml" hash="a80f418e2c5fce9cc6b758d9d03c195f"/><file name="ccsave.phtml" hash="d7b2ee5a098f61419e8ab7b423d07be7"/></dir><dir name="info"><file name="default.phtml" hash="182a8a5c7ae90f701da3d26959ae88a5"/></dir></dir><dir name="paypal"><file name="bml.phtml" hash="d4bd3e63c77ebec817c9958a7b66c143"/><dir name="express"><dir name="minicart"><file name="shortcut.phtml" hash="821f849045dbd9158c117fd69b9295bd"/></dir><dir name="product"><file name="shortcut.phtml" hash="3cdd24f3af46ef4760ca20885f077d0a"/></dir><dir name="review"><file name="address.phtml" hash="4f2f7b2cdfeb4e3e8f4c9de45e10c03d"/><file name="details.phtml" hash="559a732d462bfb741d03ec05c043d50e"/><dir name="shipping"><file name="method.phtml" hash="a1a0836340cae4530e9d035dfec315da"/></dir></dir><file name="review.phtml" hash="abbb96284c22d9c451500333bc9abc98"/></dir><dir name="partner"><file name="us_logo.phtml" hash="2c3eccffd8d1d79f40679cbf4efd85ed"/></dir></dir><dir name="persistent"><dir name="checkout"><dir name="onepage"><file name="billing.phtml" hash="85aa6cfa48f500ff3e54beaf27c2fadf"/><file name="login.phtml" hash="634989681520d255b70f738acca3546a"/></dir></dir><dir name="customer"><dir name="form"><file name="login.phtml" hash="44f01752af72cceb3bf5fff3a5a23cba"/><file name="register.phtml" hash="ce150ea84370b0521324c100e8a64dfc"/></dir></dir><dir name="header"><file name="links.phtml" hash="eb1a3675863fd60601a83ba37aba1a94"/></dir><file name="remember_me.phtml" hash="ecb29a132a145258c5ccf8303fbf7825"/><file name="remember_me_tooltip.phtml" hash="c410dcf15883faca8c1fda017586378e"/></dir><dir name="rating"><file name="detailed.phtml" hash="ac029753c6ad21473faa8f7f1e6464e7"/></dir><dir name="reports"><file name="product_viewed.phtml" hash="868f17fe24d87fce8fc6281c65fa6825"/><dir name="widget"><dir name="compared"><dir name="column"><file name="compared_default_list.phtml" hash="98b5a02b4d0e9f24e2128199b7ff8ac9"/><file name="compared_images_list.phtml" hash="b8018d02e1c808983b9da2fcedbf380b"/><file name="compared_names_list.phtml" hash="4b3cc7169338ceb224b3bf134767d506"/></dir><dir name="content"><file name="compared_grid.phtml" hash="bcad46bcab98be82e219362621e37491"/><file name="compared_list.phtml" hash="6d748da0752c62ccbda731d294ce5065"/></dir></dir><dir name="viewed"><dir name="column"><file name="viewed_default_list.phtml" hash="211165fdd25df6912981d4b9abef97d2"/><file name="viewed_images_list.phtml" hash="48fdb9f1cb78cd28f30815abd9e8901a"/><file name="viewed_names_list.phtml" hash="5337debf0ddc6b5fec96cdfa543f1747"/></dir><dir name="content"><file name="viewed_grid.phtml" hash="e8e30d08f535a1d630a10c2f3d348108"/><file name="viewed_list.phtml" hash="446121c899bfd198eebc4c65f978ddbd"/></dir></dir></dir></dir><dir name="review"><dir name="customer"><file name="view.phtml" hash="f05a86c29f6b998382d09f152632fc2b"/></dir><file name="form.phtml" hash="bc2a3a251a83fe521e7706dc2bcf32b5"/><dir name="product"><dir name="view"><file name="list.phtml" hash="34948e48ae602004e2869de139a22a2a"/></dir></dir><file name="view.phtml" hash="ec56bfd82035e90ce84f5de9b647cca3"/></dir><dir name="sales"><dir name="billing"><dir name="agreement"><file name="view.phtml" hash="1b92ce064e12147b17080fc5c2db3ae1"/></dir><file name="agreements.phtml" hash="9dff256daa8f0ba30e609c2eebe06efd"/></dir><dir name="order"><dir name="creditmemo"><dir name="items"><dir name="renderer"><file name="default.phtml" hash="56630660fd5dfcad091a1e3bf7f34b36"/></dir></dir><file name="items.phtml" hash="a89d7a81766c904c8068e82969f3aa34"/></dir><file name="history.phtml" hash="84ac8f3748940b8efaae73fade8dd243"/><dir name="invoice"><dir name="items"><dir name="renderer"><file name="default.phtml" hash="a96b98f4bac113c8d974e91d8a68f161"/></dir></dir><file name="items.phtml" hash="33f6ad17b6418fc29ad8b45b7f8254f1"/></dir><dir name="items"><dir name="renderer"><file name="default.phtml" hash="cdc2fa9fa75773fc214a1cf1b523a973"/></dir></dir><file name="items.phtml" hash="c8beda8f74c01263549ea2706934f8bb"/><file name="recent.phtml" hash="f17054de57e8c74cffbec8a7381fe004"/><dir name="shipment"><file name="items.phtml" hash="cf419a6963ec9e9c92bcc1f04011457c"/></dir></dir><dir name="recurring"><file name="grid.phtml" hash="ac0d5f5d757ed8abbfe94e9fc2f18124"/><dir name="profile"><file name="view.phtml" hash="ae06af716d2c48860db09000224e8f71"/></dir></dir><dir name="widget"><dir name="guest"><file name="form.phtml" hash="d08e046a18b17a628f46551053ced887"/></dir></dir></dir><dir name="sendfriend"><file name="send.phtml" hash="2849cb83f45985ff5e7564fa591c501a"/></dir><dir name="wishlist"><dir name="button"><file name="update.phtml" hash="6e887fadfcecb6f5a3f4a8c999bc3634"/></dir><dir name="item"><dir name="column"><file name="cart.phtml" hash="1715f0d797d0d5d3d26198dd347e302d"/><file name="info.phtml" hash="e48e55fa0fbced5b309f7f5f5b3f221b"/><file name="price.phtml" hash="1c1645d8ad629b068294d905dcaee448"/><file name="quantity.phtml" hash="906589e5f6d83daf6b7ab60633d980e2"/></dir><file name="list.phtml" hash="face9e02ba146978704797f270d4c836"/></dir><file name="shared.phtml" hash="5144c2fa4d5dc1a9df7f15513d4a461b"/><file name="sidebar.phtml" hash="f0f180ae9f831b0f47a9478ac2c41c3b"/><file name="view.phtml" hash="d2306e1331e6adc8cf54969e54f28fef"/></dir></dir></dir></dir></dir></target><target name="mageskin"><dir name="frontend"><dir name="rwd"><dir name="default"><dir name="css"><file name="madisonisland-ie8.css" hash="d5f47a4cd003ceceb5371e3837a50212"/><file name="madisonisland.css" hash="6edb2c3d3ef856ec1362d176410ec37b"/><file name="scaffold-forms.css" hash="b6e3ea01988f54815d2275047b5d29d5"/><file name="styles-ie8.css" hash="5694f9525cb155389fe91691560548e4"/><file name="styles.css" hash="56e58f0200cefa3c2146841a2d886096"/></dir><dir name="images"><file name="ajax-loader.gif" hash="f48ee069890b16455c3ddcacee9b5f75"/><file name="bg_x.png" hash="c321c67f6929326129426c9e83207ea3"/><file name="demo-logo.png" hash="c6f4b110e5379547e71d367479f0f945"/><file name="demo_logo.png" hash="7694461c41abb69ca60c086c69e312cc"/><file name="icon_sprite.png" hash="e15f0103ef5ebe3baf48960bb9ccfaab"/><file name="icon_sprite@2x.png" hash="2e9c31d760a33d9f27951210f8311341"/><file name="logo.gif" hash="5e0912a388db8cd83c062766ac3a5d89"/><file name="logo_email.gif" hash="773ca21465d08684ea7db8bf49d30a36"/><file name="logo_print.gif" hash="5e0912a388db8cd83c062766ac3a5d89"/><dir name="media"><file name="col_left_callout.jpg" hash="5f762006021e046f9bd536f37ea7c463"/><file name="col_right_callout.jpg" hash="dae22f37a542da272a35195ec286ec25"/><file name="homepage_banner_1.jpg" hash="267b2827f3db118d99f7a623ee02ad8f"/><file name="homepage_banner_1@2x.jpg" hash="3baa6702111d6f5f5dd40d96f148fc60"/><file name="homepage_banner_2.jpg" hash="67f70cfb1690b5de6e185769fb55cd28"/><file name="homepage_callout_1.jpg" hash="4b8451e4e99e87b6c60a015f659d32b6"/><file name="homepage_callout_1@2x.jpg" hash="fb5e215f6cb623abf6f0365b5de1541d"/><file name="homepage_callout_2.jpg" hash="057ab6200f6ea05d4a6793969c5edac3"/><file name="homepage_callout_2@2x.jpg" hash="e923c6323d22235876fe61a9c5588c85"/><file name="homepage_callout_3.jpg" hash="b2cf1e73e87b3330df17425044d22f52"/><file name="homepage_callout_3@2x.jpg" hash="8b98dee63a61608b09c26bd60acea65e"/></dir><file name="opc-ajax-loader.gif" hash="f48ee069890b16455c3ddcacee9b5f75"/><file name="social_icons.png" hash="a6d0bdaea0ca0f507bd36628a6ad31a2"/><file name="social_icons@2x.png" hash="531cc696a7b949dbc8121809c1bb4d46"/></dir><dir name="js"><file name="app.js" hash="80cb5f281145387569182e9c8c0148e2"/><dir name="configurableswatches"><file name="product-media.js" hash="c1e0ccd3d16e6008f808b27b83de5fed"/><file name="swatches-list.js" hash="b37c9bad3124b287f7ee1655c1cdaabc"/><file name="swatches-product.js" hash="43564b12f299c45f99e5878a29015d46"/></dir><dir name="lib"><dir name="elevatezoom"><file name="jquery.elevateZoom-3.0.8.min.js" hash="a18ff8649464a0c999f5d063a081da61"/><file name="jquery.elevatezoom.js" hash="76494c5afa372e08d0a8a5f4ba7e58ed"/></dir><file name="enquire.js" hash="c11ca42a1f2bf189d004f9a4f42e3ca2"/><file name="fastclick.js" hash="7f1e1673fa395e43cbdc584c8798541b"/><file name="imagesloaded.js" hash="f70def9bddf45be549ec0575645b8038"/><file name="jquery.cycle2.min.js" hash="24f809434b3e494cc7b98c6c08404b33"/><file name="jquery.cycle2.swipe.min.js" hash="15747fbd45dd1adcaf8f04a2d8a71d68"/><file name="matchMedia.addListener.js" hash="6f47448212550bd3157c4265e3ebf085"/><file name="matchMedia.js" hash="89f369588d629240d6a8d4f8788490c8"/><file name="modernizr.custom.min.js" hash="e508acbc792b5761fe98dc892a1fd952"/><file name="selectivizr.js" hash="8e596ea5ffac3cf3eb53f75a15cdc7eb"/></dir><file name="minicart.js" hash="729f136fe0cc8b3f1f174ee8fe968ffc"/><file name="msrp_rwd.js" hash="522d9833cd59b12761f9b4bfebd8ffd8"/><file name="opcheckout_rwd.js" hash="ee9f07a500f77534151ed1fcdf22600a"/><file name="slideshow.js" hash="07c6e1868c032f619ea606238bc7be7b"/></dir><dir name="scss"><file name="_core.scss" hash="33d1ddbb0668de9f7b9bf2eb1cd6ecbe"/><file name="_framework.scss" hash="93384e56ec50458f4f923ce7470cd6da"/><file name="_var.scss" hash="4d628304b30a3bd438bed96c31423c84"/><file name="config.rb" hash="5f50b4dc5eefbab9e22abdfb80f4d689"/><dir name="content"><file name="_category.scss" hash="f0edffea71dd3847b7b94ceab445a419"/><file name="_home.scss" hash="cb069d92990f68195496e2196f40d7c6"/></dir><dir name="core"><file name="_common.scss" hash="0a283f726c2a82c23163b6db42c958f5"/><file name="_form.scss" hash="e6c3eb23683b0a737c2513dc8790c263"/><file name="_reset.scss" hash="b2b82e7607eeb6e4c2761af26998f70f"/><file name="_table.scss" hash="12af297e33bc3943ebd57cb5acccb769"/></dir><file name="email-inline.scss" hash="55b21d3b6b30e90f6148b667336efc97"/><file name="email-non-inline.scss" hash="0278ac71fa72897b2434dfe387346c7d"/><dir name="function"><file name="_black.scss" hash="1c76b0960588dda7082bf8e90c5ae946"/><file name="_white.scss" hash="cd297ba874f0efb0e776a2cdaba27213"/></dir><dir name="layout"><file name="_footer.scss" hash="b16e711775d33e1c753f470f74dc2495"/><file name="_global.scss" hash="ab3ad4b705a8f8fb2d37c75d0129de8e"/><file name="_header-account.scss" hash="7e6c4f5a3848f93d9f733699ad2aa0a5"/><file name="_header-cart.scss" hash="40dcd13de05a03f2af1cc054f0dc198a"/><file name="_header-nav.scss" hash="a3767ac5021509e9c2abad16728f7c7d"/><file name="_header-search.scss" hash="dee0e05bd8eeccccb82cb260395557b1"/><file name="_header.scss" hash="a9871115e90dd882e840143087cfbf90"/></dir><file name="madisonisland-ie8.scss" hash="f592668f4e5d0b7817927dbce29f59d0"/><file name="madisonisland.scss" hash="fff1e636e9aa537e38ee89f3aecf29ba"/><dir name="mixin"><file name="_breakpoint.scss" hash="fdafdfed66af713c891f4c63a19eb703"/><file name="_clearfix.scss" hash="e2ddff1360f86e7dea20567d2b7eabff"/><file name="_if-resolution.scss" hash="327ba5d3214615af09323f59a82309c1"/><file name="_image-replacement.scss" hash="030cc950644942af58d69f05a32f6010"/><file name="_loading-overlay.scss" hash="37a9fe433f024aa5cd540ab756255c48"/><file name="_menu.scss" hash="6bd0c90f14454c4868aadb3cf99119f3"/><file name="_not-selectable.scss" hash="4fc9a1f911fbbc32f5391b61d1b8894d"/><file name="_toggle-content.scss" hash="7ffb3f9e8536fc247be883ad25a08424"/><file name="_triangle.scss" hash="c09dc7c6deaa960a812d8604378035ad"/><file name="_typography.scss" hash="988e2bca5e21b62286cf1c1de667a69e"/></dir><dir name="module"><file name="_account-orders.scss" hash="6bd66d03a0c9055473d01db7a9ec523c"/><file name="_account-reviews.scss" hash="22c3cc8b756a2a9c77814019b528287b"/><file name="_billing-agreements.scss" hash="8d50942ef9e35fc8b8cb7b9f90dfc38f"/><file name="_captcha.scss" hash="28afb6c895324ddd5305e18a2a21245e"/><file name="_catalog-compare.scss" hash="b41c9204621990bc713dbb3f0b1c7e22"/><file name="_catalog-msrp.scss" hash="672b862d5e7ac9f5a38452996b3814d6"/><file name="_catalog-product.scss" hash="32acd412e3d128ef2016e0d3f1fc6ab4"/><file name="_checkout-cart-minicart.scss" hash="975b06d25307f2aa098800dbb5e496c0"/><file name="_checkout-cart.scss" hash="90fab2862180b230593e9d0913a6e76b"/><file name="_checkout-multi-address.scss" hash="5c92ba1a98308bd1519fda64d41f5f96"/><file name="_checkout-onepage.scss" hash="4006706f090fba1be2860c7ba1240c0b"/><file name="_checkout-success.scss" hash="e655584eccd68b5c89709c11a3b2a8cc"/><file name="_cms.scss" hash="067fe620286a462b2aab846f558bf851"/><file name="_configurableswatches.scss" hash="c91fe98658d9f561cfac111bd0b1d683"/><file name="_contacts.scss" hash="75b142892e52957d9d4842316e858fdc"/><file name="_cookies.scss" hash="40e322d8f98c68b44e85cfffad1d0845"/><file name="_customer.scss" hash="be23803496f69f089ac4e7defd2eeb9f"/><file name="_paypal.scss" hash="c41daf0e6277ea9fa8e55c08e2734a9c"/><file name="_popular-terms.scss" hash="c70880f760a46f4252fa2e05488669df"/><file name="_pricing_conditions.scss" hash="2fa2251c64c4de02436204e62a74b40b"/><file name="_product-list.scss" hash="07444dc99f8a40cec83f85c0412da2a5"/><file name="_recurring-profiles.scss" hash="ccefe9fa4101415eefa0c322a4751b8c"/><file name="_review.scss" hash="b921881b074f3e9f7c81e13c9268bdc1"/><file name="_search.scss" hash="f97c0831c06a72bbeaecf81e9f6428c1"/><file name="_slideshow.scss" hash="d14c8fdd53240ea4a4a89ba110942e84"/><file name="_tags.scss" hash="7ab90ca04dbb470d088fc13863bd6853"/><file name="_widget.scss" hash="6b598b6b1c95b7a3683afa5a52b339a0"/><file name="_wishlist.scss" hash="b2f2e9590bfe87777249ff70dba29dd6"/></dir><dir name="override"><file name="_plugin.scss" hash="5f8731aac694962ee07241bd70919966"/></dir><file name="scaffold-forms.scss" hash="06a7f258ffcb44f8799525400e42418e"/><file name="styles-ie8.scss" hash="2a64adffc8750b813caf25277bca2100"/><file name="styles.scss" hash="ceb1092bb069ed28d4fcd40a6cb7f4be"/><dir name="vendor"><file name="_normalize.scss" hash="d9edffd350bd218571fd141a9c658d29"/></dir><file name=".htaccess" hash="72617d60821288133a367f70bf39ad93"/></dir></dir></dir></dir></target></contents>
    <compatible/>
    <dependencies><required><php><min>5.2.0</min><max>6.0.0</max></php><package><name>Mage_Core_Modules</name><channel>community</channel><min>1.9.2.2</min><max>1.9.2.2</max></package></required></dependencies>
</package>
