<?xml version="1.0"?>
<package>
    <name>Interface_Adminhtml_Default</name>
    <version>1.9.3.9</version>
    <stability>stable</stability>
    <license uri="http://opensource.org/licenses/afl-3.0.php">AFL v3.0</license>
    <channel>community</channel>
    <extends/>
    <summary>Default interface for Adminhtml</summary>
    <description>Default interface for Adminhtml</description>
    <notes>1.9.3.9</notes>
    <authors><author><name>Magento Core Team</name><user>core</user><email>core@magentocommerce.com</email></author></authors>
    <date>2018-05-16</date>
    <time>19:11:11</time>
    <contents><target name="magedesign"><dir name="adminhtml"><dir name="default"><dir name="default"><dir name="etc"><file name="theme.xml" hash="2b8a8e5c60e4784255103ef960654b5c"/></dir><dir name="layout"><file name="admin.xml" hash="fa2970aab5aa83b7ebc98adb626cc47e"/><file name="adminnotification.xml" hash="6c02b570b62216ddd83ef13e02c6698b"/><file name="api2.xml" hash="db2a27d7ccc02947bc5b30c59769e08b"/><file name="authorizenet.xml" hash="e46d7d9d4804cd77883bd035c207d393"/><file name="bundle.xml" hash="36df0c985b13180ceea82109d6544381"/><file name="captcha.xml" hash="aba7100ae7edc86767e264e5fcfeed0d"/><file name="catalog.xml" hash="ab017f81ffc3316d6f1aed1011705789"/><file name="cms.xml" hash="0d847542950f96c30d7e493d6581f382"/><file name="connect.xml" hash="4b115e8eea0c7a5366bb650f9ecd678e"/><file name="currencysymbol.xml" hash="f834ed67581bb8c6a0f1e9077a0e916a"/><file name="customer.xml" hash="8dea541c83192d8d11c4fb49ea78045b"/><file name="dataflow.xml" hash="6f3baacc217afac27c7046d216afbaa6"/><file name="downloadable.xml" hash="b86d8dd5b096210d7ead7578b724bcad"/><file name="giftmessage.xml" hash="8a9454ccace970bfc7113bbfcc694d72"/><file name="importexport.xml" hash="4ee599ba56fabb14579b4c4f62f12b05"/><file name="index.xml" hash="7d5d63387702ae4f89790ddf333a85f0"/><file name="main.xml" hash="579885879b15e799e92cc2a9db33c277"/><file name="newsletter.xml" hash="cd6f875069103180ba3c6e175afb36c8"/><file name="oauth.xml" hash="9e68b6469faedb70bd5e19c076f07a66"/><file name="pagecache.xml" hash="649b2dc7b23ffa346745e2f439ada44f"/><file name="promo.xml" hash="ecce633b40d46540091a5f4674a6b5d7"/><file name="report.xml" hash="aebf6e9b94610bf1de7523781dc9df6b"/><file name="rss.xml" hash="381d71a524ace3375faa236867473cb3"/><file name="sales.xml" hash="8e29ebd2adff0f926c5dbcdca8eb8b38"/><file name="search.xml" hash="08e65788b1c39852084489a2110f9ff7"/><file name="tag.xml" hash="be945871f64a7df6d5b9dc163f2a7906"/><file name="tax.xml" hash="575eaccb30e80c89569192a9793bbe31"/><file name="widget.xml" hash="660afe2914732b367367da4ff252fc0a"/></dir><dir name="locale"><dir name="en_US"><file name="translate.csv" hash="735c9ec66d1309f1206294f075fdcdd1"/></dir></dir><dir name="template"><file name="access_denied.phtml" hash="0b93425b87b9d7ac08f545fe9b8e1362"/><dir name="api"><file name="role_users_grid_js.phtml" hash="19b2a78abc5572a2d6f00d2bae61b06b"/><file name="roleinfo.phtml" hash="26c30a9376cb26e6e695a5e30c0d3ba4"/><file name="roles.phtml" hash="c7e568ce60aa3f2d5ef99b07ff188f62"/><file name="rolesedit.phtml" hash="2fc361094d6175350a69fe4e7adb22de"/><file name="rolesusers.phtml" hash="c7b229b2a85ad3a22ec7b3658cb81992"/><file name="user_roles_grid_js.phtml" hash="cc0ca1bd4762b3213b39e0ea6387f2a9"/><file name="userinfo.phtml" hash="71d5c55d0baebbb17a7253d54dcf261f"/><file name="usernroles.phtml" hash="bef71e724dbb7b176ade07ddd895d249"/><file name="userroles.phtml" hash="c65d101f41a14ea2f6f9c5336c339ec2"/><file name="users.phtml" hash="79609ef733b95a347cc4d7551407da35"/></dir><dir name="api2"><dir name="attribute"><file name="buttons.phtml" hash="a0f72346b1d2f7d0ecc00c663152594d"/><file name="resource.phtml" hash="ac52c34f754dbd0d18033c77d77f310e"/></dir><dir name="permissions"><dir name="user"><dir name="edit"><dir name="tab"><dir name="roles"><file name="js.phtml" hash="8f86b7111ea63f3f92082bd7e354998e"/></dir></dir></dir></dir></dir><dir name="role"><file name="buttons.phtml" hash="c82b5abc2905bb1e366de48e271b8396"/><file name="users_grid_js.phtml" hash="f04c43f09d5a3881bb30bd23a7627419"/></dir></dir><dir name="authorizenet"><dir name="directpost"><file name="iframe.phtml" hash="45b445708ecef65d83c5ecc15d330edd"/><file name="info.phtml" hash="1d71da92ea0ddb22633bbcf1e2838102"/></dir></dir><dir name="backup"><file name="dialogs.phtml" hash="7b48547221f06a4a6d22d15e1e83672f"/><file name="left.phtml" hash="dfc47c2fc8db80a7d689d6c4b9c839f0"/><file name="list.phtml" hash="db411fc64166d19591964830e13c66a8"/></dir><dir name="bundle"><dir name="product"><dir name="composite"><dir name="fieldset"><dir name="options"><file name="bundle.phtml" hash="3c5955a856a6dd3f00422ce849ab121d"/><dir name="type"><file name="checkbox.phtml" hash="7c0db4ab7ca921ce57a9396e28bce585"/><file name="multi.phtml" hash="1514e211126df7763d75df47d72b0d95"/><file name="radio.phtml" hash="ae244ff90f64532aad44df7fd763a97a"/><file name="select.phtml" hash="708a91a59658cebbc4b5f141c1b8e27c"/></dir></dir></dir></dir><dir name="edit"><dir name="bundle"><dir name="option"><file name="search.phtml" hash="96f1988c6a61107ea033f24acfb331ed"/><file name="selection.phtml" hash="56ee8f504e7b17ca87ffa037ba224d8f"/></dir><file name="option.phtml" hash="732c96f5d87a2764ed272d96cd804d7a"/></dir><file name="bundle.phtml" hash="d1c03f6494a5d1b63b1cf0f87d381d4e"/></dir></dir><dir name="sales"><dir name="creditmemo"><dir name="create"><dir name="items"><file name="renderer.phtml" hash="fef81631c281732fade86c96006f9dc0"/></dir></dir><dir name="view"><dir name="items"><file name="renderer.phtml" hash="b73297c73170996f65a8aff9689cf9de"/></dir></dir></dir><dir name="invoice"><dir name="create"><dir name="items"><file name="renderer.phtml" hash="f27e06c3bb3d0f1ea77b1b581b849ccf"/></dir></dir><dir name="view"><dir name="items"><file name="renderer.phtml" hash="60cd39ac2b895087c95227ba93bba025"/></dir></dir></dir><dir name="order"><dir name="view"><dir name="items"><file name="renderer.phtml" hash="730371f0e11f19870a2171029bb3b634"/></dir></dir></dir><dir name="shipment"><dir name="create"><dir name="items"><file name="renderer.phtml" hash="a1aad31b41cba9d635d1f400206a6ab5"/></dir></dir><dir name="view"><dir name="items"><file name="renderer.phtml" hash="52b04391368ead689e7f022c0d94dbb6"/></dir></dir></dir></dir></dir><dir name="captcha"><file name="zend.phtml" hash="4bb4d10d1969e62ea626c2f3ad17059b"/></dir><dir name="catalog"><dir name="category"><dir name="checkboxes"><file name="tree.phtml" hash="316072d4357faf2dda4607ba7f02e5e1"/></dir><dir name="edit"><file name="form.phtml" hash="1f2ec2f818af0dae1a3d898489a1bca7"/></dir><file name="edit.phtml" hash="8c6a5c83242ebd0f262a8b884066d071"/><file name="tree.phtml" hash="166e16cb27184b953cc9e7f60f0eba40"/><dir name="widget"><file name="tree.phtml" hash="f6611d0ceb9f6068e5c3988930b0a00c"/></dir></dir><dir name="form"><dir name="renderer"><dir name="fieldset"><file name="element.phtml" hash="58c77338ef7ee88a33cb8d0703d752de"/></dir></dir></dir><dir name="product"><dir name="attribute"><file name="js.phtml" hash="7e01ac475d716fe1a0ff364683805fef"/><dir name="new"><file name="created.phtml" hash="b6466ae0b3778ef2f08583a84aa7099d"/></dir><file name="options.phtml" hash="4d43f18ee71fa9f5a4d518b279888aed"/><dir name="set"><dir name="main"><dir name="tree"><file name="attribute.phtml" hash="e31959cb6e8a00cf1c85bcf3e528f73f"/><file name="group.phtml" hash="ad056aa1c05478509d9252cd9cbbf9e7"/></dir></dir><file name="main.phtml" hash="0a9fc542d48b62a9e218f9fb5fa33133"/><dir name="toolbar"><file name="add.phtml" hash="2271a6d595c86af8bf84b987eb0efc17"/><file name="main.phtml" hash="bf70b4d5a5a62a0abc98eb8003e1b8d6"/></dir></dir></dir><dir name="composite"><file name="configure.phtml" hash="7f6774cf9023b4daa9a250454149d373"/><dir name="fieldset"><file name="configurable.phtml" hash="4861932bdb04e14eb32c8fa072c9ab4c"/><file name="grouped.phtml" hash="020b1cb486b20b39a1fb4d4b5711c68b"/><dir name="options"><file name="js.phtml" hash="59ac4bb852525ff1f6b7bd31eb4f55ea"/><dir name="type"><file name="date.phtml" hash="e68657a02a40e818cdf43552d64914d4"/><file name="default.phtml" hash="cd59ccac8a9d4212e161ea5dbb55f348"/><file name="file.phtml" hash="ab87b63a754052d01a64e31ebd3b33a6"/><file name="select.phtml" hash="49130463308c229d1d9041499e9d3ccc"/><file name="text.phtml" hash="ca826937903254f82d322f8f91e7d46a"/></dir></dir><file name="options.phtml" hash="1e5706149c20d21fd1d4deae1e4814f7"/><file name="qty.phtml" hash="911d3700ea16934737ef4838cf5905a5"/></dir></dir><file name="created.phtml" hash="eeda128f5468e66a37eb6048ff20046f"/><dir name="edit"><dir name="action"><file name="attribute.phtml" hash="c8e6a25bfd9b467557e76f6c8c6d5ff8"/><file name="inventory.phtml" hash="4aa5d8046544aad2fa7ecb4d62cb7b4f"/><file name="websites.phtml" hash="bef55654e3461543c6f2ae9d3d8826f2"/></dir><file name="categories.phtml" hash="61ea947c5375f24d183964abf564bd06"/><dir name="options"><file name="option.phtml" hash="5b2c7428c87ae6c888e57de4228b49d3"/><dir name="type"><file name="date.phtml" hash="56d17e997bff9a38c85abad8674d2b1c"/><file name="file.phtml" hash="0ed1da6973f5665b926533c9e1d6883f"/><file name="select.phtml" hash="68df7d25b614c17fd6465e93c458ceb8"/><file name="text.phtml" hash="fad130667515a76412509dea18c55e86"/></dir></dir><file name="options.phtml" hash="f0f0a18efa190eb3b20cc345f2e946fd"/><dir name="price"><file name="group.phtml" hash="3956ebb0b1d06f602caa4f7a3ec8016d"/><file name="tier.phtml" hash="fe083276dc080bb0c300d29f0e42e663"/></dir><file name="serializer.phtml" hash="598b4c51e63a0633a139f17bba395c51"/><dir name="super"><file name="config.phtml" hash="7c36eec763f1c2c7627026c6723d7d75"/></dir><file name="websites.phtml" hash="a59008e748041ce32ffa01c52bfada66"/></dir><file name="edit.phtml" hash="e33e2c7513399a924c3224a9791b252a"/><dir name="helper"><file name="gallery.phtml" hash="a4ac4016876024809e66469714be6874"/></dir><file name="js.phtml" hash="47cf9938cc0ebc74b583370cceb93498"/><file name="price.phtml" hash="0d6960c138926e5832ef39dc2d6f0923"/><dir name="tab"><file name="alert.phtml" hash="c7f72e8114ab15177be2c83598e8705e"/><file name="inventory.phtml" hash="e6e15282ceea9e10ddc47771c8c73503"/></dir><dir name="widget"><dir name="chooser"><file name="container.phtml" hash="2af850a1f664772599a1a42b12cbd037"/></dir></dir></dir><file name="product.phtml" hash="0db5b8a63cf7bdfcbe0278569e048e9b"/><dir name="wysiwyg"><file name="js.phtml" hash="868d61a1c261c64255367f1d18c06146"/></dir></dir><dir name="cms"><dir name="browser"><dir name="content"><file name="files.phtml" hash="4f681a5701b68430a3fc5e219605fa69"/><file name="newfolder.phtml" hash="4631d1a3602fff8fac3528d2d620edd3"/><file name="uploader.phtml" hash="0ca35f576a3407276f08579da3d767fa"/></dir><file name="content.phtml" hash="5060e5bf45f748de04e476754ac1dfd0"/><file name="js.phtml" hash="d7f24abe14eaaa076de3ecfcb9cd37ac"/><file name="tree.phtml" hash="31337b44e306b1c72b6248f782a2f987"/></dir><dir name="page"><dir name="edit"><dir name="form"><dir name="renderer"><file name="content.phtml" hash="3ff9151632c1207f57108393c3a2d1b1"/></dir></dir></dir></dir></dir><file name="coming.phtml" hash="584b6eb5bd5c02169d95bf218fd78f32"/><dir name="connect"><dir name="extension"><dir name="custom"><file name="authors.phtml" hash="abcf5c33760f7f41e849aa0ccdc3094c"/><file name="contents.phtml" hash="b0750fce6e052964e936194175cc2de5"/><file name="depends.phtml" hash="9750b3aa40cf7b948dd76e1975e81c00"/><file name="load.phtml" hash="c14d4bfcae6c2da8b66ddb12f98e1bcd"/><file name="package.phtml" hash="acd9f10cd82a311eb546cd63bd648bdc"/><file name="release.phtml" hash="e25b1c7c5e8007610044e0be15926066"/></dir></dir></dir><dir name="currencysymbol"><file name="grid.phtml" hash="4909494d83f5a434e9549d4c9b208b7b"/></dir><dir name="customer"><dir name="edit"><file name="js.phtml" hash="dbdef333341b26c8e5a4d6487452bba0"/><dir name="tab"><dir name="account"><dir name="form"><dir name="renderer"><file name="group.phtml" hash="07ca40d8a48dccbf882c2bd9d97c8fdd"/></dir></dir></dir><dir name="view"><dir name="grid"><file name="item.phtml" hash="cffe779f8286f8ddbd5d9e36455c1f91"/></dir></dir></dir></dir><file name="online.phtml" hash="26c038872c35622dce5192b66157d8f2"/><dir name="sales"><dir name="order"><dir name="create"><dir name="address"><dir name="form"><dir name="renderer"><file name="vat.phtml" hash="bcb6dcd5283f6ca54a31f794ae05ff42"/></dir></dir></dir></dir></dir></dir><dir name="system"><dir name="config"><file name="validatevat.phtml" hash="83e4b57c6dff8ec1ffb5480133126767"/></dir></dir><dir name="tab"><file name="addresses.phtml" hash="4e08e870ac344b06a61ba5df94acdce9"/><file name="cart.phtml" hash="7bd07def03346874d530832138a82e83"/><file name="newsletter.phtml" hash="a875958e512c96b7b3841282edcfb36e"/><dir name="view"><file name="sales.phtml" hash="0dbba8c504374b5dd09304727261ce6a"/></dir><file name="view.phtml" hash="4153cc71e7a6db1e6f8cd6b5e949b052"/><file name="wishlist.phtml" hash="bbfef68c40383558d550e93bcaf788de"/></dir></dir><dir name="dashboard"><dir name="graph"><file name="disabled.phtml" hash="9fd9442cb7012d11528a5008d7edfc8b"/></dir><file name="graph.phtml" hash="b64fea82a4e48856749a118aa394b3e4"/><file name="grid.phtml" hash="92391c6885262018eace82dc98041815"/><file name="index.phtml" hash="1485125ad7b75ea87312cc9aae2c64c7"/><file name="salebar.phtml" hash="35051aca2c8af240a93905ace6a95aef"/><file name="searches.phtml" hash="85a0eab13b10481bec450c27146ece41"/><dir name="store"><file name="switcher.phtml" hash="e16a68b53244d1e0becf36a1b2e1235b"/></dir><file name="totalbar.phtml" hash="49a2ccc2dbb571f33aa773cb896b04b7"/></dir><dir name="directory"><dir name="js"><file name="optional_zip_countries.phtml" hash="f2c21b03d0109c7505be950febe20d1c"/></dir></dir><dir name="downloadable"><dir name="product"><dir name="composite"><dir name="fieldset"><file name="downloadable.phtml" hash="ec539bc7a37dde2d1369a38872e04ae0"/></dir></dir><dir name="edit"><dir name="downloadable"><file name="links.phtml" hash="50f196fbc173c7b6db47b73897bbba53"/><file name="samples.phtml" hash="0a4e10d341d2e373e89a9b990cee5658"/></dir><file name="downloadable.phtml" hash="0e3685802262cd0ff745f7b5a3c4a399"/></dir></dir><dir name="sales"><dir name="items"><dir name="column"><dir name="downloadable"><dir name="creditmemo"><file name="name.phtml" hash="0b929b22a5b6bfe4faefd36c8fe3e7cb"/></dir><dir name="invoice"><file name="name.phtml" hash="69aa15a70fe3e10ff66d301f83774d8e"/></dir><file name="name.phtml" hash="90e67c7d2963a36239d1cfedf02eb2d6"/></dir></dir></dir><dir name="order"><dir name="creditmemo"><dir name="create"><dir name="items"><dir name="renderer"><file name="downloadable.phtml" hash="564951f90faa742f3a7485cd325f3928"/></dir></dir></dir><dir name="view"><dir name="items"><dir name="renderer"><file name="downloadable.phtml" hash="c0060b9a5190d959423435c2fec44fd7"/></dir></dir></dir></dir><dir name="invoice"><dir name="create"><dir name="items"><dir name="renderer"><file name="downloadable.phtml" hash="4e1430f0773f61cc998500dcbf3df9f1"/></dir></dir></dir><dir name="view"><dir name="items"><dir name="renderer"><file name="downloadable.phtml" hash="5a47d33cef0453245cf6751611b614f9"/></dir></dir></dir></dir><dir name="view"><dir name="items"><dir name="renderer"><file name="downloadable.phtml" hash="142c07b8ecd8dc21d5f3873e61e8a95d"/></dir></dir></dir></dir></dir></dir><dir name="eav"><dir name="attribute"><dir name="edit"><file name="js.phtml" hash="e31959cb6e8a00cf1c85bcf3e528f73f"/></dir><file name="options.phtml" hash="b264987df981b6954197362620ce5dc3"/></dir></dir><dir name="email"><dir name="order"><file name="items.phtml" hash="eb03db94a2470c2355776460c6c91c20"/></dir></dir><file name="empty.phtml" hash="3dc7e87bf6701ff9fcdcccc53e169727"/><file name="example.phtml" hash="f032afae414344e63cf7fa705fca4180"/><file name="forgotpassword.phtml" hash="dc0a40f4420b46be1d7fe0cc82726445"/><file name="formkey.phtml" hash="a30e6417a0637091743b2ea2f37ec930"/><dir name="giftmessage"><file name="form.phtml" hash="7d9bd587f973da6785f717bbe38f883b"/><file name="giftoptionsform.phtml" hash="f12ca481dcd38ec15e363f286274264b"/><file name="helper.phtml" hash="f154667a3a93a999d7da9add164f4dd0"/><file name="popup.phtml" hash="251eb1e699735cc2d31c45c7b8e0adea"/><dir name="sales"><dir name="order"><dir name="create"><file name="giftoptions.phtml" hash="637e3a1524b3c069ffbd5d57f991e06a"/><file name="items.phtml" hash="d90c7a0759f3af7359f3ab72b2768617"/></dir><dir name="view"><file name="giftoptions.phtml" hash="a2187b52ce3765afb903c50a21e4b1c5"/><file name="items.phtml" hash="801bd28178fb07882711e630a4293e63"/></dir></dir></dir></dir><dir name="googlebase"><file name="captcha.phtml" hash="5a2d12232692876f6b6ff83b8f387524"/><file name="items.phtml" hash="b8eb257be832077c733937528aa8dd82"/><dir name="types"><dir name="edit"><file name="attributes.phtml" hash="6ceb197ddbf672122d61c99890affefd"/></dir></dir></dir><dir name="importexport"><file name="busy.phtml" hash="6c3c2c211a18a63cbc3835caa986678a"/><dir name="export"><dir name="form"><file name="after.phtml" hash="66a49e8e07b5c82353d9a560a88d0d2a"/><file name="before.phtml" hash="6b816ca61ec75a928e5072ef2648815f"/></dir></dir><dir name="import"><dir name="form"><file name="after.phtml" hash="c5dc3ad22c752a9e649557d0ffe2ea1b"/><file name="before.phtml" hash="590857b2535df4d5bfb440864b475456"/></dir><dir name="frame"><file name="result.phtml" hash="3fca7b1c37fcfaf904fe9e2a598afb98"/></dir></dir></dir><dir name="index"><file name="notifications.phtml" hash="a0e8d7264ea40704b3354560a087c515"/></dir><file name="login.phtml" hash="0d6bf9910c8a4edb87327a86fd59d69e"/><dir name="media"><file name="editor.phtml" hash="b7b2537551f5c5b016a692f40f45fd88"/><file name="uploader.phtml" hash="660610bb89e9e6f7bb5ff75cb17ed28c"/></dir><dir name="newsletter"><dir name="preview"><file name="iframeswitcher.phtml" hash="aba6cae6227dfc99c6f511a374a59abb"/><file name="store.phtml" hash="75072a8e402f88498069bb573f36a933"/></dir><dir name="problem"><file name="list.phtml" hash="ef529cbab533e46993ab1909cb4f1168"/></dir><dir name="queue"><file name="edit.phtml" hash="eeadb798c387cac5c780328b2b00900d"/><file name="list.phtml" hash="1ebb0a371a6ec987e81d7125078d8f5e"/><file name="preview.phtml" hash="6e9a7e260d5dc486c256cc2eaab1b006"/></dir><dir name="subscriber"><file name="list.phtml" hash="b2532471a402bc89cb98d9d2393708c8"/></dir><dir name="template"><file name="edit.phtml" hash="98af40620bce4e0b5c0f9edabbd661f5"/><file name="list.phtml" hash="aab1851c309c3506d6a7a08e3dcfd461"/><file name="preview.phtml" hash="6e9a7e260d5dc486c256cc2eaab1b006"/></dir></dir><dir name="notification"><file name="baseurl.phtml" hash="a679fe18d56450b4a5f2c72cf5f2753d"/><file name="curl.phtml" hash="9002113007eda972b15c1ec6012156a0"/><file name="formkey.phtml" hash="97d8da671d1839efea2494ea3fe3a806"/><file name="security.phtml" hash="2f174f9a35240b3f5612acf4d98491d4"/><file name="survey.phtml" hash="4ca551f9634d2050b60258044abfcea6"/><file name="symlink.phtml" hash="2c3138d8657eee6220f81c013bca307a"/><file name="toolbar.phtml" hash="5c4f406d5e58445c8bf972e06d3134c1"/><file name="window.phtml" hash="283519725b127c908f2a95b0a2b6b5c0"/></dir><dir name="oauth"><dir name="authorize"><file name="button-simple.phtml" hash="776fda121ee85dc44175b95297b8be5e"/><file name="button.phtml" hash="bb7a5f6b66c05558c1973d0d6e2ecf45"/><file name="confirm-simple.phtml" hash="94bf4c893a04516b31f13e0ecd5dfe17"/><file name="confirm.phtml" hash="ff2a8360ecc9e7f9f494f935893c0ff9"/><dir name="form"><file name="login-simple.phtml" hash="e645c349e503b0d7003c1a4c0e9d424e"/><file name="login.phtml" hash="d92a35d7081aa0ac1a023d73b1992e28"/></dir><file name="head-simple.phtml" hash="01b75eafcca0e6acd2f9770b585e860f"/><file name="reject-simple.phtml" hash="0cb7b4f8b241c1a2ef50b8350fea58cf"/><file name="reject.phtml" hash="7572e628c21bed02ffb4dade79693f2d"/></dir></dir><file name="overlay_popup.phtml" hash="0838d1a559ff0be9681cd6c2010cb730"/><dir name="page"><file name="footer.phtml" hash="554851584e03620c55bd84bdeb57c5e8"/><file name="head.phtml" hash="16f2e49d3be8f9ee595b014a8c4dff71"/><file name="header.phtml" hash="0b553cfa08a1102b037c5c8d6dc6b04a"/><dir name="js"><file name="calendar.phtml" hash="ab7d6b444d86a7d05b802f8f3bcd2138"/><file name="translate.phtml" hash="84eddc2ae9a622e3d4d78492a2ea9e05"/></dir><file name="menu.phtml" hash="fe8d3f634251c2071cd52ffc54913009"/><file name="notices.phtml" hash="93da2ad3ab7c7bc084ee9bbd94534c68"/></dir><file name="page.phtml" hash="9433872817ce316f64e069d4b27df009"/><dir name="pagecache"><dir name="cache"><file name="additional.phtml" hash="266522fd292e7ee15a2e8f5fb9651d84"/></dir></dir><dir name="paygate"><dir name="form"><file name="cc.phtml" hash="8ce42cf9493be215833c92cc8fa0d119"/></dir><dir name="info"><file name="cc.phtml" hash="ab67f6e39a87c34269b47f652e4ab82a"/><file name="pdf.phtml" hash="e9ffdb41ec0d853698f1779db0fe2981"/></dir></dir><dir name="payment"><dir name="form"><file name="banktransfer.phtml" hash="d28cf4cc1d898f8c0154e8e4ce879020"/><file name="cashondelivery.phtml" hash="56dc9b726ca3f4991fa80548d7eaa600"/><file name="cc.phtml" hash="a1d6306531292c445e28c7dd642c06a8"/><file name="ccsave.phtml" hash="8444df68a2e48e29589a232f4cc8b2ca"/><file name="checkmo.phtml" hash="4fd637914b4e26312232bb58d36b2664"/><file name="purchaseorder.phtml" hash="354903a4a6ab78687452c047c34b7b0d"/></dir><dir name="info"><file name="banktransfer.phtml" hash="1a29469c4268caaad2c3239895c688bf"/><file name="checkmo.phtml" hash="64ffb1d1e2a22225bf4e5d23110ced2b"/><file name="default.phtml" hash="1feb712a071d1fb8a12069168fa8eb3d"/><dir name="pdf"><file name="checkmo.phtml" hash="ce61e21e189b46758bb3704fd3293329"/><file name="default.phtml" hash="1c1df7e62a8243b99ad6f44d936cc078"/><file name="purchaseorder.phtml" hash="dfe200348a5ac58db7b147bfe991547d"/></dir><file name="purchaseorder.phtml" hash="dafc010e53b36de0876b75beaab4d760"/></dir></dir><dir name="paypal"><dir name="system"><dir name="config"><file name="api_wizard.phtml" hash="51393f8e3b16fe6c899da32f855dfea9"/><file name="bml_api_wizard.phtml" hash="dd7728bf602c2689a2a2f68453d8a220"/><dir name="fieldset"><file name="global.phtml" hash="c25901174f696022acf54f0e0d031438"/><file name="hint.phtml" hash="699d26296a1957b2960ec369c664cb7b"/><file name="store.phtml" hash="17ff85b1c8fe665b4ce57220d836ee8d"/></dir><dir name="payflowlink"><file name="advanced.phtml" hash="fec372a9e5b1282f73ddb08e7ff53143"/><file name="info.phtml" hash="4d175e6c1ef420294205100babb3dca2"/></dir></dir></dir></dir><dir name="permissions"><file name="role_users_grid_js.phtml" hash="4c17fcb2aa9478a7a37fb4552f4ff9d6"/><file name="roleinfo.phtml" hash="3efe8718836bc7f0d6d8ccddbcf7fe9c"/><file name="roles.phtml" hash="71008b5b96fcf64cbb5ed7210ba490d4"/><file name="rolesedit.phtml" hash="b8eed818db9cd53692b9b1d0212600f5"/><file name="rolesusers.phtml" hash="c7b229b2a85ad3a22ec7b3658cb81992"/><file name="user_roles_grid_js.phtml" hash="7c7c7d128fbc826704d8c3deb7e25831"/><file name="userinfo.phtml" hash="71d5c55d0baebbb17a7253d54dcf261f"/><file name="usernroles.phtml" hash="bef71e724dbb7b176ade07ddd895d249"/><file name="userroles.phtml" hash="c65d101f41a14ea2f6f9c5336c339ec2"/><file name="users.phtml" hash="79609ef733b95a347cc4d7551407da35"/></dir><dir name="poll"><dir name="answers"><file name="list.phtml" hash="4d6c40e5b346c112ae80223d76dfba36"/></dir></dir><file name="popup.phtml" hash="5be29b0dc97ad85da6489ee30f6b3a90"/><dir name="promo"><file name="fieldset.phtml" hash="fa4f25be8cd47e1e4d5295c512f047f8"/><file name="form.phtml" hash="6146a162be90f0a7e1a2be651a164210"/><file name="js.phtml" hash="bb4852a9b2184b2c87aaa810d752c3bf"/><file name="salesrulejs.phtml" hash="03068d2950ce492f05b13c0008dd51bf"/></dir><dir name="rating"><file name="detailed.phtml" hash="61853f9c83da153e976fe3624fb20095"/><file name="options.phtml" hash="52350ee6bbf7cccf92dd84e13c174f76"/><dir name="stars"><file name="detailed.phtml" hash="4645b1dd948f7f363b43155892a16261"/><file name="summary.phtml" hash="88ece0a64860556ddabd6b4f9184bef2"/></dir></dir><dir name="report"><dir name="grid"><file name="container.phtml" hash="6e071b59d7a6731bc98b6b5ef4604d76"/></dir><file name="grid.phtml" hash="67c2dce387d910177837da5177fcd038"/><dir name="refresh"><file name="statistics.phtml" hash="7dded0cf028a17b3165fde06ccbd66ae"/></dir><dir name="store"><dir name="switcher"><file name="enhanced.phtml" hash="7e1eeef91b89078f4dcaeaa730680791"/></dir><file name="switcher.phtml" hash="aee0f6079d494a7369859c8d5553c526"/></dir><file name="wishlist.phtml" hash="ded79ec8ab525638d4bf3e6bd17a6ca1"/></dir><file name="resetforgottenpassword.phtml" hash="b07b20a789151ab6f67c9db9de051ee0"/><dir name="review"><file name="add.phtml" hash="26ff68721e5d0a25f7cae44f2401cf4c"/></dir><dir name="sales"><dir name="billing"><dir name="agreement"><file name="form.phtml" hash="181326925e1db25f8aeaa43b771d21e6"/><dir name="view"><file name="form.phtml" hash="c91a4929c452123c2b1dfe6df2e5fd74"/><dir name="tab"><file name="info.phtml" hash="6c8e148b5fc8fd1407122141325504ff"/></dir></dir></dir></dir><dir name="items"><dir name="column"><file name="name.phtml" hash="1642f371fe7d58777b5d05955f5e5e31"/><file name="qty.phtml" hash="45b9d6464511b05c6f2db52b9c0f5208"/></dir><dir name="renderer"><file name="default.phtml" hash="2fb6735f329fc9bb69adf2189fee4992"/></dir></dir><dir name="order"><dir name="address"><file name="form.phtml" hash="7294f3ab0f023727db823a883964c00c"/></dir><dir name="comments"><file name="view.phtml" hash="fe26683923eedcb0eb234e0d68f7a722"/></dir><dir name="create"><file name="abstract.phtml" hash="c2e218a1aac318936552095741d2b340"/><dir name="billing"><dir name="method"><file name="form.phtml" hash="805b57f301229bb30ccc33c73c221067"/></dir></dir><file name="comment.phtml" hash="fe0cddf6e65757251f3588aee2a066a0"/><dir name="coupons"><file name="form.phtml" hash="d484ce57dd690afbb108ef4825ff72e9"/></dir><file name="data.phtml" hash="e87f183fca97f9a20c2d230ba44e1ebb"/><dir name="form"><file name="account.phtml" hash="88424154c415379ec0786cf1e46be0c3"/><file name="address.phtml" hash="8c5f4d31ad0902b3c7087610ccdbbdf4"/></dir><file name="form.phtml" hash="a2e38a610776075edac5f510ae53a56d"/><file name="giftmessage.phtml" hash="0c027ad5e3d30c85dd42da2b3cf9cb83"/><dir name="items"><file name="grid.phtml" hash="88a9f94935b19b1425291d6453fc87ff"/></dir><file name="items.phtml" hash="a22a35447e4fa1f90539fd8be5462302"/><file name="js.phtml" hash="c9ca3fb7cbd178aee5518067dbb9bea9"/><dir name="newsletter"><file name="form.phtml" hash="d5e69ff1c8fad279a4c92b9bfb587b3c"/></dir><dir name="shipping"><dir name="method"><file name="form.phtml" hash="bc4a6457fbea465f5eb567cb47c68fbf"/></dir></dir><dir name="sidebar"><file name="items.phtml" hash="82e4cdb2deb65b33460627fca97818f9"/></dir><file name="sidebar.phtml" hash="12bc9eaee62aa219a006a0e3155ba252"/><dir name="store"><file name="select.phtml" hash="a4dc3b912c68fa9a8f063e5f3f7e59b9"/></dir><dir name="totals"><file name="default.phtml" hash="8b54d16c056cad822afe299a15c38aee"/><file name="grandtotal.phtml" hash="e488511ca0ec20a87d35ccca7312c7be"/><file name="shipping.phtml" hash="39ca3a2bbbce7d15bb2c512915032c8c"/><file name="subtotal.phtml" hash="49e6071343d14faea14237d85828e1ac"/><file name="tax.phtml" hash="2b11eea9c5b3790916f7c32755790e71"/></dir><file name="totals.phtml" hash="cb7a3f5366a56365e75514678d94c24a"/></dir><dir name="creditmemo"><dir name="create"><file name="form.phtml" hash="d14c63341143af1f35e46a2a15f7f75f"/><dir name="items"><dir name="renderer"><file name="configurable.phtml" hash="0ab90b981c1792d190a00b005f0269cb"/><file name="default.phtml" hash="3f44db0a17f06e4a8264b5190e20150d"/></dir></dir><file name="items.phtml" hash="5a4a10de7dc60fcf97be2ce73579be6a"/><dir name="totals"><file name="adjustments.phtml" hash="42f515928f2b140e6c8b5212be64c166"/></dir></dir><dir name="view"><file name="form.phtml" hash="d31bb6bc7f32e363c8e234f48d0de95c"/><dir name="items"><dir name="renderer"><file name="configurable.phtml" hash="694ea3093599d0ca05f1b8d944d1405f"/><file name="default.phtml" hash="1bb85088d1c945c244aa3b0ba43f6997"/></dir></dir><file name="items.phtml" hash="0410c2bf6845cb4dbb44f960f76e9dd7"/></dir></dir><file name="giftoptions.phtml" hash="16efe937436bd3f11934a0e672af6ec1"/><dir name="invoice"><dir name="create"><file name="form.phtml" hash="23d4686c5a0598f73735aa5cd1430b1b"/><dir name="items"><dir name="renderer"><file name="configurable.phtml" hash="a83dff183c9ca6cdac2aa1e78b353a3e"/><file name="default.phtml" hash="457f9bd82a6bdb69e9af88b7c94d2641"/></dir></dir><file name="items.phtml" hash="7c10fabdcdb698d2e76b07d9e8c3b08c"/><file name="tracking.phtml" hash="802a61b5614c6b63902efb2bda98846d"/></dir><dir name="view"><file name="form.phtml" hash="eeb741062873bff59caf03ded25dd090"/><dir name="items"><dir name="renderer"><file name="configurable.phtml" hash="b376b226780666ba3fe21aa95d07c2d9"/><file name="default.phtml" hash="58909f72a7442c77f4fbbc6d237ffd7f"/></dir></dir><file name="items.phtml" hash="cce32fe2de57c75e4a283e9516f73a86"/></dir></dir><dir name="shipment"><dir name="create"><file name="form.phtml" hash="3f27f077b08e1ddec2225bd6c2387a56"/><dir name="items"><dir name="renderer"><file name="configurable.phtml" hash="d4bc2a93cce32c8c6d4bcbfa5c8e9253"/><file name="default.phtml" hash="355de5f1e68a292e3840fc0503f65b2d"/></dir></dir><file name="items.phtml" hash="05b64834dddae3fab411f18a84b00fb7"/><file name="tracking.phtml" hash="de9479ab0247d9895cbc8fc0eacb0c08"/></dir><dir name="packaging"><file name="grid.phtml" hash="819717f8946a778ca80b38a15093dcdc"/><file name="packed.phtml" hash="52d116e66eabb5ccb75e7edd76b22cec"/><file name="popup.phtml" hash="9c14d5036542105073a6b3c83bc09085"/></dir><dir name="tracking"><file name="info.phtml" hash="affbfa1005465bf2791e0395ed11f7cf"/></dir><dir name="view"><file name="form.phtml" hash="ca332f13b670841f22951f985d1fac2a"/><dir name="items"><dir name="renderer"><file name="configurable.phtml" hash="af86611668fa31c7a26ab10a854c8d99"/><file name="default.phtml" hash="c633a0dbe2592d3c22c9389b63a6075b"/></dir></dir><file name="items.phtml" hash="997d36e5884aebc67041cf7557205cf1"/><file name="tracking.phtml" hash="560ba2666c613daf3838e91d0c16da30"/></dir></dir><file name="totalbar.phtml" hash="2694bf45cd70e37b61a3ed26c65fdeaf"/><dir name="totals"><file name="discount.phtml" hash="7e46a74df3fdd14ce1603929bba8c36f"/><file name="due.phtml" hash="225f5adf66ade026a034ab88f64e82de"/><file name="footer.phtml" hash="b9b5f8c685609424d84ac03f5f36204d"/><file name="grand.phtml" hash="71dc9b4c7d63cc53295bc4d4a7963b81"/><file name="item.phtml" hash="5fc6e237c23cb0c07f9de72a0ef86c40"/><file name="main.phtml" hash="aa3a2b328c0ed56ec3033f0a03b0192b"/><file name="paid.phtml" hash="4a72f03f1eba9a1bea5c60ae5f483e39"/><file name="refunded.phtml" hash="d0d77ad1a22b80020b92723b9af76e30"/><file name="shipping.phtml" hash="3b744dbc10dbee085cd8f72db5ee6d84"/><file name="subtotal.phtml" hash="20498513f158db7085c9680637ec2b5a"/><file name="tax.phtml" hash="d0f5fa11ef701470a2d94aab50b060c8"/></dir><file name="totals.phtml" hash="f42766bcf04dc87047b8973b38999ef9"/><dir name="view"><file name="form.phtml" hash="b500333c1f094d736587aa7508632a16"/><file name="giftmessage.phtml" hash="ed1412500ee4218acea60434aaee9e2c"/><file name="history.phtml" hash="cef334a31165535d7aa6f4c7612930f0"/><file name="info.phtml" hash="6f7d6499734fe2ce6da4b9bded1e4534"/><dir name="items"><dir name="renderer"><file name="default.phtml" hash="82c8db12bb3bd2cd5019997f0a4eaed6"/></dir></dir><file name="items.phtml" hash="6ac2eacfbb3c8fa8123718e6f18affc2"/><dir name="tab"><file name="history.phtml" hash="40fb94d3e2a52ee1f01ff8da88523403"/><file name="info.phtml" hash="a4b0c91c76dff628892dafaf8727f39d"/></dir><file name="tracking.phtml" hash="f690451a0385289b9dcf74fd97502eb3"/></dir></dir><dir name="payment"><dir name="form"><dir name="billing"><file name="agreement.phtml" hash="818ea7819d66425c931791b9ee4aebbf"/></dir></dir></dir><dir name="recurring"><dir name="profile"><dir name="view"><file name="info.phtml" hash="9934cb555f40a72b9e5fb8bcc611e5ce"/></dir><file name="view.phtml" hash="119fb775ce3aaca04b195f52cb1061b1"/></dir></dir><dir name="transactions"><file name="detail.phtml" hash="52f5a5139596a03f7e3ebad2ebd91713"/></dir></dir><dir name="store"><dir name="switcher"><file name="enhanced.phtml" hash="f3bb6b4a2415830e1664a7e0bf7ca3a9"/><dir name="form"><dir name="renderer"><dir name="fieldset"><file name="element.phtml" hash="edb01080b194a3f6917dfcf8b3af1d4d"/></dir><file name="fieldset.phtml" hash="38b6d7731d90be9573a8e7ecd3e51c58"/></dir></dir></dir><file name="switcher.phtml" hash="1e710220e6d32f8da5be97ed2e6a654d"/></dir><dir name="system"><file name="autocomplete.phtml" hash="fc64a24a3fc2bf68dc738aec164c43fc"/><dir name="cache"><file name="additional.phtml" hash="24a29989cc8fc8d6a3157f69eed80d18"/><file name="edit.phtml" hash="d28ecf99674cc028dbf8e9eb4632d7a9"/><file name="notifications.phtml" hash="f43a4ee0c00c56b858d953d57b63c2fe"/></dir><dir name="config"><file name="edit.phtml" hash="26b2d69c2b7fbae4f98b01f028c1665c"/><dir name="form"><dir name="field"><file name="array.phtml" hash="bca28dc0a785b51bc6db391c8adc81f2"/></dir></dir><file name="js.phtml" hash="131d0744f376d30f7b65d5a611c935d2"/><file name="switcher.phtml" hash="b59b5b63e3927e468efd5ddac86dd7f8"/><dir name="system"><dir name="storage"><dir name="media"><file name="synchronize.phtml" hash="9b02c612c64074fccc947d6475c3ae10"/></dir></dir></dir><file name="tabs.phtml" hash="d9323db68f7e8f7997fa9dd5f14f0285"/></dir><dir name="convert"><dir name="profile"><file name="process.phtml" hash="7b26cbe522663de0c91edb59b5063377"/><file name="run.phtml" hash="ce173c4c2424412a7391ba11eb910e30"/><file name="upload.phtml" hash="58b059d9b65e88164cf118f4443e157f"/><file name="wizard.phtml" hash="b02d17e3ddb724b7e666127fe59b71fd"/></dir></dir><dir name="currency"><dir name="rate"><file name="matrix.phtml" hash="7213f259f7e2c703ee36214edca76f4b"/><file name="services.phtml" hash="529e6a2348ff59dc323b65435d399213"/></dir><file name="rates.phtml" hash="9b0362418c5e4d0ca9982883293500d0"/></dir><dir name="design"><file name="edit.phtml" hash="fd39451fd13f43f097427998105806a4"/><file name="index.phtml" hash="2d4559b612d2ab7d5d8840a6f67a2fc3"/></dir><dir name="email"><dir name="template"><file name="edit.phtml" hash="a07d8c3ae6cef4a0eed7fff766d2ca58"/><file name="list.phtml" hash="4146cbc4274bb22fdaceca25f2843051"/><file name="preview.phtml" hash="43b505dc9285dc041e914002fdda0a2e"/></dir></dir><file name="info.phtml" hash="f837e1b97454aecda4afb8b84af733e5"/><dir name="shipping"><file name="applicable_country.phtml" hash="70af25fda1ba1fc8467482da3002a200"/><file name="ups.phtml" hash="3b092c978b6b1b8da7577083635465ab"/></dir><dir name="store"><file name="cell.phtml" hash="667d7bc3f0891603f2ab8457a433ebfd"/><file name="container.phtml" hash="4b85761a428cf997e311a29c82a4a758"/><file name="tree.phtml" hash="58b6af797a21730fbef54d9936647085"/></dir><dir name="variable"><file name="js.phtml" hash="b8c43ef479f9a9ea36698a6dffdd3be5"/></dir></dir><dir name="tag"><dir name="edit"><file name="container.phtml" hash="511e6ebb2515f671aedf5450cb228228"/></dir><file name="index.phtml" hash="113da2d70889b8d591cf0e3e93086430"/></dir><dir name="tax"><dir name="class"><dir name="page"><file name="edit.phtml" hash="f7c79bf6ece6fba32da9fd729c612406"/></dir></dir><file name="importExport.phtml" hash="0e7b5145d66dc0c1f30f9d2f307523ee"/><file name="notifications.phtml" hash="e146f2b09ae8e2dbb8e444937af27640"/><dir name="rate"><file name="form.phtml" hash="ffdaa3a88647bb78d5af4c069efe8fad"/><file name="title.phtml" hash="c95cab61efb504ec0e57749e63dc90fe"/></dir><dir name="toolbar"><dir name="class"><file name="add.phtml" hash="98b2cbc14ee1b54f95e3dc6220094cc3"/><file name="save.phtml" hash="016dca9f5b983ad455dbee82a8f1a94a"/></dir><dir name="rate"><file name="add.phtml" hash="6e08770611b78d0981603e64a48d6a24"/><file name="save.phtml" hash="92b0b9e348c5a7cc4bb3f73b47dfc382"/></dir><dir name="rule"><file name="add.phtml" hash="a82e479ebbc764b8753cebafc3d94d76"/><file name="save.phtml" hash="2df9243d3ff7fbceed5a219d47dd6c59"/></dir></dir></dir><dir name="urlrewrite"><file name="categories.phtml" hash="0b9ad7cc814295877a499c265f6b28a0"/><file name="edit.phtml" hash="bddd73ea946213da74aeb976bcefd719"/><file name="selector.phtml" hash="9b0023699df9e39b205a8e44e3957a28"/></dir><dir name="usa"><dir name="dhl"><file name="unitofmeasure.phtml" hash="53f060afc8c07b1e41744d15c7987fa2"/></dir></dir><dir name="weee"><dir name="renderer"><file name="tax.phtml" hash="e7a32618be62ee2502fb03df3671ef17"/></dir></dir><dir name="widget"><file name="accordion.phtml" hash="62fc94398b8799e04ec06bad595cbebf"/><file name="breadcrumbs.phtml" hash="d07a08ba66f6b9c54c32bebb33d5a7f1"/><dir name="form"><file name="container.phtml" hash="4728b83c25edf04952078d3113b776a7"/><dir name="element"><file name="gallery.phtml" hash="c6a7f19c77d2c219d4f8a63cb0e6ecb2"/></dir><file name="element.phtml" hash="26bf4a29bc07852e142c74c7cbb5f787"/><dir name="renderer"><file name="element.phtml" hash="2b99f440e7777996b2e0b79d7254f5ff"/><dir name="fieldset"><file name="element.phtml" hash="99f61048f6fc113d365a0c5ed65a31ac"/></dir><file name="fieldset.phtml" hash="23a1eb7ed586b185b408d4bbcd3e94e2"/></dir></dir><file name="form.phtml" hash="499596a8e7a8c65e5ff631d903c772c7"/><dir name="grid"><file name="container.phtml" hash="4b85761a428cf997e311a29c82a4a758"/><file name="massaction.phtml" hash="1238689acae994fccefd28b268ea4240"/><file name="serializer.phtml" hash="b41a09764ae7bca5cd667cef1a53ae96"/></dir><file name="grid.phtml" hash="bbef7840300e68f547780f141eedacef"/><dir name="instance"><dir name="edit"><file name="layout.phtml" hash="962c5510fa3ddf1109764fa0dad116f1"/></dir><file name="js.phtml" hash="a0a8117a3bfaf775007e8c0a9a60a806"/></dir><file name="tabs.phtml" hash="5ce995fc612fee633ee96509a023c16e"/><file name="tabshoriz.phtml" hash="31ca469aad10ad489ee718b5b43c8940"/><file name="tabsleft.phtml" hash="05b54cfa72ea6391410eebc3a12fca65"/><dir name="view"><file name="container.phtml" hash="ca39d17b346fcaadfdadcb25460cdf48"/></dir></dir></dir></dir></dir></dir></target><target name="mageskin"><dir name="adminhtml"><dir name="default"><dir name="default"><file name="below_ie7.css" hash="0e001acdf373859110b3402e724c59cd"/><file name="boxes.css" hash="7c050f817f0472a797f583ab121645c2"/><file name="custom.css" hash="b1ab65e10053f39b57ab8064cfd60d8a"/><file name="favicon.ico" hash="88733ee53676a47fc354a61c32516e82"/><file name="ie7.css" hash="c2e775278e92e710be80715c31024c2c"/><file name="iestyles.css" hash="328c87560bcfe0261a039c65ce0454dd"/><dir name="images"><file name="accordion_close.gif" hash="875409122fc82f5f6705e20dd801fd3d"/><file name="accordion_close.png" hash="6213698b5f69bb2907a5c7bb94b5fe8d"/><file name="accordion_open.gif" hash="d9d50e220b0b676094c6134a9708194e"/><file name="accordion_open.png" hash="9fbc3aba23ce5e0465e4d1cf3f6a7aee"/><file name="add_btn_icon-disabled.gif" hash="c8f6a5cfb455ef121efb56a747821f82"/><file name="add_btn_icon.gif" hash="7300097305b577ee564dc49102822d16"/><file name="address_list_li.gif" hash="79b917b514e35ce0a7833a5e268fd9f7"/><file name="address_list_on_arrow.gif" hash="3a2884ddcc87ebd48883662530b9de1b"/><file name="address_list_over_arrow.gif" hash="e826883c71b1184bd4f29433e39c18ad"/><file name="address_list_over_bg.gif" hash="56291480cc89de9d817205a5f23b66dd"/><file name="ajax-loader-tr.gif" hash="1ae32bc8232ff2527c627e5b38eb319a"/><file name="ajax-loader.gif" hash="e2a38f1e23288e315af3c55416bc1ce7"/><file name="application_view_tile.gif" hash="f595a133bf466cb91be23d9686fe6281"/><file name="arrow_sort_move.gif" hash="f5ac151a2b0cb1f07d6e771b8aee0ea7"/><file name="bg_collapse.gif" hash="2333c68e38163ed4656da82b9bcf362b"/><file name="bg_create_order_totals.gif" hash="ff6ab75c050b959c539cc6a6fdff2934"/><file name="bg_notifications.gif" hash="a365594725a83585d989f722b3d8c458"/><file name="bg_window_mask.png" hash="93d6efad062d24c94c105802b138b6a5"/><file name="bkg_btn-close.gif" hash="df3f2332f0bad01e031deb22b81f630c"/><file name="bkg_btn-close2.gif" hash="822457d78fb3c21dc12e9777d83eb4f1"/><file name="bkg_config-advanced.png" hash="b898594a9f1849bf386c06979ef613a8"/><file name="bkg_config-nested.png" hash="7b0fdbf98746c3c916b432c37321ccc4"/><file name="bkg_config-shaddow.png" hash="9ee4318e3f4afc446d26e7f66d01cfbd"/><file name="bkg_tooltip.png" hash="56cfed3ed8a65b19f8de88946d1a0a01"/><file name="blank.gif" hash="5722d7bd0f1e1379d0a2005a0a9ea401"/><file name="box_bg.gif" hash="4c501bd6db9d361c18780f106a809b03"/><file name="breadcrumb_bg.gif" hash="72c4adf6c75b4640ca8f7cadffa42266"/><file name="btn_add-image_icon.gif" hash="1d42210fd29fc534d9ed6b41e811d40f"/><file name="btn_add-variable_icon.gif" hash="a2db02e318d107d5b57b444c8d80b8f8"/><file name="btn_add-widget_icon.gif" hash="b4f66ca7f6097fbafd672e0b3f076ef4"/><file name="btn_add-widget_icon2.gif" hash="467acd3a14fb8be37191f5d2ec5a5b13"/><file name="btn_back_bg.gif" hash="8be512788b8044fe31aa8d00cc16ba7b"/><file name="btn_bare_bg.gif" hash="ddbbab8c0d201c3e502d50e7d4a3d64b"/><file name="btn_bg-disabled.gif" hash="079971a9d2c385fe353d35716ec9f26b"/><file name="btn_bg.gif" hash="37c51a4d48a92da9648dcd3ca011039f"/><file name="btn_bg.png" hash="6e3b7003381f919e8f6533444afaa978"/><file name="btn_cancel_bg.gif" hash="fcb3506858fcfa8d1778b0683dc89f54"/><file name="btn_delete_bg.gif" hash="ad740d0c16f2f6603c8ef023004d6539"/><file name="btn_go.gif" hash="1bd787868713767cc205e2ee25e41f62"/><file name="btn_gr_bg.gif" hash="6cc324b79a512150fee24fb3517d22cb"/><file name="btn_gr_on.gif" hash="820c134df02f7bc12efa5a9ac3b4d3dd"/><file name="btn_gr_over.gif" hash="d4c8b807d64c1f493d17c6c9d2bab69a"/><file name="btn_loading-icon.gif" hash="45f500105be432a12c78fed2b4592cf9"/><file name="btn_login.gif" hash="79fa32d49d3f4e39d3fbf8327f9229e1"/><file name="btn_on_bg.gif" hash="709cf5b0be137db1ef8427688503bf37"/><file name="btn_over_bg.gif" hash="f91641168454c03d1fa72731ec97a2b3"/><file name="btn_show-hide_icon.gif" hash="0238c509b33ba56c25df9513bb48f804"/><file name="btn_task_bg.gif" hash="5e0594bd9cbfcc1e32ffa918d7f9c812"/><file name="button-close.png" hash="04d0907b2d7fc3240693497b199f64f5"/><file name="cancel_btn_active_bg.gif" hash="91ce403d286eef2b4e0c13733875882f"/><file name="cancel_btn_bg.gif" hash="26749cf4949ac27c30f597434d3bde65"/><file name="cancel_btn_icon.gif" hash="97e0cd94ed31d6f2a1181f627e60e9a3"/><file name="cancel_btn_over_bg.gif" hash="45eb4e883b17375961672f5390387c31"/><file name="cancel_icon.gif" hash="70a23b78353f0a7b9b118a937fcb7ea9"/><file name="config_tab_dt_bg.gif" hash="a33f71077ca4078caa794cae01d9fca7"/><file name="dashboard-close.gif" hash="5ae5afd61e937fcd2d5b84641255ee4d"/><file name="db-graph-bg.gif" hash="5d76efb7c3244f5684df2566782124ea"/><file name="db-graph-bottom-bg.gif" hash="b58ced87a38a10891106329ae882aa1c"/><file name="db-graph-line-bg.gif" hash="f16bb08e040c2c0a3e23b3f35c54b79b"/><file name="db-graph-line2-bg.gif" hash="744ebfdba20d050f4d252afc216394be"/><file name="db-graph-x-bg.png" hash="d5c26510718a78d22083916d80ef7a22"/><file name="db-header-bg.png" hash="3976cb6351e167686a501a85cf3a68e9"/><file name="db-menu-bg-hov.gif" hash="34ea76a6d105d90fcb63bf105aadb8f7"/><file name="db-menu-bg-up.gif" hash="b0f754872dff5f2f0dc57ba193fdfa4c"/><file name="db-menu-bg.gif" hash="ea534c3c09bb309e566b6ae876655e13"/><file name="db-menu-sep-last.gif" hash="a01fe34854e1187e466fd58d462c4106"/><file name="db-menu-sep.gif" hash="7c5ae1cd59a189261cc3244358d5c1ad"/><file name="db-menu-start.gif" hash="aa5cac2194d937cc7fa904ccfce70ecc"/><file name="db-scroll-bg.gif" hash="06d2411e3b5f350ab21b625439d2d69d"/><file name="db-scroll-but-bot-roll.png" hash="6bc5e482f3f6d8fb1fc5014ddea43706"/><file name="db-scroll-but-bot.png" hash="25c0181e76ff8ceb3c0ec59071b8c72c"/><file name="db-scroll-but-top-roll.png" hash="b7961f2a3b5b641694a9b0b30d58e46b"/><file name="db-scroll-but-top.png" hash="de7df96e961596be9ff556924259b98b"/><file name="db-scroll-roller.png" hash="e01dde7bd096c52179acf29a425a29e5"/><file name="db-tab-bottom-left-bg.gif" hash="124388d44ac58b029377c6311a4782d5"/><file name="db-tab-bottom-mid-bg.gif" hash="9c48f33aa8907cfcb227bc779c2e1dce"/><file name="db-tab-bottom-right-bg.gif" hash="1db45e6fd8abc67d59f96a676607b412"/><file name="db-tab-footer.gif" hash="cac8928acba75bc1edd73186ced78e5c"/><file name="db-tab-header-sep.gif" hash="580312af7441b6a62f7e32081c40fb0f"/><file name="db-tab-header.gif" hash="fdf493b9477fcff7e7be98405effc33d"/><file name="db-tab-left.gif" hash="3fe3c55267dbbdd1db2ff959ccc9e0be"/><file name="db-tab-right.gif" hash="b7a32c8b03efe2fbdb63215d0446e3be"/><file name="dotted_divider_dark.gif" hash="8bf1de196d9ea048bfb25155cedd2e9e"/><file name="dotted_divider_light.gif" hash="92e562bf2070110f6b0a15e29b845445"/><file name="edit_icon.gif" hash="dbda31751c78d964c04394e9d8533187"/><file name="entry_edit_head_arrow_down.gif" hash="985c3ce4439fbf8bb2216fc7e73a3f0b"/><file name="entry_edit_head_arrow_down2.gif" hash="d68dd0fbc2819858a26ea2835c05df77"/><file name="entry_edit_head_arrow_up.gif" hash="d2b90a1823fff9f3917f19b427410144"/><file name="entry_edit_head_bg.gif" hash="1086b7196e8b33c4f46e49fecef0f35f"/><file name="error-msg.png" hash="3cd27b642416dacdc28907c89d934886"/><file name="error_msg_icon.gif" hash="e4f28607f075a105e53fa3113d84bd26"/><file name="fam_account.gif" hash="c910fd1ff41b940d71b0835e02fc143e"/><file name="fam_application_form_delete.png" hash="972c2d998fc19572dd64af6b5e2e898e"/><file name="fam_application_view_tile.gif" hash="f595a133bf466cb91be23d9686fe6281"/><file name="fam_asterisk_orange.gif" hash="908d44da90de5e54185764d093bbdb77"/><file name="fam_bin.gif" hash="2fb388bc9f1d32d3802db8e91dc238bc"/><file name="fam_book_open.png" hash="0ba89b9fbe7e88d4c6896ed0a1f495aa"/><file name="fam_bullet_disk.gif" hash="9fe82691d960c18d3d315c3f9164af4f"/><file name="fam_bullet_error.gif" hash="008802f44288b732b59cfe9fdbfecefe"/><file name="fam_bullet_success.gif" hash="465a056a3ba3d94367f51c3c0b751391"/><file name="fam_calendar.gif" hash="0614207ce4e3e0a9bd631b39e7692e3c"/><file name="fam_cart.gif" hash="1f2fd2c8ac6574488ea78302b6856191"/><file name="fam_comment.gif" hash="5138f9a4b6019a5b14b8ff9a32a3cb89"/><file name="fam_creditcards.gif" hash="b75b8ce2f4fceb58f8082c48344560c7"/><file name="fam_folder_database.gif" hash="e86175ff0f389ade1fc7bf15e03346eb"/><file name="fam_folder_palette.gif" hash="c0941b9145e06d53cc0d17ac4c151764"/><file name="fam_folder_table.gif" hash="e2914ba75944acd2a9e2d338fa339e16"/><file name="fam_group.gif" hash="52d778dddbf48b8d04226bee9370a7ef"/><file name="fam_help.gif" hash="2b5ed4c13a8e24456207b757826c7b2c"/><file name="fam_house.gif" hash="8eb2d580c5a40b7974f4263ca64fb94a"/><file name="fam_layout.gif" hash="5366a5f02260d3a860ef0c4787282ad6"/><file name="fam_leaf.png" hash="078d4f24683331b4557356a59e67b125"/><file name="fam_link.gif" hash="78590d5d8375d1baabe7b66d7b9ceb7d"/><file name="fam_lorry.gif" hash="174e86e45e76e7008fa3510cefa85047"/><file name="fam_money.gif" hash="6996bad465222fb6487cab94b4607846"/><file name="fam_money_add.gif" hash="70ceed401fe9913305f2362f7e26225d"/><file name="fam_monitor.gif" hash="f3bc806ff9d0907320b03018ba2d00ea"/><file name="fam_newspaper.gif" hash="9e5fee06a543742045118a95f2debcb8"/><file name="fam_newspaper_delete.gif" hash="41acabfc19102be92d3ccbc66d1fede3"/><file name="fam_newspaper_error.gif" hash="009bfa425298e1d2e44e38e58cd97938"/><file name="fam_newspaper_go.gif" hash="eb43105f8e13e3a752d7ca33bb086831"/><file name="fam_package.gif" hash="bf9be09ef64d006455baa211b7c03983"/><file name="fam_package_go.gif" hash="e4f8d380c2f8e5a7345e360293433764"/><file name="fam_page_white.gif" hash="26940eb67826c5af72b6048c7c5a8335"/><file name="fam_page_white_edit.gif" hash="a4f88300b74ad592a5c47ed54ff07af9"/><file name="fam_rainbow.gif" hash="e8b04cc945b3582a181d4ddbc2d2325f"/><file name="fam_refresh.gif" hash="01bbef614023c0890812e76bc7ecf7e0"/><file name="fam_server_database.gif" hash="7901fa06ffd68ed730cf43bb560756fd"/><file name="fam_status_online.gif" hash="a80019ffa3a573f709772ed1099343fc"/><file name="fam_tag_orange.gif" hash="6ce735a0e590bda040b6e1614c42e58a"/><file name="fam_user.gif" hash="63bbdd6d9d7a27591907a7b87898e259"/><file name="fam_user_comment.gif" hash="014dfd31d9af40e3d5960b2b0d900da3"/><file name="fam_user_edit.gif" hash="f5b36e803060c6b82e639a4fad57b9f7"/><file name="filter_row_bg.gif" hash="013a0929a7b2ddc6823bdda17d08acc0"/><file name="footer_bg.gif" hash="7724711d3ca07a5e46a6030e86743a71"/><file name="gift-message-collapse.gif" hash="5b710f5faa9c7352a39c10e3ebbee6fc"/><file name="gift-message-expand.gif" hash="fd53a70cbb1ea048754657a63787e9cb"/><file name="gift-message-grid-column-bg.gif" hash="97a8a9b8cc4ab68e7404ccf1320f50a6"/><file name="grid-cal.gif" hash="b1468e5239504974c689eea5d93f86d4"/><file name="grid_sort_asc.gif" hash="b78c3a1a27ac9672a31b7d1bbac60322"/><file name="grid_sort_desc.gif" hash="d958b946eba3dba863d724530a0dba1a"/><file name="grid_th_bg.gif" hash="8f4349fac728858374e17edf03390977"/><file name="grid_th_onclick_bg.gif" hash="7bf331e2a41e5331c4210bdc6adc4383"/><file name="grouped_to_order_icon.png" hash="4bdae9a6199655027b8b8aeee8f80ce4"/><file name="header_bg.gif" hash="cbe510856afa5cb0c32642c1f9a8eceb"/><file name="header_top_bg.gif" hash="8440b04c5cb6b1451bb886bfbef260a5"/><file name="horiz_tabs_ul_bg.gif" hash="58dbd9c45f76993346c2bb788896248e"/><file name="i_notice.gif" hash="ebd56dc80b8346e10e93628bc0e6c372"/><file name="i_question-mark.png" hash="23201b7ac207eebd9be0776ea44098a4"/><file name="ico_success.gif" hash="0afb20898a704a106cb4c598868abf32"/><file name="icon-enabled.png" hash="5fa7c06b312cbea3675e844686e434af"/><file name="icon-tooltip.png" hash="5767601cd66b23d0b6fe8defc10dd48d"/><file name="icon_btn_add.gif" hash="7300097305b577ee564dc49102822d16"/><file name="icon_btn_back.gif" hash="89ed97cede3f68241446a62c96e3ce4c"/><file name="icon_btn_delete.gif" hash="dbde0b76d36cfd624bf0de166d0a265e"/><file name="icon_btn_save.gif" hash="f5da95ac65efff5f5cf9c8830202764d"/><file name="icon_edit_address.gif" hash="d1ca2bb3a5c86afd379f25d9fc4352e3"/><file name="icon_export.gif" hash="9a13f20c6a17b41b9c357545c2da5636"/><file name="icon_export.png" hash="fb299dd13df666516eabe16f59193383"/><file name="icon_feed.gif" hash="0366583ed6e285d028442fcdebb05072"/><file name="icon_feed.png" hash="8537f6f88fcff4aac793247143d14e42"/><file name="icon_note_list.gif" hash="8d25ba225ca09b687a78bff510df5d10"/><file name="icon_remove_address.gif" hash="2de2b3d02c19adfb93e9e43a392db178"/><file name="login_box_bg.gif" hash="e4654826eaa8d5ebc0ab18e9bee71e1d"/><file name="login_box_bg.jpg" hash="404e37f4ee9f4ff9bfcb638741c7581d"/><file name="login_box_bg_auth.jpg" hash="d90a81db1064ec37b0cc92436725c24b"/><file name="login_box_bottom.jpg" hash="038f15261e74bc381484f2fcfa45a73b"/><file name="login_box_legal_bg.gif" hash="528ac4dd480c4fc00ac808bf17394c05"/><file name="login_logo.gif" hash="9cc90e7aa1210883000fe5319862ce14"/><file name="logo-large.gif" hash="5c77654c424b0a35cc24d28df5166dc4"/><file name="logo.gif" hash="c7e9f290d965f707e4c4a61bfdab58cb"/><file name="logo_email.gif" hash="5e0912a388db8cd83c062766ac3a5d89"/><file name="logo_print.gif" hash="5e0912a388db8cd83c062766ac3a5d89"/><file name="massaction_bg.gif" hash="8b5f4db3ab3ea09cd5bd0164d67c4f0d"/><file name="massaction_button_bg.gif" hash="4c8262817e48d007237124ce0e7f4d18"/><file name="massaction_links_delimiter.gif" hash="9a0337183b5b67c0eed75993d7f14d10"/><file name="middle_bg.gif" hash="ba4f176d2c553201ebab4aba5c6d3d20"/><file name="more_arrow.gif" hash="38bb4c0e9270250151486d0bb36c476f"/><file name="nav1_active.gif" hash="a7f9ec7689a65c6b796f0d9b97582d01"/><file name="nav1_bg.gif" hash="a1d4ef5b590ce0a425dc04e45ed06cbe"/><file name="nav1_off.gif" hash="5286cbd5ac9ec1b6c027d5b48a74bdab"/><file name="nav1_on.gif" hash="a7f9ec7689a65c6b796f0d9b97582d01"/><file name="nav1_over.gif" hash="2c70d6175f1c965c27dda0598a67e63c"/><file name="nav1_sep.gif" hash="5286cbd5ac9ec1b6c027d5b48a74bdab"/><file name="nav2_last_li_bg.png" hash="279935c9799679fc5894337eaabc7cf0"/><file name="nav2_last_li_over_bg.png" hash="39536f00824293d11242888a76f40a5f"/><file name="nav2_li_bg.gif" hash="0a4f34b0e4436c519d31203f19503b83"/><file name="nav2_li_bg.png" hash="2fad219d162324e9a19f2745d5b6d562"/><file name="nav2_li_over_bg.png" hash="dc37c4a4aab40ea2ae44dea5ea133a9d"/><file name="nav2_link_bg.gif" hash="dce00ddad351e72e83bc87274cbaa54a"/><file name="nav2_parent_arrow.gif" hash="60e012a14a077bd2257343facc369c0c"/><file name="nav3_bg.png" hash="2bc7af80ad8886013da38401b63ab6df"/><file name="nav_bg.gif" hash="1b857c7d35f35ef9f6cae9e03a4e3dff"/><file name="nav_list_bg.gif" hash="7a4e2bdb887c12d8a1152bbcc8c02a3c"/><file name="nav_nest_link_bg.gif" hash="1d0c6b374bf02ac4b5aa012955c431de"/><file name="nav_nest_link_over_bg.gif" hash="fae3c579a4d432503b1f4f929d070609"/><file name="nav_on_bg.gif" hash="ac624b580cae5a76f6c92abc5a44191d"/><file name="nav_parent_arrow.gif" hash="3a95559263e569dc1c8065cb2d9b3f2c"/><file name="note_bg.gif" hash="105967d7c15ab4610726eea52d862a97"/><file name="note_cell_bg.gif" hash="71e656d42f8ba8c2d477c6866c499b71"/><file name="note_msg_icon.gif" hash="e774ee481a2820789c1a77112377c4e0"/><file name="notice-msg.png" hash="9cd1dfebccec8a2123d543fa49b17bd7"/><file name="pager_arrow_left.gif" hash="6e44f608dac8eb8be1d1ebee5a3285aa"/><file name="pager_arrow_left_off.gif" hash="30f5e56195ab3546b36f4016db5254be"/><file name="pager_arrow_right.gif" hash="cc79526156b7e0c8abce61fad3d53f77"/><file name="pager_arrow_right_off.gif" hash="f01b7dad9acf0180b5c62edbd7ea9939"/><dir name="paypal"><file name="logo-paypal.png" hash="d032551b47e48dced277c4fa344ac7f6"/><file name="pp-allinone.png" hash="c457fe4bfe28a18c90d0abd36fe3f880"/><file name="pp-alt.png" hash="37a166931ca15c465bd86311d15e0422"/><file name="pp-gateways.png" hash="90acb72c2f46fa131351efe0492d52cf"/><file name="pp-uk.png" hash="e0830ccb14533051b8b0340471744228"/></dir><file name="paypal_logo.gif" hash="871e205a64292121f4c893373acfb581"/><file name="paypal_section.png" hash="d032551b47e48dced277c4fa344ac7f6"/><file name="paypal_tick.gif" hash="e8685c1fb7c4c106ae4fd24e9bbf5a27"/><dir name="placeholder"><file name="thumbnail.jpg" hash="5c73b5aa515b1719f7b398f5131f91a8"/></dir><file name="process_spinner.gif" hash="345b30b4d0b6088d0151ecfbdf48c036"/><file name="product_rating_blank_star.gif" hash="5e20a299c0ff16168be38b6dde580eda"/><file name="product_rating_full_star.gif" hash="dd5aae332178d928a7f49dea7691b5f6"/><file name="reload.png" hash="84cc4883f78ef850814ea9b53989b2a7"/><file name="rule-ajax-loader.gif" hash="32dc1f5901143d36fbd7a6df3950819f"/><file name="rule_chooser_trigger.gif" hash="9c498e789c3ce734f5301c2475e2a04c"/><file name="rule_component_add.gif" hash="7914e57701ca26f5c8bf23c6bc3e1f25"/><file name="rule_component_apply.gif" hash="3f9b9025551da6963a9ecf8d184a204a"/><file name="rule_component_remove.gif" hash="4d785bcecfbe716fa4d749d20738a8f0"/><file name="save_btn_icon.gif" hash="f5da95ac65efff5f5cf9c8830202764d"/><file name="sec_nav_bg.gif" hash="99c6741591cdb2a2a128668a1d32d668"/><file name="section_menu_bg.gif" hash="f9edd44c92743a0c9ae9535a7992d6b1"/><file name="section_menu_bottom.gif" hash="167d2ef46ff80158c807b4b916501b28"/><file name="section_menu_link_bg.gif" hash="bcabd4fea0d67b181f21779564c2284b"/><file name="section_menu_link_over_bg.gif" hash="7da7e56567633aab279cf3aec6f49d8d"/><file name="section_menu_over_span_bg.gif" hash="f5ea5292f15ed62b99f0f51d9fff2c66"/><file name="section_menu_span_bg.gif" hash="dbf3916358e794ee809b4cf33903af2c"/><file name="section_menu_ul_bg.gif" hash="3aea6e5452f548438ca34e17954a9d6b"/><file name="side_col_bg.gif" hash="b3691fd62663457af39eaf71dd8cda5a"/><file name="simple_container_bg.gif" hash="56f1ac91169eb4896b8c91384fc8bf15"/><file name="sort-arrow-down.gif" hash="fc2cd9f756ce510c4470478d720f81cd"/><file name="sort-arrow-down.png" hash="dc65160d9d4d6cdd6bfe1b397a931975"/><file name="sort-arrow-up.gif" hash="39026b0ff1f0c18091caa60384491163"/><file name="sort-arrow-up.png" hash="da54e5306bdce67551aa415f5d7f7ea7"/><file name="sort_heading_bg.gif" hash="6066d09f237f556b0a4770e4788e7598"/><file name="sort_on_bg.gif" hash="0cb36788ed4fbf19e657acbc75a3f1b8"/><file name="sort_row_bg.gif" hash="f2e1c5cb26b9f5211419b99d30745244"/><file name="spacer.gif" hash="df3e567d6f16d040326c7a0ea29a4f41"/><file name="sub_button_bg.gif" hash="e3f66dd60510f9f7e937e2e55442c30a"/><file name="success-msg.png" hash="c64cb2acc3d0eeba48fdea83620913ed"/><file name="success_msg_icon.gif" hash="834dfafd5f8b44c4b24a4c00add56fcf"/><file name="tabs_link_bg.gif" hash="34447929f5e6591ba9b5795b983fdfd4"/><file name="tabs_link_over_bg.gif" hash="2cf3f56884096055fb0bdf9474f280c9"/><file name="tabs_span_bg.gif" hash="bcabd4fea0d67b181f21779564c2284b"/><file name="tag_blue_edit.gif" hash="b2163ac3baf7d822b48593342846645a"/><file name="tn_cancel_bg.gif" hash="fcb3506858fcfa8d1778b0683dc89f54"/><file name="tooltip_bg.gif" hash="0aa4b866fc067a75f27ab749c1dabf74"/><file name="tooltip_corner.gif" hash="71146534671d5e0751505640b7c59859"/><file name="tooltip_top.gif" hash="032ff52a6ff5714cbdf6c1f62abaf7e5"/><dir name="tree_icons"><file name="join.gif" hash="4d5d614e0da056df815a4306d6368692"/><file name="joinbottom.gif" hash="4b3daa7f2cc584f1aac0d142275d7cba"/><file name="line.gif" hash="63ab38a6203262f15ca46c631232ea2c"/><file name="minus.gif" hash="d647fbbd0ec410b8f3bb3357b62eedcf"/><file name="minusbottom.gif" hash="b09d684cca7135ef728141aaf2464baa"/><file name="nolines_minus.gif" hash="eb2243a354ffcfac93ba0fe948f7167d"/><file name="nolines_plus.gif" hash="ec92b634b63608fb4b0dbf114e3b89e1"/></dir><file name="validation_advice_bg.gif" hash="b85432906de8985a8b14eeb2dc652d3c"/><file name="varien_logo.gif" hash="6f10d0fe572cb012947c164217e9e428"/><file name="warning_msg_icon.gif" hash="4cf6ec7f59ab09f9c18b3a4301714c6d"/><dir name="widget"><file name="catalog__category_widget_link.gif" hash="8435943009f1f774bbd6a4809c719eb8"/><file name="catalog__product_widget_link.gif" hash="62f2d7020143f98ba7514469eb612a7f"/><file name="catalog__product_widget_new.gif" hash="37a5af9f98ae73e180ad0cca05c95324"/><file name="cms__widget_block.gif" hash="b7b0b1517cc38b18b92841b33b312190"/><file name="cms__widget_page_link.gif" hash="b839dee210e61850a5858cc8634cbccd"/><file name="default.gif" hash="684143ae5531aa6ba22215f4fadeea6c"/><file name="reports__product_widget_compared.gif" hash="bd3e5a5015eb2c5c64f1d11835166dc4"/><file name="reports__product_widget_viewed.gif" hash="44d5cd71e4fb7235f9cff0c7e2b2f531"/></dir><file name="widget_placeholder.gif" hash="2bd8d72cf12f8d7d0a6a3268f97786ff"/><file name="window_close.png" hash="3af14f053f360bf31f8ba2df73ec7f1e"/><file name="window_content.png" hash="08361df29783d46a2493cf0d8ad733a7"/><file name="window_top.png" hash="555a8db5efa3a252c2ead3d3dadd1075"/><dir name="wysiwyg"><file name="skin_image.png" hash="a521b0c60b001de4a3405e73c4a6cd4a"/></dir></dir><dir name="lib"><dir name="prototype"><dir name="windows"><dir name="themes"><dir name="magento"><file name="btn_bg.gif" hash="37c51a4d48a92da9648dcd3ca011039f"/><file name="content_bg.gif" hash="21278ea0da2d4256f4ced96b6080ba2e"/><file name="top_bg.gif" hash="26f28090de87d64f9b01bf624f89bfe2"/><file name="window_close.png" hash="3af14f053f360bf31f8ba2df73ec7f1e"/></dir><file name="magento.css" hash="d17d29bfa01e6b3f469c1e34daa2d2c0"/></dir></dir></dir></dir><file name="menu.css" hash="5054c586a77cb903848cceaaf08b7736"/><file name="oauth-simple.css" hash="ec27a5e8451d3b26ca9ab881a0c0a256"/><file name="print.css" hash="cc6cbc1ef42dd17187b6961f75268c4e"/><file name="reset.css" hash="4bf260890fb34be804dc967b07b26e63"/></dir></dir></dir></target></contents>
    <compatible/>
    <dependencies><required><php><min>5.2.0</min><max>6.0.0</max></php><package><name>Mage_Core_Adminhtml</name><channel>community</channel><min>1.9.3.9</min><max>1.9.3.9</max></package><package><name>Lib_Js_Ext</name><channel>community</channel><min>1.9.3.9</min><max>1.9.3.9</max></package></required></dependencies>
</package>
