<?xml version="1.0"?>
<package>
    <name>Interface_Install_Default</name>
    <version>1.9.3.4</version>
    <stability>stable</stability>
    <license uri="http://opensource.org/licenses/afl-3.0.php">AFL v3.0</license>
    <channel>community</channel>
    <extends/>
    <summary>Default interface for Install</summary>
    <description>Default interface for Install</description>
    <notes>1.9.3.4</notes>
    <authors><author><name>Magento Core Team</name><user>core</user><email>core@magentocommerce.com</email></author></authors>
    <date>2017-07-07</date>
    <time>13:01:29</time>
    <contents><target name="magedesign"><dir name="install"><dir name="default"><dir name="default"><dir name="etc"><file name="theme.xml" hash="e69d0511b69b652a7d94077f2291575d"/></dir><dir name="layout"><file name="main.xml" hash="5574412d6498a3f9ae9a9736fcdd61b5"/></dir><dir name="template"><dir name="install"><file name="begin.phtml" hash="1a0b74d0cc063f7d2edaf72379a1d871"/><file name="config.phtml" hash="e1877770b678dd4eb2f8466a73961687"/><file name="create_admin.phtml" hash="40beda10c14ebc665f2dff0061e36b0a"/><dir name="db"><file name="main.phtml" hash="f6a3f0b9c929cee8473e6c6e891d7c8a"/><file name="mysql4.phtml" hash="9055045572c8ca8277817a22a34f666a"/></dir><file name="download.phtml" hash="8676a187657c391fbe207cda6593f41a"/><file name="end.phtml" hash="98c701afc5073ac2de51fe7cb8393208"/><file name="locale.phtml" hash="28190b39f4c37d38b65bd1d628491193"/><file name="state.phtml" hash="2a6b969e857ca9766669b74f1424b308"/></dir><file name="page.phtml" hash="7121ccbed30f03fde10323a53ece85b8"/></dir></dir></dir></dir></target><target name="mageskin"><dir name="install"><dir name="default"><dir name="default"><dir name="css"><file name="boxes.css" hash="43e5e305bdb04baca8ba96748b5e4103"/><file name="clears.css" hash="6bd09b00aac129937f24b3148b49e91d"/><file name="ie7minus.css" hash="406a72d1152fb67a011bc5687e62afad"/><file name="iestyles.css" hash="e29f92187c3d9666f02a16fb485e4480"/><file name="reset.css" hash="510c8b6e42320d37011a42d951fd2479"/></dir><file name="favicon.ico" hash="88733ee53676a47fc354a61c32516e82"/><dir name="images"><file name="error_msg_icon.gif" hash="e4f28607f075a105e53fa3113d84bd26"/><file name="footer_bg.gif" hash="d59784af16fd95ea82226e5708a89232"/><file name="footer_container_bg.gif" hash="d468e3943943cbbf711586e69d40ca42"/><file name="footer_info_separator.gif" hash="7da64eefaf4da3855ab6ee76dbced0c2"/><file name="footer_informational_bg.gif" hash="72d37f4b2ea747bf8969c2654ad1d1e0"/><file name="footer_left.gif" hash="2b15a54bea9409a75c142d14a62f0149"/><file name="footer_legality_bg.gif" hash="4eb1602e3369dccd901ffe98ea0fd4b3"/><file name="footer_right.gif" hash="a45eaf35c8797d299bd4d9b936528e8f"/><file name="header_bg.gif" hash="795c6de754d0d49717ed08d5cd8168c8"/><file name="header_nav_bg.gif" hash="80c6a18686eb0243e06d6176506a2502"/><file name="header_top_bg.jpg" hash="143f524392ee62fcc8183f5930d7258b"/><file name="header_top_container_bg.jpg" hash="294c18f3f6b838bba06ae41dd3c3d638"/><file name="i_notice.gif" hash="ebd56dc80b8346e10e93628bc0e6c372"/><file name="logo.gif" hash="48b7eb03807fdf80bdfb19b872cf84b8"/><file name="main_bg.gif" hash="cf18ba9f7c7e6b058b439cde1a897e9c"/><file name="main_container_bg.gif" hash="a8f5717873dc6cf8f6bd22924b5838fe"/><file name="note_msg_icon.gif" hash="e774ee481a2820789c1a77112377c4e0"/><file name="success_msg_icon.gif" hash="834dfafd5f8b44c4b24a4c00add56fcf"/><file name="validation_advice_bg.gif" hash="b85432906de8985a8b14eeb2dc652d3c"/></dir></dir></dir></dir></target></contents>
    <compatible/>
    <dependencies><required><php><min>5.2.0</min><max>6.0.0</max></php><package><name>Mage_Core_Modules</name><channel>community</channel><min>1.9.3.4</min><max>1.9.3.4</max></package></required></dependencies>
</package>
