<?xml version="1.0"?>
<package>
    <name>Lib_Unserialize</name>
    <version>1.9.2.2</version>
    <stability>stable</stability>
    <license uri="http://opensource.org/licenses/osl-3.0.php">Magento Core Edition</license>
    <channel>community</channel>
    <extends/>
    <summary>Magento Library</summary>
    <description>Magento Library</description>
    <notes>1.9.2.2</notes>
    <authors><author><name>Magento Core Team</name><user>core</user><email>core@magentocommerce.com</email></author></authors>
    <date>2015-10-27</date>
    <time>13:46:56</time>
    <contents><target name="magelib"><dir name="Unserialize"><file name="Parser.php" hash="7835b3655ea5b783451276a9446b2843"/><dir name="Reader"><file name="Arr.php" hash="3f06ce392f46e52c45cf9bd5ac2f43f4"/><file name="ArrKey.php" hash="226d8c46536217932fb24a1523b88923"/><file name="ArrValue.php" hash="eee99ce7d0335308fed8c12c9002cf07"/><file name="Bool.php" hash="c90a70f55b17252c5879b7ebed0496d9"/><file name="Dbl.php" hash="4140ef1d60de478a7db78e8b1ec8b933"/><file name="Int.php" hash="a44f11eaf40b5e4ab95ed2044b434bc4"/><file name="Str.php" hash="6055df0311d20fb8343665022885adf5"/></dir></dir></target></contents>
    <compatible/>
    <dependencies><required><php><min>5.2.0</min><max>6.0.0</max></php></required></dependencies>
</package>
