<?xml version="1.0"?>
<package>
    <name>Lib_Js_Mage</name>
    <version>1.9.3.9</version>
    <stability>stable</stability>
    <license>Mixed</license>
    <channel>community</channel>
    <extends/>
    <summary>Javascript Libraries for Magento</summary>
    <description>Javascript Libraries for Magento</description>
    <notes>1.9.3.9</notes>
    <authors><author><name>Magento Core Team</name><user>core</user><email>core@magentocommerce.com</email></author></authors>
    <date>2018-05-16</date>
    <time>19:11:13</time>
    <contents><target name="mageweb"><dir name="js"><dir name="lib"><file name="FABridge.js" hash="64244d8d58abd42bd71f0ee3309767ad"/><file name="boxover.js" hash="a5ade77452e8d5066cb84dcac3d34ed5"/><file name="ccard.js" hash="d3e849be0977d53de4af933b40293ff6"/><file name="dropdown.js" hash="4c2b33fe18424cdee8fc659216afd3a9"/><file name="ds-sleight.js" hash="85af457d444865d1587bfe4875bd4fc6"/><file name="flex.js" hash="f27867374b9cb7ff86aae31bb39f016f"/><dir name="jquery"><file name="jquery-1.10.2.js" hash="91515770ce8c55de23b306444d8ea998"/><file name="jquery-1.10.2.min.js" hash="841dc30647f93349b7d8ef61deebe411"/><file name="jquery-1.10.2.min.map" hash="6c3ccfc221d36777d383b6e04d0b8af9"/><file name="jquery-1.12.0.js" hash="cd0095b52c4242a8aea3ae91aba35ea8"/><file name="jquery-1.12.0.min.js" hash="cbb11b58473b2d672f4ed53abbb67336"/><file name="jquery-1.12.0.min.map" hash="829c109a5ab3f33acdbd1dcc9819772e"/><file name="noconflict.js" hash="07849ea227cb2aee266dc14250cdcd72"/></dir><dir name="uploader"><file name="flow.min.js" hash="a82a557db407b53d5909fa4e1833a596"/><file name="fusty-flow-factory.js" hash="b3f49be0f28be74e8b8bb76496c52bc3"/><file name="fusty-flow.js" hash="302f440908837093fd4e9b6e76ec01e0"/></dir></dir><dir name="mage"><dir name="adminhtml"><file name="accordion.js" hash="c224339498e1a5304c073992a6d2cdeb"/><file name="backup.js" hash="4f53863337f627518eb0f57e7311a17a"/><file name="browser.js" hash="5bdae849d93e161a4c640735dfddef42"/><file name="events.js" hash="4d00fe8eeca479b3fd6997e681ec27e8"/><file name="flexuploader.js" hash="18328b7c8a81856a079d2994df59f902"/><file name="form.js" hash="8fa0d7ec3b03bb7ca41e5d4642888e94"/><file name="giftmessage.js" hash="2da5ed0ca29f3880e462cedbca8696b1"/><dir name="giftoptions"><file name="tooltip.js" hash="f5f4920568cb210aa7f8a0b2f9e0cb61"/></dir><file name="grid.js" hash="c33482101b7dd98763580acf1a5f2467"/><file name="hash.js" hash="261990e25a4586d43b1f5f4a02c31725"/><file name="image.js" hash="aa2f2fe381fb72a3446cf4d86badf1d8"/><file name="loader.js" hash="13835f1f7a1bd9066421e57b58e47298"/><file name="magento-all.js" hash="18e7474bb5aed97654e5bacd17076ef0"/><dir name="product"><dir name="composite"><file name="configure.js" hash="540ad14016cd4ab412dd2cd53e54cd27"/></dir></dir><file name="product.js" hash="5cf2b85a5c0ce65f6bf23f93ceafddd6"/><file name="rules.js" hash="31038635fcfae3918eabbfeb1048fcc1"/><dir name="sales"><file name="packaging.js" hash="cfb830d02a33c0e187660056a6e96277"/></dir><file name="sales.js" hash="3bef4871048d012d98e2389629501eec"/><file name="scrollbar.js" hash="ff79af2fa0ef8359319c7aec26f0d619"/><file name="tabs.js" hash="591ec7eb2d6ba32312ea7eeed145acb0"/><file name="tools.js" hash="4ecb7d1027caa06eda1166c2047e08a5"/><dir name="uploader"><file name="instance.js" hash="0e183b33955a1d1fb56dae0d2514f2d7"/></dir><file name="uploader.js" hash="e4da8c0e0261633c08dd89763cfdaa0c"/><file name="variables.js" hash="962b37dd6d893bfcc3f6553c2349df2a"/><dir name="wysiwyg"><dir name="tiny_mce"><dir name="plugins"><dir name="magentovariable"><file name="editor_plugin.js" hash="003b55ae437653b03963361b597ca7dd"/><dir name="img"><file name="icon.gif" hash="682b29a0e734f952cb2edabede6a25d1"/></dir></dir><dir name="magentowidget"><file name="editor_plugin.js" hash="c7fae499606d95f57f33300c0abf69f4"/><dir name="img"><file name="icon.gif" hash="532c141286373f098f1f4362e001c7f8"/></dir></dir></dir><file name="setup.js" hash="161bd02789945f1f0d24e0f028cbbd27"/><dir name="themes"><dir name="advanced"><dir name="skins"><dir name="default"><file name="content.css" hash="40e74d28dda4e3ed888ed9c389926ccc"/><file name="dialog.css" hash="e4ee65e17609668f49e60c78bf2ae674"/></dir></dir></dir></dir></dir><file name="widget.js" hash="8da09568baa72ae676f0e1e73be455e3"/></dir></dir><file name="captcha.js" hash="7be5c30bf178e3c1e2669db356a393f6"/><file name="centinel.js" hash="6e1b4524431eefa50d71be4441082083"/><file name="cookies.js" hash="67eadf7b9433d2cfc96546a85ebc5959"/><file name="directpost.js" hash="77a4f2f1017d6fc2d2c436b1c6840228"/><file name="translate.js" hash="5dae341ece021a8e9a9fdfcf89d94534"/><file name="translate_inline.css" hash="94ee55676a3ca446a403d21b7631dad4"/><file name="translate_inline.js" hash="3cfb6136a5756361cabc24773510c41f"/></dir><dir name="varien"><file name="accordion.js" hash="0b3016995870cd0b7050e05889b13098"/><file name="configurable.js" hash="4307b8038f4801db44a7728541a19674"/><file name="form.js" hash="ee2b2973a3595cc4048d6323c4df0dd5"/><file name="iehover-fix.js" hash="b28db3c01092190e221fee9903ac009c"/><file name="js.js" hash="d7d1e41851cfe1e49c65b754def9c082"/><file name="menu.js" hash="f2b0d57545ca03f598a2bb4a323c31ce"/><file name="payment.js" hash="2009cfa0cb7235a2e0b21a6f901cf67b"/><file name="product.js" hash="648b67b08c822cfedfcaea6d4a47f9d6"/><file name="product_options.js" hash="dbfe01736095f1efd73e05bf89624212"/><file name="telephone.js" hash="eb4c304fba714b84af5d7feed3fc239e"/><file name="weee.js" hash="22a837f9bb7d0f1ef95d71bb2533bbd9"/></dir><file name="blank.html" hash="d41d8cd98f00b204e9800998ecf8427e"/><file name="index.php" hash="702348421e0df944034bf0e4569f197d"/><file name="spacer.gif" hash="df3e567d6f16d040326c7a0ea29a4f41"/><dir name="flash"><file name="AC_RunActiveContent.js" hash="3e038cea960c1b650442b85cea237053"/></dir></dir></target></contents>
    <compatible/>
    <dependencies><required><php><min>5.2.0</min><max>6.0.0</max></php><package><name>Lib_Js_Prototype</name><channel>community</channel><min>1.9.3.9</min><max>1.9.3.9</max></package></required></dependencies>
</package>
