<?xml version="1.0"?>
<package>
    <name>Lib_ZF_Locale</name>
    <version>1.12.10.9</version>
    <stability>stable</stability>
    <license uri="http://framework.zend.com/license/new-bsd">New BSD</license>
    <channel>community</channel>
    <extends/>
    <summary>Zend Framework Locale</summary>
    <description>Zend Framework Locale
splitted from ZF to avoid memory overruns during installation and upgrades</description>
    <notes>1.12.10.9</notes>
    <authors><author><name>Magento Enterprise Team</name><user>core</user><email>core@magentocommerce.com</email></author></authors>
    <date>2017-07-07</date>
    <time>13:01:36</time>
    <contents><target name="magelib"><dir name="Zend"><dir name="Locale"><dir name="Data"><file name="Translation.php" hash="3c4e6ddf022e279cdbc77a860c6cb657"/><file name="aa.xml" hash="6ba5c871d22f64a769c70a1af71a04c3"/><file name="aa_DJ.xml" hash="369c4c2c9eca85c0b60d762a6bc98aa8"/><file name="aa_ER.xml" hash="64dd3e36ee4831d967e49ca2e3acaaff"/><file name="aa_ET.xml" hash="c05abb8269fff734e511dc4d0a11c1a9"/><file name="af.xml" hash="67b34f34749792149e0358fbc902c167"/><file name="af_NA.xml" hash="4034171f9b1450a37ed070aa3d90c5ba"/><file name="af_ZA.xml" hash="6c3da14996bf1b58cd8017df3313b8ea"/><file name="agq.xml" hash="5fd93a5c707e73e4aa5c519c6d64afd4"/><file name="agq_CM.xml" hash="06499c36298cb9eeb23e6dc0dbe20322"/><file name="ak.xml" hash="69320ac48004c58405d12d800a2d81ff"/><file name="ak_GH.xml" hash="5c5c86078d71e30c0399a762e5cf7f0d"/><file name="am.xml" hash="95b934943f754f649861fcc29f378976"/><file name="am_ET.xml" hash="584cb88741cf24321e0c047dcef574e9"/><file name="ar.xml" hash="8ec3de78c7d4ff42daa956025eeebc20"/><file name="ar_001.xml" hash="bc30b0854e32d00739413feb7a5414ec"/><file name="ar_AE.xml" hash="f70fd224cd066586d1b8cf5309774b21"/><file name="ar_BH.xml" hash="0c953018f40ce82e9de064a4cb95a488"/><file name="ar_DJ.xml" hash="66fa3cc4267b7fd0d96a2669a0401d8d"/><file name="ar_DZ.xml" hash="c070ac57992c1611059859954354e256"/><file name="ar_EG.xml" hash="7a422d856e2ec72b9c1494316b89aa02"/><file name="ar_EH.xml" hash="a21177328a2e94087fbae06f1c7471b4"/><file name="ar_ER.xml" hash="0a7472b1683fc78bd1a3a5cafb8b84c6"/><file name="ar_IL.xml" hash="1bca56bc324229351c0089b67d490cb6"/><file name="ar_IQ.xml" hash="0da352ff695a5a3e8e5dd155cd7c4ddc"/><file name="ar_JO.xml" hash="4c7b8b4b5eb54adc1f9c3f6e4dc4dea4"/><file name="ar_KM.xml" hash="e919d368ba30dfdeaa95f70532b4e255"/><file name="ar_KW.xml" hash="9b6ca92c240ea68d66acbb49f91992f0"/><file name="ar_LB.xml" hash="18b007c4b842620480c8bb88aae29b77"/><file name="ar_LY.xml" hash="4da8f8faf728c8a65aae9c4a66008b34"/><file name="ar_MA.xml" hash="f1b35950f3e3e3f4237a5a39c7da2be8"/><file name="ar_MR.xml" hash="f2ffa3c86e1b19b17b09f9099273e9d4"/><file name="ar_OM.xml" hash="ed0e25061367e82694d8cb7c0eaee387"/><file name="ar_PS.xml" hash="e7ee58c19554a466dab9fdb752d24a6f"/><file name="ar_QA.xml" hash="7b180beb5da6eac09e84b58a240d6991"/><file name="ar_SA.xml" hash="d016c7a9ff9de9e45c9136109f8f493c"/><file name="ar_SD.xml" hash="9dfcaa9bb696f5cedc059a4109c8b3ab"/><file name="ar_SO.xml" hash="84afb054141b7c24b7b448b5602359e0"/><file name="ar_SS.xml" hash="6c3734aea87be71cffb4556464be4fd4"/><file name="ar_SY.xml" hash="5a198ba2fef0281de890f996fbf644ef"/><file name="ar_TD.xml" hash="948d829d89a161430f83912af024f141"/><file name="ar_TN.xml" hash="7faf65c744cf5e52bfdb59542bbe7899"/><file name="ar_YE.xml" hash="8c10abba56d6a234a55c654078016a9b"/><file name="as.xml" hash="8fc5e45c11ceac7f52c78ff5166159d6"/><file name="as_IN.xml" hash="694909593f1415ef0e4fda6d5e58be0b"/><file name="asa.xml" hash="67790459fbf5470067fda4eab8703753"/><file name="asa_TZ.xml" hash="a7ff94e5a530dc21c43ab7174ae813d2"/><file name="ast.xml" hash="64deedf1c37b39d07b45a5080fc94190"/><file name="ast_ES.xml" hash="77b6d2a7c40dfcdd70fcd5a48dbc937b"/><file name="az.xml" hash="e5c36c36cb81eca6d5cfa86ef058d989"/><file name="az_Cyrl.xml" hash="4489b815e2f3f628619ccbbe09afe72f"/><file name="az_Cyrl_AZ.xml" hash="827b611f5206f27d79f2c07525340bfa"/><file name="az_Latn.xml" hash="7a9c14a8afa4e30e677b6d588788a515"/><file name="az_Latn_AZ.xml" hash="ef3f0e6fe96210ee2e21ed77c73716a8"/><file name="bas.xml" hash="b5e926cff825d6a19ecdd30aa6ed7309"/><file name="bas_CM.xml" hash="b96cd37b4240f82a00400bceef16106e"/><file name="be.xml" hash="b9e6bfe9f98012d6e2e3adbb8d7f4a33"/><file name="be_BY.xml" hash="f7decbc88e0b84a81c61c33b752f7f35"/><file name="bem.xml" hash="b32d7fab640633d84596c781c5729972"/><file name="bem_ZM.xml" hash="a41416d42e206b3499ed1327002ce5da"/><file name="bez.xml" hash="700611e0dce26a8fc22647aa5708dc74"/><file name="bez_TZ.xml" hash="c767af253038caf4cbfede8a067453f5"/><file name="bg.xml" hash="51b19b644a9796463b91bb8ec236adca"/><file name="bg_BG.xml" hash="05e86d4ebf3b91764d3a0d2551e16bf1"/><file name="bm.xml" hash="09d5b79929820ae15c0c6d5ea4afb6dd"/><file name="bm_ML.xml" hash="4d5e1b37325ed9e57f8c590fe1d3a762"/><file name="bn.xml" hash="199a113c26a1608720ca7e3c660d23e8"/><file name="bn_BD.xml" hash="794e3d0d4fcb61f260ac7bf8673378d5"/><file name="bn_IN.xml" hash="0848d84be54a2646adc33af1c9e4b968"/><file name="bo.xml" hash="febea3f15347297281d6ecfcc5771b73"/><file name="bo_CN.xml" hash="30fd400db11b971da287cea6be2ef3c1"/><file name="bo_IN.xml" hash="d68dac66b5b843ce88da031b16b3afe1"/><file name="br.xml" hash="e870097efcb0cd34bb6e4d1f2dc5b278"/><file name="br_FR.xml" hash="11652862f633f7aec19a1c0433c4b204"/><file name="brx.xml" hash="8047b46746f02a39674f0beefc07e194"/><file name="brx_IN.xml" hash="99404538d96a071935efe231780663dc"/><file name="bs.xml" hash="940b48d89bdb239461bd8b3427469342"/><file name="bs_Cyrl.xml" hash="8580494f42dcf27b664a012d4658982b"/><file name="bs_Cyrl_BA.xml" hash="3f8c9a61ac978bd30d6d64bf86dffec8"/><file name="bs_Latn.xml" hash="0c8b503dcc0f9853d3af20768e662aea"/><file name="bs_Latn_BA.xml" hash="9496b4ae275da058251832af52888167"/><file name="byn.xml" hash="5b73a1af7b8ba27dc8262d81934c3f14"/><file name="byn_ER.xml" hash="4da388f09780d86134689dc5f10a3862"/><file name="ca.xml" hash="581f561afd2a2296430eebbd9cd7cf1f"/><file name="ca_AD.xml" hash="f3f80fa4f38bb72a397d94e6e12175d6"/><file name="ca_ES.xml" hash="24c8e24495f99d3921a5a4e77f8bfb81"/><file name="ca_ES_VALENCIA.xml" hash="e9703c4cedea0d7756a06a653c1c8442"/><file name="ca_FR.xml" hash="84537f1e57ba4476c1f923d12f4f7b42"/><file name="ca_IT.xml" hash="e842526f0ecfcef2904d206b2a810041"/><file name="cgg.xml" hash="054e8d83970f37440d169e964c743447"/><file name="cgg_UG.xml" hash="c6f0a77828c43211f72e10e83f9f666d"/><file name="characters.xml" hash="578bec00fbe6d6416ba89e6fa7986357"/><file name="chr.xml" hash="d5c69b967b2ca2744b8a46d9c95260e8"/><file name="chr_US.xml" hash="53b9e050bf58ab63900197dc8fb43d9c"/><file name="coverageLevels.xml" hash="90d4dc96d148cbd970ac8ff49c209bea"/><file name="cs.xml" hash="23e2ba0f38fbb0021ecd6aaa24db77a1"/><file name="cs_CZ.xml" hash="baa89fb49d1c50a5e7ef632f75d56fa7"/><file name="cy.xml" hash="0657a743b16b94e59c26b692dd79943b"/><file name="cy_GB.xml" hash="9bfe606c96d3d035ad644efe57bc67f6"/><file name="da.xml" hash="507243848cb4398daf768f735cfb432f"/><file name="da_DK.xml" hash="2347254255ce488182e37214c7d0694f"/><file name="da_GL.xml" hash="84ea22e10d4f6aa9ff8a0c6644fd7dd9"/><file name="dav.xml" hash="47ee87a9cdba6d211639776a608c1e86"/><file name="dav_KE.xml" hash="37e7d66af32b1fe4ac81be34fbee5d2e"/><file name="dayPeriods.xml" hash="56449b799dac8fc8daafbb0f3d3d99ef"/><file name="de.xml" hash="198aa0c550d4c41406bd0df6f7b70a7f"/><file name="de_AT.xml" hash="4b960a6fac173340ac276ce5c9d82532"/><file name="de_BE.xml" hash="dce45b8b94a4c3aab891a2c7bf3ca151"/><file name="de_CH.xml" hash="c4e68ad1a19e6e92daa571edb12cb36a"/><file name="de_DE.xml" hash="fa5913f6081a8a4650cef19d22acca20"/><file name="de_LI.xml" hash="0dfda8f44bc729219bb5de48f7694393"/><file name="de_LU.xml" hash="409b134c2c81689c16df1a79c0a4baa2"/><file name="dje.xml" hash="7da22550436ba325fd7b0dfde195b9a7"/><file name="dje_NE.xml" hash="7e318b89d05df66eea3fe59bf75c7ac7"/><file name="dua.xml" hash="ba4657ecd1b3bc014c5dd1622d107e90"/><file name="dua_CM.xml" hash="5bba1b38dc6495219fcb1a0432cc8df3"/><file name="dyo.xml" hash="612804b11d342d9e3b4bb2d58b5f66a7"/><file name="dyo_SN.xml" hash="dc003c4af3987ec2d7255d3c1f541738"/><file name="dz.xml" hash="244f80bfc2f658780ba016281354fe0b"/><file name="dz_BT.xml" hash="9d287c1c61edf1fa5ef3d765b2c7da86"/><file name="ebu.xml" hash="76696c080f20a7db39abc05dd272f090"/><file name="ebu_KE.xml" hash="7c4abeeb255cf7bf2bc500abb12ce387"/><file name="ee.xml" hash="4518057dd1b1b514e3bd12e5b5e85bf2"/><file name="ee_GH.xml" hash="082d3a0d2203319b9e51004a710e3e6a"/><file name="ee_TG.xml" hash="d99900de319d3584f1a115d4b5eb76f0"/><file name="el.xml" hash="1710cdf160e6cab0c4d47c15bab5be18"/><file name="el_CY.xml" hash="6da5d159d499ba4754a2e7d4553d5059"/><file name="el_GR.xml" hash="477e3b1f10320e95a0c12511cb0c8368"/><file name="en.xml" hash="9256d3ec622d04bd406376827d31012b"/><file name="en_001.xml" hash="768d1b54436a379dd71d0239702810a6"/><file name="en_150.xml" hash="7f9a887b30b86016fe8a29cabb6b8ce0"/><file name="en_AG.xml" hash="4d2c7e568ab71d4b4e49c934b47d5c4a"/><file name="en_AI.xml" hash="70e59d70a946d5026659413cecd2da7f"/><file name="en_AS.xml" hash="2b134e308540cf74f34c2aa665112301"/><file name="en_AU.xml" hash="ed81bf367e4f715e9a5c4271bf49822e"/><file name="en_BB.xml" hash="5dff42e201010656bc3dbac5887d015f"/><file name="en_BE.xml" hash="f91d2ce67b1818708d15c091c4c9d720"/><file name="en_BM.xml" hash="2908ee96a408ec7b9d7fd659615d90ff"/><file name="en_BS.xml" hash="91eab1ca2779d23f13df0347f536ca0f"/><file name="en_BW.xml" hash="e37d57c47fd205e31473eb60bb1c973d"/><file name="en_BZ.xml" hash="59d8c1d1deac2a7b0f73992516c999bd"/><file name="en_CA.xml" hash="7f81353970624138037a527f761e6571"/><file name="en_CC.xml" hash="38e31ba2efac50bc06a5caa4bce5fa02"/><file name="en_CK.xml" hash="4a677485a65e531f1468c1543347c1ce"/><file name="en_CM.xml" hash="5a02b7f5fa1bedd6a05f96196e95b711"/><file name="en_CX.xml" hash="fc592a771a64d862c3739a898ce18dd3"/><file name="en_DG.xml" hash="1ec938ecb46bd092323b4f8ce4ba2cc2"/><file name="en_DM.xml" hash="89bee96e1185ba2dbb3ded508dda16a8"/><file name="en_Dsrt.xml" hash="6fbff7ba19f432150086850bc2e2f804"/><file name="en_Dsrt_US.xml" hash="0850b836f2faef6ec3423c7705160ab7"/><file name="en_ER.xml" hash="a99ce4a7be566be0b20822f418a4a589"/><file name="en_FJ.xml" hash="f5cfe8032f32fde1289d2fce5696a6c7"/><file name="en_FK.xml" hash="632a6ac34df2048f5160f1cbb21684e4"/><file name="en_FM.xml" hash="1e288d9366e0ac40b241b90d550d6424"/><file name="en_GB.xml" hash="5b73aa8057d95008d24c3eb91f265fd1"/><file name="en_GD.xml" hash="7d6d4bfad9463d051c6aba6301581460"/><file name="en_GG.xml" hash="a75e2a293cd4eb9e49d495c13b6e37ae"/><file name="en_GH.xml" hash="97e8cffb72f9e6651f8dee6ca086c0ea"/><file name="en_GI.xml" hash="6441468454ea9cf06468b0e19db106aa"/><file name="en_GM.xml" hash="7497ca9f4f962f57dffc9ad93ab78077"/><file name="en_GU.xml" hash="ae33e0859c963b265fdf32cd026ad26b"/><file name="en_GY.xml" hash="50aed051f78b38a1d1156c36d3ad7f9c"/><file name="en_HK.xml" hash="1aa1133bec835a760695dd994a6ca259"/><file name="en_IE.xml" hash="63130f36882b6a6917606b7c6624aa80"/><file name="en_IM.xml" hash="2e981e6e96db2a140dbef95db013522c"/><file name="en_IN.xml" hash="7433385f2bb2afa211e5c33cd9f921bd"/><file name="en_IO.xml" hash="b63a354d390f7b3eb564394b6ea5ebd1"/><file name="en_JE.xml" hash="a37431bab3c66fbc361a775b62627154"/><file name="en_JM.xml" hash="3c59b2850c79e9a7371e8f7a12dd7d75"/><file name="en_KE.xml" hash="2554dd9bd652f9ea57cd18da1a19df18"/><file name="en_KI.xml" hash="f24474b7d06fc2f0220ee7095e6fbff7"/><file name="en_KN.xml" hash="4d68bb1ef92eefad6f2fcc0e0b0d5076"/><file name="en_KY.xml" hash="b686bd51fe232c2107a08e8d9a5f1577"/><file name="en_LC.xml" hash="2ffab8614818ecca5af1c84ddb96a6bc"/><file name="en_LR.xml" hash="eb8f5ac9ca72306127d86db0085a92c0"/><file name="en_LS.xml" hash="8255d2c42f06b2d7c511353e82edf59e"/><file name="en_MG.xml" hash="5d7a723320b05e8fd7a4a1c8017bb57c"/><file name="en_MH.xml" hash="3c762f2aa253bef5b3cd1ad5940c3cc9"/><file name="en_MO.xml" hash="c20af1a8a15c19b9a52dd56c36b5598c"/><file name="en_MP.xml" hash="d535408f7920814d2d2b7c4ddfbba7e5"/><file name="en_MS.xml" hash="d74c01a6b57a68fc4d149b0f2bd5faf2"/><file name="en_MT.xml" hash="a0779f1ed61a4fa24f2549fc37df1523"/><file name="en_MU.xml" hash="484d1081e00dfe315b01368e63a8e547"/><file name="en_MW.xml" hash="6f5546f3143027e27250f1b471f3722c"/><file name="en_NA.xml" hash="43792f7465fd56dff8129154cd568400"/><file name="en_NF.xml" hash="9ced4a796c1db1693c526340fdda01d0"/><file name="en_NG.xml" hash="ba618207a64de97e9420801e8909f076"/><file name="en_NR.xml" hash="56f2eb49dc7a336e5eb0e2f4503dc3ed"/><file name="en_NU.xml" hash="524a420bdbf2d1bfe4ced79e690fadff"/><file name="en_NZ.xml" hash="3960c92d3ef55d1e55bc7bb7808a1c58"/><file name="en_PG.xml" hash="9fdf21ef2f976e068dfddbdd0bfcbbbf"/><file name="en_PH.xml" hash="6d0b1441355b533aa7231a45f330bb68"/><file name="en_PK.xml" hash="48a4db2301d34ccedf58942f3b41b181"/><file name="en_PN.xml" hash="846a0b8c74785cf3ffb562abbd5d5cd3"/><file name="en_PR.xml" hash="76bec34e4f081c2cc6ea562b9d3c3552"/><file name="en_PW.xml" hash="258fb50d80e798ffe19514bceaab9c85"/><file name="en_RW.xml" hash="aaa4befd7267fe5afd6682a00241eca2"/><file name="en_SB.xml" hash="0c50f8257806c71a8fba4cda42acb2ac"/><file name="en_SC.xml" hash="d8769c5bbd31f66c1a40d82ad4f9959e"/><file name="en_SD.xml" hash="9d3a24c9a0bd4f99653130314a6cca29"/><file name="en_SG.xml" hash="f32241b6135eb9e8733ffc80fab1b110"/><file name="en_SH.xml" hash="c35756da3a6effbfa9af4d488f7292c4"/><file name="en_SL.xml" hash="dd9fc72730ab0e6e58086a662fefa69d"/><file name="en_SS.xml" hash="35c730c6f16af1d572ef33bbea15fde3"/><file name="en_SX.xml" hash="d33e0d2eb46c1dc7004b84f6606dff0e"/><file name="en_SZ.xml" hash="a53c6878dcddbc32d37ab6b77e17da36"/><file name="en_TC.xml" hash="55127dfa22212f6abded3dd606af5a85"/><file name="en_TK.xml" hash="64ecd71d4530f1668e9da48f1039f508"/><file name="en_TO.xml" hash="a5e77bc5a7beecf3ff8f6b3156a87668"/><file name="en_TT.xml" hash="8b168ae6e9c3d9c8fceb0582365264af"/><file name="en_TV.xml" hash="7f98c91cd0dd96a66e4c8684d1d60639"/><file name="en_TZ.xml" hash="0cf0401e55af54ff68da8bab8c901182"/><file name="en_UG.xml" hash="a028dc8e13686a9ebafb83ace5315206"/><file name="en_UM.xml" hash="b883319cb6ecd9b1a6cb1deef89db236"/><file name="en_US.xml" hash="6435b96852569c7e355302c17814f77f"/><file name="en_US_POSIX.xml" hash="535c6ed9fd3be4db0fbf7ba3c79533b6"/><file name="en_VC.xml" hash="e745b417ac7ff1c93f281070740e901e"/><file name="en_VG.xml" hash="66ebc85cc70895db528d868b2318e5d6"/><file name="en_VI.xml" hash="3f30ee6f1c7383f6d906106f09cf5eff"/><file name="en_VU.xml" hash="6eea6dd6ac0cc9d00386059ff12a865c"/><file name="en_WS.xml" hash="bdc0360cf4fb7b517dbee39de8d0cd58"/><file name="en_ZA.xml" hash="031afdaa1011735bbc6555c5e76d7ff6"/><file name="en_ZM.xml" hash="c7bdd89484bff8dcf4daf3f57f6d6bc8"/><file name="en_ZW.xml" hash="b3f51877ba7ce7ead43ef50b499b4444"/><file name="eo.xml" hash="82ba66eacea4e98f8923944eddcc1745"/><file name="eo_001.xml" hash="1801937ded337e21aa03e2592deedb46"/><file name="es.xml" hash="a60ed8506871160a17c4fc3b81e53b0a"/><file name="es_419.xml" hash="c1bef1732b664c23cb1b799181cba5a9"/><file name="es_AR.xml" hash="d404e53f4de755d9c09aa856e916f110"/><file name="es_BO.xml" hash="2876119c46a9c697baba1a65240c051e"/><file name="es_CL.xml" hash="e3910edbae206638b9250ecbf9949905"/><file name="es_CO.xml" hash="53be4c39e4a34867fcbaa8fd05c2c881"/><file name="es_CR.xml" hash="1f0e1d3c965de545b50aab4577b038fe"/><file name="es_CU.xml" hash="2380f966916741dcba3c34c04a5d8009"/><file name="es_DO.xml" hash="9ea0a69084ae8dbdd86459e2806a8bdc"/><file name="es_EA.xml" hash="ec6ce434e2fb8f15ab4daa8cb2bc4dff"/><file name="es_EC.xml" hash="efb247470c0fe88c36a7864184a01a8a"/><file name="es_ES.xml" hash="da94ab8a06feb23c6d567dc75f85531c"/><file name="es_GQ.xml" hash="cac80878e350ca7a728940550bd9393f"/><file name="es_GT.xml" hash="d360a7b0a15a0515a21f1e0d5b4dd21e"/><file name="es_HN.xml" hash="fa13c1e703f00b11d038fe3bfe19c08b"/><file name="es_IC.xml" hash="d5324caf07a8db6ba668a1b749baa6e3"/><file name="es_MX.xml" hash="05df2b2f76636b0097cf9431ff9c84eb"/><file name="es_NI.xml" hash="7d59d82986b3ab47e1b7a2dad383a0aa"/><file name="es_PA.xml" hash="21a4164b1d73365f9b63431247053db4"/><file name="es_PE.xml" hash="8df05dafd2807169296d11f75eb74537"/><file name="es_PH.xml" hash="7240ee508f9500d779bd5109450a057f"/><file name="es_PR.xml" hash="de86ff57cd2f3e3c67111b0163a72b6a"/><file name="es_PY.xml" hash="191bbd042c95ef246cda798581ed9598"/><file name="es_SV.xml" hash="9caba354843c2b055f8f5da17082e245"/><file name="es_US.xml" hash="90b97e0328d50ed134c0b36391a4aa99"/><file name="es_UY.xml" hash="a30737900d956dc397357f6463d532a1"/><file name="es_VE.xml" hash="03449a8b82e4d21e0a59836ceb148536"/><file name="et.xml" hash="d3e8e213866259a27ab9511efe348e0c"/><file name="et_EE.xml" hash="3e92af6dec71aa1ae7a3c62c931534ba"/><file name="eu.xml" hash="7111ceef4472ba0c4e52dfc654a2841a"/><file name="eu_ES.xml" hash="66e48ee02f5d1e5a7076cf9cab709d23"/><file name="ewo.xml" hash="8f5e287d463fbbc8711d46265141be36"/><file name="ewo_CM.xml" hash="47ee8a04b5a0327405d006bd1a99266a"/><file name="fa.xml" hash="1bd0e404ad8d9d3cbc943f04676b03dc"/><file name="fa_AF.xml" hash="3736139f38116f0586eb7aae46f6dcfb"/><file name="fa_IR.xml" hash="98698b67604b8e5589fd75601080cd3d"/><file name="ff.xml" hash="8eec6f2da84d33d3236797c62b96a9d0"/><file name="ff_CM.xml" hash="4bcc2690dc2eb5347be28c55fc008f88"/><file name="ff_GN.xml" hash="a56cbd27d6d838338a535a06db281d34"/><file name="ff_MR.xml" hash="17dd52ffc9809b26db2a067612d92d53"/><file name="ff_SN.xml" hash="9ab32fee7af1d2666669efa4386769d3"/><file name="fi.xml" hash="f1e171910ef4c2137d9a6149cf3c2c55"/><file name="fi_FI.xml" hash="8d9498723893c53c1b6a8ede4d3b796c"/><file name="fil.xml" hash="c44f7b3edadc43b02a927e6cd1e780e8"/><file name="fil_PH.xml" hash="233305bd4c15da54bc9b4847fc753165"/><file name="fo.xml" hash="5715134bd8e1798d5f25d165f8a0bd98"/><file name="fo_FO.xml" hash="99e842dbbd201862703a98e160936c8d"/><file name="fr.xml" hash="125a25633190ef898fe18f2827d2397e"/><file name="fr_BE.xml" hash="1f86df32f3eaddd9b139fbacb7c199f5"/><file name="fr_BF.xml" hash="8eaa50ea5da82e3e8cfea4af20946852"/><file name="fr_BI.xml" hash="eb2d856258ead7da474505881452f613"/><file name="fr_BJ.xml" hash="ef18313c305832ea7049ddf758c9d51d"/><file name="fr_BL.xml" hash="ee7f161cc4c9f844448d9da6fcbb349d"/><file name="fr_CA.xml" hash="64a0b0100ee5e8918ca1d502f06ccb3e"/><file name="fr_CD.xml" hash="d5d62a20e80bfc90badec8a72d8a9d1a"/><file name="fr_CF.xml" hash="d0e96516835a44fcfadd25d0db4e48a1"/><file name="fr_CG.xml" hash="e2852122d57450cd7a388a3545709994"/><file name="fr_CH.xml" hash="2fd3f24252e081fc4c74e9e707c00365"/><file name="fr_CI.xml" hash="e72b4fb87bbb5751e49093c24f4fbd5d"/><file name="fr_CM.xml" hash="e06d4dc5c3604d9cd9cc64376e206daf"/><file name="fr_DJ.xml" hash="7e87bdb7669cbf73ac0bb191d43400a4"/><file name="fr_DZ.xml" hash="64558f39d1553f56217f80ec3ef92536"/><file name="fr_FR.xml" hash="3d82e2934dd28c26c7382de85d95ac11"/><file name="fr_GA.xml" hash="87cc610fd5f6a486c63e5cb105cc2d7f"/><file name="fr_GF.xml" hash="cdecac5dac6e7e10336de1dec5982673"/><file name="fr_GN.xml" hash="0ed99a0d3cec1034899413196dde9c06"/><file name="fr_GP.xml" hash="78ffa2393237a67fd202f96784bcea5a"/><file name="fr_GQ.xml" hash="359c388c94381b4bd09868afb8557b43"/><file name="fr_HT.xml" hash="7ecc803d1e947635fcbf0aa1b201ce60"/><file name="fr_KM.xml" hash="ea71c8291e7c8aeaaad03880b7308a2b"/><file name="fr_LU.xml" hash="2f467a6cc20912bea31f2932c26be870"/><file name="fr_MA.xml" hash="a0fcbe1f955e3d76f9e38eef202ffa07"/><file name="fr_MC.xml" hash="9a6304e508d08737c7969b44d9d57939"/><file name="fr_MF.xml" hash="46968723e86571f7455ee534302d3471"/><file name="fr_MG.xml" hash="ff234d4ba2e66cbb7b798ca787c67026"/><file name="fr_ML.xml" hash="7d1c047089abbf427b3635bc977444b1"/><file name="fr_MQ.xml" hash="f8bb16f92cdb67bc46ceb7aa7048d908"/><file name="fr_MR.xml" hash="d838bbdbd611c35862b89899816befb9"/><file name="fr_MU.xml" hash="ead1fa2ecb9031315ac554ca214d551e"/><file name="fr_NC.xml" hash="3d6500c28264363b27bf842259ff8a17"/><file name="fr_NE.xml" hash="f5bec7e22bd5db13346937f58a1312f2"/><file name="fr_PF.xml" hash="d9c7edabd1f8fd52c5320d874c96c021"/><file name="fr_PM.xml" hash="bae26570b49ab5979729a5f5b66ce087"/><file name="fr_RE.xml" hash="0c9b4ea0bf6c26c33ed0cef26f428af4"/><file name="fr_RW.xml" hash="8725f9ee61c3054199536d6d8eec42ba"/><file name="fr_SC.xml" hash="1eeb10b51d815098e01a3f60d71f793f"/><file name="fr_SN.xml" hash="fa6da2f3ae651bd93705f26587ed135c"/><file name="fr_SY.xml" hash="b6ef0c074642c951a04131a3cadfdfe6"/><file name="fr_TD.xml" hash="ff554940988b4f7bd210a2138575c6c8"/><file name="fr_TG.xml" hash="2256df16de2fd7331fbfbeaeaf0ddba3"/><file name="fr_TN.xml" hash="d9996b3dba7d6ca0aa12c1e6766d2f27"/><file name="fr_VU.xml" hash="4f07ba927564fd6d3507816cf3aafe45"/><file name="fr_WF.xml" hash="a6c659de13b695c7e229681b819ed473"/><file name="fr_YT.xml" hash="821b7a10ac601226696fa7d71d0f8247"/><file name="fur.xml" hash="62a65af07d949f1117573e425bee90fd"/><file name="fur_IT.xml" hash="647415f7e2ebd1d55b260dac3823e3f9"/><file name="fy.xml" hash="14a7805cafcf18dc2f21a7925e9d7182"/><file name="fy_NL.xml" hash="dac6922c58516864d0d18df09753b917"/><file name="ga.xml" hash="7cc3d8d5796c554549ea5ebe5fb9cc35"/><file name="ga_IE.xml" hash="49dfc6b41e17ddc6cd93d17b1aad62f6"/><file name="gd.xml" hash="49f89d47c209b25730d8d731973f29b5"/><file name="gd_GB.xml" hash="721b95588bf8f0ab4004d868128cf286"/><file name="genderList.xml" hash="12c8a32237c76cd85cdb15f8cd140023"/><file name="gl.xml" hash="f7c56b822d2cc164b6691956fc79669e"/><file name="gl_ES.xml" hash="05e04a61e62eab6b94d6cfa3ef96ef25"/><file name="gsw.xml" hash="2b9d820569249f8fe88f6f77320223f2"/><file name="gsw_CH.xml" hash="ec2f1146d4fe5125f42c6281bb2f10b7"/><file name="gsw_LI.xml" hash="a6031e3e7ab4512a905d91484d8f5f00"/><file name="gu.xml" hash="8fe2967cebfbb4a19bfdbff9a8029cab"/><file name="gu_IN.xml" hash="0f93d2cd4139a9fa96df164cdf0357ca"/><file name="guz.xml" hash="65566bd2674a999999affe67ddef45a0"/><file name="guz_KE.xml" hash="7891c10bba2ae36ce29ce34f996ded25"/><file name="gv.xml" hash="bdb5556e04a5f2acb2141197e09020ef"/><file name="gv_IM.xml" hash="cf6d862525015e25038f60fc93175e84"/><file name="ha.xml" hash="310c626b795a231ad736c44ffe0df31f"/><file name="ha_Latn.xml" hash="a470076b9866db162e1415aa32350a44"/><file name="ha_Latn_GH.xml" hash="e213acaf6a53ba1d9c33d2ebda346ab3"/><file name="ha_Latn_NE.xml" hash="7983a567b1473874f3bea1dfb045ab29"/><file name="ha_Latn_NG.xml" hash="d2191f02d90e7b9912fe0e66aed70d24"/><file name="haw.xml" hash="5012e655132a7a5a7ad8397052baf955"/><file name="haw_US.xml" hash="5bb77c6692d33c8488fd008640434b2b"/><file name="he.xml" hash="70cd2438f74f6ea64543ec52bbb06e56"/><file name="he_IL.xml" hash="bdc2d75f46f4dced46dd4fbce6cac4f8"/><file name="hi.xml" hash="20e5122052162ec860cd27db34fc1dcb"/><file name="hi_IN.xml" hash="fbc59458d4ad8d295265e79fec26534a"/><file name="hr.xml" hash="ad2c7a5102cb05cec7ae0478d2f5b552"/><file name="hr_BA.xml" hash="bb36010b5b7cb83bf623d27eddc90678"/><file name="hr_HR.xml" hash="0a5068d64bfd804afa623562e6c556b1"/><file name="hu.xml" hash="35260b5e75ed941097710b0a0483e407"/><file name="hu_HU.xml" hash="b816b69e9814d33ad14907c9c3b6316d"/><file name="hy.xml" hash="4dd0bd1e21762124de07651094889237"/><file name="hy_AM.xml" hash="cc2c8134ca77e5bd55315c5faf80c61c"/><file name="ia.xml" hash="a57208d2e90856e670b25cafa90caaa0"/><file name="ia_FR.xml" hash="dbfd4721237b03875d50cb0770f1a5bb"/><file name="id.xml" hash="ad0dbea4ed9c97b2ef44ea451ff43aa5"/><file name="id_ID.xml" hash="349192acc73b4d40b3ea684999c5cd4a"/><file name="ig.xml" hash="0cd19cfcc514c8c5c0d8b8f085e64a72"/><file name="ig_NG.xml" hash="666845e6dc06958bdd682bf40b9a0251"/><file name="ii.xml" hash="db4ca0fa7cd320163163a97946399d6a"/><file name="ii_CN.xml" hash="a112d1ad1b7fa51a30f6cdb0850168b5"/><file name="is.xml" hash="a4587bd0d57e17d1960dba1a45b5e1b4"/><file name="is_IS.xml" hash="5d2fff72bd6199e1e79cdb3fa126b6a3"/><file name="it.xml" hash="dfa19eadbd4b5819453159c12e5bc32c"/><file name="it_CH.xml" hash="da4122fb147f2652de469a3f7703862b"/><file name="it_IT.xml" hash="0fded926a8f00f5f491f4ba2486b0686"/><file name="it_SM.xml" hash="4706ecb3a92e9e05f6d9f54bacbacf34"/><file name="ja.xml" hash="a4bdd8fef7cac5c8ab8a706781d475b8"/><file name="ja_JP.xml" hash="b87ae521fe2527bc9051ee631bd1001f"/><file name="jgo.xml" hash="9471f4b7fa6323bf54a3b8b74813aeb7"/><file name="jgo_CM.xml" hash="8ded303577f1a672dd255dd1fc1490fc"/><file name="jmc.xml" hash="fb1bd646841f4b8af118996f1ffc4591"/><file name="jmc_TZ.xml" hash="fc0d97c3788543fb5a53695be429dd96"/><file name="ka.xml" hash="6223813b9ac5f055c2c682eb79e6e05e"/><file name="ka_GE.xml" hash="b5df45beb8ba26df37d00154fe2e8deb"/><file name="kab.xml" hash="28e3bfe8412eeac7fda8a154c2dc9375"/><file name="kab_DZ.xml" hash="c398b9636cc7716ab1152528de39599f"/><file name="kam.xml" hash="078f9f3de5e4a2e405f91db0580fee61"/><file name="kam_KE.xml" hash="671d06ee91b5451d3bcef26cf6d0962a"/><file name="kde.xml" hash="db0e85e0f1bd852d8d467e13f8a2dfd3"/><file name="kde_TZ.xml" hash="9f41da9a28fdfd1cf618deba5d9e70ee"/><file name="kea.xml" hash="5504f98e950dd836749ecf3eabbb9d03"/><file name="kea_CV.xml" hash="88602da9c4e3bf124a330f1d0fb84113"/><file name="khq.xml" hash="f0deb2302861cb75bfa96b4b11cb6fa9"/><file name="khq_ML.xml" hash="44d6228f6585a0ddfd53f2b13f7f18c7"/><file name="ki.xml" hash="26a88ce1af8c274b1b5ff3a5c11fb3eb"/><file name="ki_KE.xml" hash="2b5e5cf6cd0d7e38ca3d1d1cb63be4fb"/><file name="kk.xml" hash="a298ecc37ae4d60ce87cb0eaad919d3d"/><file name="kk_Cyrl.xml" hash="07046177e2ec5347df348912409e4283"/><file name="kk_Cyrl_KZ.xml" hash="5bfb35389063a05e63ddec93b4ffad82"/><file name="kkj.xml" hash="3a97c2408dfbbbf2ee181c7c70b2ea8a"/><file name="kkj_CM.xml" hash="095d6748ff7c6f070fae30938ef729c5"/><file name="kl.xml" hash="95ed0d90dae8db61f7b46db63aac0a0f"/><file name="kl_GL.xml" hash="ef6c30e0b4063b1b8fad4e4511e3e33c"/><file name="kln.xml" hash="67441932af9b0b24bc2c2ca2e018d5e8"/><file name="kln_KE.xml" hash="f10af3f43ee9aee1bbf52ca5ff1c5196"/><file name="km.xml" hash="dee5bb763d56521b3c2919a340021c62"/><file name="km_KH.xml" hash="8a31a83be02152f33704d7dc2d2e3e4f"/><file name="kn.xml" hash="0b9d9e33559353f7c074672472ad8f7f"/><file name="kn_IN.xml" hash="e4135fa646d16bb15bf8c24919a4122b"/><file name="ko.xml" hash="9f2d95effdc2374377d41ff61f1f8ace"/><file name="ko_KP.xml" hash="cf696a9af609810d08337fb56f4b2a51"/><file name="ko_KR.xml" hash="0e6404f41f456011631a67da431ec48b"/><file name="kok.xml" hash="deea0756950d5465bf3d529ddf533e4b"/><file name="kok_IN.xml" hash="9ae56f19c07124aa5801d3f2d21dbdfc"/><file name="ks.xml" hash="62e4a1072ac6d8a14df457bb325d97bd"/><file name="ks_Arab.xml" hash="2c7ee60c2f9764e87ce01dace3089799"/><file name="ks_Arab_IN.xml" hash="2fea656a91f684489095e5f13d76c778"/><file name="ksb.xml" hash="d4c84ad5e9ce333697588c7cfc6a8ac1"/><file name="ksb_TZ.xml" hash="ccfb53a163d96d54debdaa15d3499027"/><file name="ksf.xml" hash="a8187b83f4ae0a05f0219f6262c38a70"/><file name="ksf_CM.xml" hash="203147426344f510947dcfe51ee77b83"/><file name="ksh.xml" hash="2617cb6c2b91f15403ce462da0021275"/><file name="ksh_DE.xml" hash="8e085f8da562734068ff0141aa759eaa"/><file name="kw.xml" hash="91ad55b87458489c861988b7fb6280c1"/><file name="kw_GB.xml" hash="7e2024541e7aba767e844c0b9663e155"/><file name="ky.xml" hash="a7545fd81340fd75464e271076dc5279"/><file name="ky_Cyrl.xml" hash="2fe62d616b564a7316ef4a8a72210488"/><file name="ky_Cyrl_KG.xml" hash="757d4898a54dcc119b43698784cc8967"/><file name="lag.xml" hash="a8a25a77df5909db3b73340774221cb5"/><file name="lag_TZ.xml" hash="ebd0c62787658dec41e3e49017e2705a"/><file name="languageInfo.xml" hash="9a33723a317db6855c7dc4a37a9fffd5"/><file name="lg.xml" hash="2cc89f3e98775beee70bdd3e3404d9dc"/><file name="lg_UG.xml" hash="d98767310f065c6a3755cfb5fec6b9a0"/><file name="likelySubtags.xml" hash="6a042c9e337512b06f75e101a49981f5"/><file name="lkt.xml" hash="dba6053b63f4c6e3bf2e21f603c8d78b"/><file name="lkt_US.xml" hash="bd6f8a8cc0acca0ad53b85350f2f5b80"/><file name="ln.xml" hash="0cea3d899d3dad394a5e92db22044bc9"/><file name="ln_AO.xml" hash="9eabbf5b540202c5e5b521cdd06564b4"/><file name="ln_CD.xml" hash="5a6fd6126bf58147cdad6a565bae8af5"/><file name="ln_CF.xml" hash="349ec0ad936ee0fc9c5a00530e259390"/><file name="ln_CG.xml" hash="25c98dbc645d64b7cd800fbf6674fc4b"/><file name="lo.xml" hash="52aa20460fe494c813927fdab64feb08"/><file name="lo_LA.xml" hash="0266874e3970a24dab991fc54e111360"/><file name="lt.xml" hash="6d485e98ca9590acf70ea1838e488ad7"/><file name="lt_LT.xml" hash="738d6dfb27e54f7f9a44875b6dacf0e5"/><file name="lu.xml" hash="5ee43a091cdfb35d5f14067f45b0b05c"/><file name="lu_CD.xml" hash="dbe948b08a594210a3d088e414123d86"/><file name="luo.xml" hash="69779720b4294de854bf82a170ffbec9"/><file name="luo_KE.xml" hash="ad6df8710e3b4976c7bc95b0ec739fa3"/><file name="luy.xml" hash="d0e4e4766a744edc1ab08418bec0ee61"/><file name="luy_KE.xml" hash="28a00f1eb2977ad409b0dfca45a0ca9d"/><file name="lv.xml" hash="3a85d69acd0b15e47f9b2df341be7573"/><file name="lv_LV.xml" hash="6e07fe6de844f63ae1605a6a1a5575a5"/><file name="mas.xml" hash="b1ee3c8d903462d3b217b7056a31df20"/><file name="mas_KE.xml" hash="e494f8d43607f742e3a0cf393ad83bcb"/><file name="mas_TZ.xml" hash="a5785e18c75185c28f284f2e18e7f6e0"/><file name="mer.xml" hash="2023c272b2b6e1169d0d45bb195c7d53"/><file name="mer_KE.xml" hash="52600bcaac77d9e6aa9c9741e67323c5"/><file name="metaZones.xml" hash="64a142f5cc668612c9c6ad2ff0af875f"/><file name="mfe.xml" hash="cec57c842e65ebeaf746db91ac55f5b1"/><file name="mfe_MU.xml" hash="990e405c5cae3b6d7226d0482d0b6848"/><file name="mg.xml" hash="fd8b564029dfa72a913ff627c834082c"/><file name="mg_MG.xml" hash="81a7d92eedd7a4d9cb8c8687badf4aec"/><file name="mgh.xml" hash="6008ffd778c2d670383ab125848d5a68"/><file name="mgh_MZ.xml" hash="ed7a568c678bb3ec003732ba4e7c19a8"/><file name="mgo.xml" hash="3e834a9a979970d5c82d963a56947a11"/><file name="mgo_CM.xml" hash="0cf9ba215d10e1f3db255adcccb3d6b8"/><file name="mk.xml" hash="3ee88bf8c02b4f244b5cd1d3ab617f45"/><file name="mk_MK.xml" hash="aeb740a529d8b51b53242d1f1cf59b2e"/><file name="ml.xml" hash="94d67dd84bc66f80d4a6ffaf27a2c508"/><file name="ml_IN.xml" hash="80849e5c197f5dd2b2ea0317f3517ca1"/><file name="mn.xml" hash="e6a18ab3a3c20fe7ab283cf6a901a549"/><file name="mn_Cyrl.xml" hash="9bdcd159b3be6e0ecf96795d5fc1e91e"/><file name="mn_Cyrl_MN.xml" hash="f11f2f4a083ef35c66ff0a10429b5614"/><file name="mr.xml" hash="f2073dc2a11fd9c7be8ba932e45b830a"/><file name="mr_IN.xml" hash="1623ff448071fe23a70309fa70ac531f"/><file name="ms.xml" hash="9b53207db5cc656f53ac5ea3d90195fd"/><file name="ms_Latn.xml" hash="cda2abbda8d3482f36361e946f37b5a8"/><file name="ms_Latn_BN.xml" hash="5740a4fdad13e0eb211736bf0a2f17ec"/><file name="ms_Latn_MY.xml" hash="c537239c8ae70b442dcbf67911f3fd4d"/><file name="ms_Latn_SG.xml" hash="05424711271e51b0e552063edd05b547"/><file name="mt.xml" hash="961881542802dc1cc9f20f8fcb774f45"/><file name="mt_MT.xml" hash="5282b27d9d6a57d726612a09395e6c22"/><file name="mua.xml" hash="8ebb1a4b5ef4baffddb2894b307f2cbc"/><file name="mua_CM.xml" hash="2df1fe2f39dc3402d5892946ab88f2ef"/><file name="my.xml" hash="64f4ef77afb342a522c3b4779ab19486"/><file name="my_MM.xml" hash="02d8bea58fd9bd5e8dc7796477ef5ce0"/><file name="naq.xml" hash="a29dfa41b2e1630f136a18b12d2c2324"/><file name="naq_NA.xml" hash="0ec1dfc6dc7eed7588f1d1bc41ad56dc"/><file name="nb.xml" hash="46eb58f192d18746c09c8c8582ddd8b1"/><file name="nb_NO.xml" hash="626d2f263762cde6e41328a0bf6768e3"/><file name="nb_SJ.xml" hash="02508dd6f1be1de58fefd7b1159564eb"/><file name="nd.xml" hash="db8baa59e10b31daafd068e55ba882da"/><file name="nd_ZW.xml" hash="ccd1724534080cdf1a784ae0435f7785"/><file name="ne.xml" hash="7cb434ada9a049184fd0a2e021012406"/><file name="ne_IN.xml" hash="84558af586315178078c8e91aa410d9d"/><file name="ne_NP.xml" hash="81a679056920fedc05dad2cda150ef53"/><file name="nl.xml" hash="9f122648b0ae9fbf47dc6364311c9b14"/><file name="nl_AW.xml" hash="d44d954375e2f11a3571f0849dc5b116"/><file name="nl_BE.xml" hash="8e255c2c3d01f7680e6b1931521d15c1"/><file name="nl_BQ.xml" hash="05ea3eec1520c8ef9889b627f3c11624"/><file name="nl_CW.xml" hash="b4b444e991046f1e3e3c44eaa6d825bb"/><file name="nl_NL.xml" hash="4e0467c9db5288462ceb8f78611f6fc5"/><file name="nl_SR.xml" hash="ac0e3ff1c6706ecd9ad0b727583e024e"/><file name="nl_SX.xml" hash="3081384591890c797dfc87c4f4ec40d2"/><file name="nmg.xml" hash="96a40607cf05ce8f8ecbd81edfe54188"/><file name="nmg_CM.xml" hash="e4b39732f25ed7f4fd5f8eeab2296cc0"/><file name="nn.xml" hash="df403882fc0d4fbde259805dbb578133"/><file name="nn_NO.xml" hash="bff2529dd25fc5eff4e45c62e57a6102"/><file name="nnh.xml" hash="604802e1f48c5efb5006478f6096cba2"/><file name="nnh_CM.xml" hash="0797c07c5503386e902db37bb81036a1"/><file name="nr.xml" hash="537dfb7c804216084ff12405a79e6363"/><file name="nr_ZA.xml" hash="deaad06361e3310f47a0ae239b2dde45"/><file name="nso.xml" hash="d8d03686f2a5498288ab934b1d23af35"/><file name="nso_ZA.xml" hash="b8d56986c8588034819ce4112447bb7a"/><file name="numberingSystems.xml" hash="978a66b09ff3a7fe924e5220ac632035"/><file name="nus.xml" hash="aeb47a867f44fc22028eea112a9f20d7"/><file name="nus_SD.xml" hash="5b01ebcdeb5e0925420a1ec5a81078e0"/><file name="nyn.xml" hash="7a00226944592e03fbf05992fc97cb37"/><file name="nyn_UG.xml" hash="f98eb55dcdecb237d0d5f4442e967df1"/><file name="om.xml" hash="d7dd5059b280e4e673d39c6681dedae6"/><file name="om_ET.xml" hash="a2bd53f37a0cbde29c75476d11efd951"/><file name="om_KE.xml" hash="6f499797aaf7cddf5c96510055b1cb6b"/><file name="or.xml" hash="a1f44afb1360bea5213e7769b0d555ab"/><file name="or_IN.xml" hash="b8384a249e94ac1d3aeccffe6456d213"/><file name="ordinals.xml" hash="8105f05e542d711fb1c58eda93ee1970"/><file name="os.xml" hash="d3994c255a9ed31b3b485e2a60100bb6"/><file name="os_GE.xml" hash="b707a294c3bda74ce1fe3de56d5a2065"/><file name="os_RU.xml" hash="ed7de0aca2851389edb27ec27cfbff14"/><file name="pa.xml" hash="eb25b28dccb7fc2b9e8a58529383e7ad"/><file name="pa_Arab.xml" hash="d066d05609c4bb72a91b66960df82d4c"/><file name="pa_Arab_PK.xml" hash="af6c1f47b0c9125afa5f1d8b4465afae"/><file name="pa_Guru.xml" hash="3b5761c3adfe0fd8f769757108a33d74"/><file name="pa_Guru_IN.xml" hash="962eb7156fcccfee1c3b62562bcb4c9e"/><file name="pl.xml" hash="4badef8c402fbce8a919fe0345018145"/><file name="pl_PL.xml" hash="9f5e5245cb2b2a52ef56e3fd69363f31"/><file name="plurals.xml" hash="4223a72c769da4553aeaffc82409128d"/><file name="postalCodeData.xml" hash="ee416690bc7b0b51c62a4f60df3c6e49"/><file name="ps.xml" hash="71320ee03ab67c4d86b2042a2a450044"/><file name="ps_AF.xml" hash="e2b047a904f02a454f193f37856e9f6c"/><file name="pt.xml" hash="6c0d496db88b044f4bccea7b2bcf5bb2"/><file name="pt_AO.xml" hash="502a761ed5e5ca0b44403ff8d0e85e94"/><file name="pt_BR.xml" hash="9ec9d29dec55f67013d4e3ce15799d05"/><file name="pt_CV.xml" hash="3f8377d6db982dc7b9cc6294ee963517"/><file name="pt_GW.xml" hash="bec710dffaed02976223f5671fb48ec5"/><file name="pt_MO.xml" hash="1df59a4a05e1141e225a7da25c58ec4b"/><file name="pt_MZ.xml" hash="b5b28ee99e7f12e1c14e015c3ecf5c4d"/><file name="pt_PT.xml" hash="66b28e650fb563d84b53da41a1f261b4"/><file name="pt_ST.xml" hash="7c96e96d8bf1b811ff3358073e3aeb63"/><file name="pt_TL.xml" hash="9e2647ac1cc2d8f949cd000ffc5dd2fd"/><file name="rm.xml" hash="aa5e41d750b8392990ce00c29f4feb4d"/><file name="rm_CH.xml" hash="3bef003a0204b4d2291ee73c46d8f1ee"/><file name="rn.xml" hash="80a76b1975488f778da8abe7dc0292db"/><file name="rn_BI.xml" hash="c5010d52f27f95cf794396339752dda6"/><file name="ro.xml" hash="fd309802d4e90aa4e51d9f014621e5b6"/><file name="ro_MD.xml" hash="4763fe9a5ac2d57fa9cb7bc5aaa09f7a"/><file name="ro_RO.xml" hash="a7f41f443fcc6daed26d608373a0ebcb"/><file name="rof.xml" hash="4d03559ef40f836156f5e516a9eaa5aa"/><file name="rof_TZ.xml" hash="99f8c6ad97c8acbade2a9f3553b57225"/><file name="root.xml" hash="f74f320723d5a31ba06aa2c79de43bd2"/><file name="ru.xml" hash="3aaf7853667c37781e3d886f364968c1"/><file name="ru_BY.xml" hash="931ca3d10a511ea18c705a22c8baaf1d"/><file name="ru_KG.xml" hash="edee35024102c3ffd1c9acd89f0c9c30"/><file name="ru_KZ.xml" hash="7d4138b25f5c8cbafead8f321fd1954e"/><file name="ru_MD.xml" hash="4d629ff877f4c3a1e214548dc7ecccaf"/><file name="ru_RU.xml" hash="ee8433fc8dbc67a22b31c6be08d13402"/><file name="ru_UA.xml" hash="33fe877250fbd7077b4edf45c50bf300"/><file name="rw.xml" hash="73b90e15bea65ad98ac5cea78e878d91"/><file name="rw_RW.xml" hash="c5cb01f5b236208dc96d3268cf85ffbb"/><file name="rwk.xml" hash="af9317a0322bd40302363d5e6bd4b291"/><file name="rwk_TZ.xml" hash="d0f470b223d25203a611bdb7c395c988"/><file name="sah.xml" hash="f4b2cb698fd582845afb18f984089ee7"/><file name="sah_RU.xml" hash="6ee074c02940d5e9a525a7b8a9c2176e"/><file name="saq.xml" hash="130d69870ed3f95808bced7bed701c3b"/><file name="saq_KE.xml" hash="008b90c332f06e019efc1d8e33f401b3"/><file name="sbp.xml" hash="158d785177f949347356d59dc7883ad8"/><file name="sbp_TZ.xml" hash="0d4f52a378680dcd6230f00cc8ed1f61"/><file name="se.xml" hash="10a3649dbfd8bdff0f8b8fe102b444ed"/><file name="se_FI.xml" hash="ea379a5c51168210274b50711f032355"/><file name="se_NO.xml" hash="0a890443d1477c9d275bb945b0c5b589"/><file name="seh.xml" hash="4361fff00579a2efd8d283a152ccc682"/><file name="seh_MZ.xml" hash="a3f4cc61fa6d995fa5d2cc7b193ee1ad"/><file name="ses.xml" hash="00e9cfea10372a6b62590346a596d054"/><file name="ses_ML.xml" hash="dc0cd9eabaf2c08d66007e6c31a6a477"/><file name="sg.xml" hash="e1bda394071d1796efc18e00467e425c"/><file name="sg_CF.xml" hash="ed51c88dd34a233c82150338436c250c"/><file name="shi.xml" hash="b57def0c24096d11985586f621c09159"/><file name="shi_Latn.xml" hash="61054fc24b89c1842a53be5f5e6016e7"/><file name="shi_Latn_MA.xml" hash="d0f90c1ab8e1b3f7340fc2b77f37ff4f"/><file name="shi_Tfng.xml" hash="4670d2933f9ff2b00c787336498fc149"/><file name="shi_Tfng_MA.xml" hash="271bc282c75731c883ea8fbbd72361b8"/><file name="si.xml" hash="8a27b7c7c9bcdb45049974693c8db484"/><file name="si_LK.xml" hash="b637f75035a4fdfe10f0d3fb39781db1"/><file name="sk.xml" hash="c8b930f68837a7fcaa7e0c34aec1235b"/><file name="sk_SK.xml" hash="7beda18d4fd023382190bc9797d51cfc"/><file name="sl.xml" hash="51bf1ccaecc51b117ea843100b2bc782"/><file name="sl_SI.xml" hash="b71c5b3968b50875758dfdf825c6b21a"/><file name="sn.xml" hash="9aa3b734aa010864b0ff582a67e677e8"/><file name="sn_ZW.xml" hash="24a9dfc3030bf253882c9d661eaef17c"/><file name="so.xml" hash="5b1ade5ca9f6416d2a42aaeefe08803b"/><file name="so_DJ.xml" hash="2850875e1e4d197c81948325e8741024"/><file name="so_ET.xml" hash="6210a645a2c598eed597bab39f36d557"/><file name="so_KE.xml" hash="208c20fcd4d27f3ea7a63a1ccd70b64c"/><file name="so_SO.xml" hash="65f7b820f3de2da5fb6adbbf3fed4244"/><file name="sq.xml" hash="9814afac7a465e293306c2036e97397a"/><file name="sq_AL.xml" hash="6b08a2f02bd463c8854d377761d14ad4"/><file name="sq_MK.xml" hash="7b1a4a47c69c2c11539ecf5f2b306dbf"/><file name="sq_XK.xml" hash="a4be94b459a7ddf3c64782b932c43edd"/><file name="sr.xml" hash="a907b6ed4a9233dce8fb2cafacbb9d07"/><file name="sr_Cyrl.xml" hash="df126a848168eebb92d2cb08b0f47051"/><file name="sr_Cyrl_BA.xml" hash="379078c0a256b4f9ec7111cc9f75a2e4"/><file name="sr_Cyrl_ME.xml" hash="fdc47e86343568ccbf1e619800f26614"/><file name="sr_Cyrl_RS.xml" hash="f269bfd320ba2b38a6a614ca4da321a9"/><file name="sr_Cyrl_XK.xml" hash="8e3b5caa0e9997575201e3f7823a81ac"/><file name="sr_Latn.xml" hash="b26fdb85fcea35960444294ab6f10b21"/><file name="sr_Latn_BA.xml" hash="8abd2f52848f701a485ce865e97b851a"/><file name="sr_Latn_ME.xml" hash="49c92f426cc5a5188399c80878686f83"/><file name="sr_Latn_RS.xml" hash="713a42425709d2a2448ed3ceefed8d07"/><file name="sr_Latn_XK.xml" hash="d9f80fc5757c8be78a8bf06b0090bb1e"/><file name="ss.xml" hash="1c8e4708d8197d98b32e84db842531ac"/><file name="ss_SZ.xml" hash="36bd3ae71800ee1509cb005345b7d0d4"/><file name="ss_ZA.xml" hash="929a6fc019f32616331578d55a36412a"/><file name="ssy.xml" hash="4cd34c993f3f737c52ef02dc0c65180c"/><file name="ssy_ER.xml" hash="6500f7ea9752b2272ff4c93530514345"/><file name="st.xml" hash="13de7725514e5dd58f49e0b01ec7858f"/><file name="st_LS.xml" hash="16fac9f2505893a9ae5df24174ec8e94"/><file name="st_ZA.xml" hash="c769d53933a0816218637180bfe3b1e6"/><file name="supplementalData.xml" hash="7c64143e835c0a2facebe573b95c735d"/><file name="supplementalMetadata.xml" hash="89562abe6d40c4c7245a8c465905e618"/><file name="sv.xml" hash="157cbade1293f5bf503b8ce03cac9260"/><file name="sv_AX.xml" hash="eb9596e23c3e3597f9167c56bc456ba8"/><file name="sv_FI.xml" hash="c7985fcaa170e42535eebb8f2821fd8c"/><file name="sv_SE.xml" hash="a234be39c4fe51d5360e867ef057e9cc"/><file name="sw.xml" hash="baa99fb8dae1057541cd174d8c479f63"/><file name="sw_KE.xml" hash="841c4e403526c85c138ec30908f0e639"/><file name="sw_TZ.xml" hash="d8c70853021414f35fff5160e777afc4"/><file name="sw_UG.xml" hash="2f39a025d909e27a3b4d42ada4494f44"/><file name="swc.xml" hash="b78d391b482ebeaaa8d2589248b99475"/><file name="swc_CD.xml" hash="7ef627a3af8e94ce44e118facc634280"/><file name="ta.xml" hash="f14aabe0b254b16a7656cf0eb924a937"/><file name="ta_IN.xml" hash="a3cf28d4dffdfb99fbd06c56f7407690"/><file name="ta_LK.xml" hash="c4cb7d38b9ab64f09398af90233929b6"/><file name="ta_MY.xml" hash="50b7aa25e1de2ba3060cf7f1542dbb1e"/><file name="ta_SG.xml" hash="467cf5081dce3961ff108329da18461f"/><file name="te.xml" hash="9000f302efec5389067682dcb37713ec"/><file name="te_IN.xml" hash="46c5a0f8ad33a8207687131b1e30dbc3"/><file name="telephoneCodeData.xml" hash="df7976ae3ed9a46df9b7a3d153a08782"/><file name="teo.xml" hash="1a54151c61645deebd146ce8167ebb7b"/><file name="teo_KE.xml" hash="28904dbd23feee396d235bddafb88a5f"/><file name="teo_UG.xml" hash="a3c2615908baa53ef6c06c1bbc46d03f"/><file name="tg.xml" hash="b0a784936ff2b4d986bea0a5abaafc41"/><file name="tg_Cyrl.xml" hash="dad9b0de0bca8885769e3eb3b986ed38"/><file name="tg_Cyrl_TJ.xml" hash="ecd76f8a9c11ea36f23aecbd4ba10f94"/><file name="th.xml" hash="93a93b50d5bc06c3aba030a2bc8f3a2c"/><file name="th_TH.xml" hash="16920f2948dfc0169fa4120b6bef4c6c"/><file name="ti.xml" hash="68ba067a766e83fa56b3f8b64e911709"/><file name="ti_ER.xml" hash="fc1625e77b8ee3b39e5a21a5778c6352"/><file name="ti_ET.xml" hash="eda9e0f13702f4f4d6c56bf8702bc158"/><file name="tig.xml" hash="dcbea52ddac1a8641439c191ef8cad3c"/><file name="tig_ER.xml" hash="9e8951b4b641d755277bba697641eeb4"/><file name="tn.xml" hash="5ecf790feae7a56e7d3dda69a3dcdd29"/><file name="tn_BW.xml" hash="5db54fb06600c505374663377ae3c87d"/><file name="tn_ZA.xml" hash="5ffaceb20f45593cf1526096d44811ae"/><file name="to.xml" hash="6abeea01835e1fa2e62a489842917a71"/><file name="to_TO.xml" hash="e17fa8026e023e8614eb6fe68b223300"/><file name="tr.xml" hash="a73038379e7e0396200158e0cb9b2101"/><file name="tr_CY.xml" hash="c02e5d602dc71097faf6e40c43c00df5"/><file name="tr_TR.xml" hash="98e092d092bd6efdacd4c9181bdf1269"/><file name="ts.xml" hash="d4de7842ad3ed50f09e585aeb8fd2b48"/><file name="ts_ZA.xml" hash="a058d38e5fc52060f992a09c44bd2dd4"/><file name="twq.xml" hash="8cb693f4457b01d524eb4dd3a9202fee"/><file name="twq_NE.xml" hash="f3887ed69d01de60ea150fb49741dd7e"/><file name="tzm.xml" hash="184e66cab1c6bfb1c1ede84b1b9b8d5d"/><file name="tzm_Latn.xml" hash="c48b72028daead39c63e06be5940b06f"/><file name="tzm_Latn_MA.xml" hash="adeed44054a352a8a95fb63a47b1277d"/><file name="ug.xml" hash="0048db54db7e96e66309f27990302912"/><file name="ug_Arab.xml" hash="b0916370f9a3dcbe9f9ef7f4941e83ff"/><file name="ug_Arab_CN.xml" hash="ca617ed54b6b547d9cd4929653765e69"/><file name="uk.xml" hash="82e297c9a0e35a239300e9d781246ca7"/><file name="uk_UA.xml" hash="f1f43742973c3e0684078ad1585c09a8"/><file name="ur.xml" hash="4330b97cdc580fd937fb4b48c30138dc"/><file name="ur_IN.xml" hash="620558a8d2b16341b990f739d96fa656"/><file name="ur_PK.xml" hash="4929ef93fcd09c110306500b7b5df200"/><file name="uz.xml" hash="e885a45d72df08108a5fb5553caf5650"/><file name="uz_Arab.xml" hash="bbccf5949290b9a88bdb05112ef0f1f1"/><file name="uz_Arab_AF.xml" hash="e8b2a9bcdfcddf5fe0923bdb79586e3b"/><file name="uz_Cyrl.xml" hash="f11985a357906a9764a2eeae61d87834"/><file name="uz_Cyrl_UZ.xml" hash="e34ac326ca872838cb51f7d95f2cad57"/><file name="uz_Latn.xml" hash="6d1de019d75988a154546b7a6ec4cecb"/><file name="uz_Latn_UZ.xml" hash="9f0dd4f61e4ad966fd33e26c0af5d722"/><file name="vai.xml" hash="4ccc7bd3230a4395017327e278bea5d7"/><file name="vai_Latn.xml" hash="78b6884327d1a568c1dcb55edcc8e8c7"/><file name="vai_Latn_LR.xml" hash="d60cdef15dbd84e66ebf6532935f2735"/><file name="vai_Vaii.xml" hash="4d3b525d05e85213d169a04051aed2cd"/><file name="vai_Vaii_LR.xml" hash="64e621f56506d7b70656d056ed8e8214"/><file name="ve.xml" hash="0238fc0b60b7f9f80a821455e85a26df"/><file name="ve_ZA.xml" hash="cfd73cf7fc6d3bef016b3dea6c1464c2"/><file name="vi.xml" hash="1ec60312f7c6e419dc883676a3cfb10b"/><file name="vi_VN.xml" hash="cfb0ceae9f2e78e0459f062016230998"/><file name="vo.xml" hash="a696981962fe9a84ccf27cd4f46a07a6"/><file name="vo_001.xml" hash="ca84f69da9df24a4e409104c54a8a3d5"/><file name="vun.xml" hash="2838dac67405ebb6515ed35b983f13c5"/><file name="vun_TZ.xml" hash="5c00fe9a927fa96193d8be8f22c4ee99"/><file name="wae.xml" hash="7a6a03e67b505d33af84383427ff1db9"/><file name="wae_CH.xml" hash="bc6ad0fbf82a5317ade928730b115b91"/><file name="wal.xml" hash="5fa5a9a4263c2c0c75cb61e137ec19b7"/><file name="wal_ET.xml" hash="fe6ba6e078852d9949dc023b20e40462"/><file name="windowsZones.xml" hash="bb1d22fd1c7e1073f31559d4ec4f6ea0"/><file name="xh.xml" hash="c4561fd383180394c1719f7af01252ed"/><file name="xh_ZA.xml" hash="7cc6e52fd5bbde7d7a09835462c9005a"/><file name="xog.xml" hash="d159722255a22bf4b113822364e3aa42"/><file name="xog_UG.xml" hash="c9d9ce8325ccd943d17be076e2348509"/><file name="yav.xml" hash="7cd6b28230ea1b592f4f6dc656d7dac6"/><file name="yav_CM.xml" hash="d99d7f9815108fe4040253b525fb1e65"/><file name="yo.xml" hash="94b71c3a56a7d571cdd2cdcca0e3639d"/><file name="yo_BJ.xml" hash="ad14fab000b1bdba3ad0959b41692125"/><file name="yo_NG.xml" hash="1381c16f38223fcd4e645a66f06d3947"/><file name="zgh.xml" hash="47980624ea61e97a271f180c98a7f012"/><file name="zgh_MA.xml" hash="7e72d86646a8b5045dfbedd721e5d0f1"/><file name="zh.xml" hash="7ce5cf9353eaeee426d5d5eb87670dfb"/><file name="zh_Hans.xml" hash="bdb68fe0878c430dc788e383b389dc2c"/><file name="zh_Hans_CN.xml" hash="24a14d8c675ae0c5b2fd211477240405"/><file name="zh_Hans_HK.xml" hash="7c82d550690d9ea63bc19cc76fbb61de"/><file name="zh_Hans_MO.xml" hash="9e4291c5bb0facb592b3ea3c14147e72"/><file name="zh_Hans_SG.xml" hash="01f85db499b693f4d3032e8683db390d"/><file name="zh_Hant.xml" hash="fb57450622d2383ac2f9d0e9c03872d0"/><file name="zh_Hant_HK.xml" hash="8648266bec5d9594fff57e030ff88e53"/><file name="zh_Hant_MO.xml" hash="3625e00e40fe8377de3a9a03628657ad"/><file name="zh_Hant_TW.xml" hash="66f700074df27309b3c6c71701d3b9b0"/><file name="zu.xml" hash="6542a2fe4304ba6289f66b2a68bbbcc7"/><file name="zu_ZA.xml" hash="db4d81680d06e598e322a26e9255ea69"/></dir><file name="Data.php" hash="8fa12d0abbc5557b89cd824b0e18d3bb"/><file name="Exception.php" hash="48210cc1272d8350acafdb8b26e86081"/><file name="Format.php" hash="eb7d886a80ca361bd0c38ec54b5d8bf2"/><dir name="Math"><file name="Exception.php" hash="37609bd0e120bcb0ed890523ac7cd35e"/><file name="PhpMath.php" hash="aa289ad314dc08e0abf97a3f147b6750"/></dir><file name="Math.php" hash="8f03d1a239fa7f642dd43ef7f7c642ad"/></dir><file name="Locale.php" hash="aad364df1a2dcad576c9ae09d94f46d8"/></dir></target></contents>
    <compatible/>
    <dependencies><required><php><min>5.2.0</min><max>6.0.0</max></php></required></dependencies>
</package>
