<?xml version="1.0"?>
<package>
    <name>Lib_Js_Mage</name>
    <version>1.9.1.1</version>
    <stability>stable</stability>
    <license>Mixed</license>
    <channel>community</channel>
    <extends/>
    <summary>Javascript Libraries for Magento</summary>
    <description>Javascript Libraries for Magento</description>
    <notes>1.9.1.1</notes>
    <authors><author><name>Magento Core Team</name><user>core</user><email>core@magentocommerce.com</email></author></authors>
    <date>2015-04-29</date>
    <time>12:01:14</time>
    <contents><target name="mageweb"><dir name="js"><dir name="lib"><file name="FABridge.js" hash="64244d8d58abd42bd71f0ee3309767ad"/><file name="boxover.js" hash="a5ade77452e8d5066cb84dcac3d34ed5"/><file name="ccard.js" hash="d3e849be0977d53de4af933b40293ff6"/><file name="dropdown.js" hash="2d9da17f15fc744e52ff612bf7a7c9f5"/><file name="ds-sleight.js" hash="85af457d444865d1587bfe4875bd4fc6"/><file name="flex.js" hash="d6b59c1d7c7cad9c6c91becc4b89ae32"/><dir name="jquery"><file name="jquery-1.10.2.js" hash="91515770ce8c55de23b306444d8ea998"/><file name="jquery-1.10.2.min.js" hash="841dc30647f93349b7d8ef61deebe411"/><file name="jquery-1.10.2.min.map" hash="6c3ccfc221d36777d383b6e04d0b8af9"/><file name="noconflict.js" hash="2de1eabae306cff4f08b9f5eb1c934df"/></dir></dir><dir name="mage"><dir name="adminhtml"><file name="accordion.js" hash="bcc4dc0055960cc580d9a07079951bb5"/><file name="backup.js" hash="d685e20206bbcf8596f1bb73296d0b18"/><file name="browser.js" hash="98b2143b3c7bdef5849cd92541beeec2"/><file name="events.js" hash="157028b6921ea86c8c1353ff2b4daf7c"/><file name="flexuploader.js" hash="786e37bdc8eea5caa7e078a4fe2d8f70"/><file name="form.js" hash="55bf99ca0637cea2692aa3f455b8397f"/><file name="giftmessage.js" hash="d911c86f33828e2d991cf464ca3437eb"/><dir name="giftoptions"><file name="tooltip.js" hash="49562aaae14c77448f2e0903c159ad14"/></dir><file name="grid.js" hash="343a305ffea464dfd726fcecb7ce9dd6"/><file name="hash.js" hash="fd0baa433d58ae1b55d703f11b4f42a4"/><file name="image.js" hash="f75339fdc409f7bff22120ace908d851"/><file name="loader.js" hash="a52e5c7df531fab3133ab82b356d91f9"/><file name="magento-all.js" hash="759e5b8ed9d051cdb97b7547469020d3"/><dir name="product"><dir name="composite"><file name="configure.js" hash="7f55e5d593d09ba8d309190386aaec7d"/></dir></dir><file name="product.js" hash="0253c591cd4beabc703a88dec162e031"/><file name="rules.js" hash="219f397e72098ae0e220d8d17c46a806"/><dir name="sales"><file name="packaging.js" hash="743b60a18adc5e04ed0e28b8c549f2f6"/></dir><file name="sales.js" hash="c8dd0fd8fa3faa9b9f0dd767b5a2c995"/><file name="scrollbar.js" hash="95dd0c4396e1752b36762e736faac6d5"/><file name="tabs.js" hash="0343832c21b3e6d46dc3b32c8b861833"/><file name="tools.js" hash="b987b91011982d00f249cc6621834b8d"/><file name="uploader.js" hash="66cdef337c2a486a41452a2bd12783ac"/><file name="variables.js" hash="63424664960a3af8479c043f4948e830"/><dir name="wysiwyg"><dir name="tiny_mce"><dir name="plugins"><dir name="magentovariable"><file name="editor_plugin.js" hash="3e34d521a7fd22652003b8fadc599d01"/><dir name="img"><file name="icon.gif" hash="682b29a0e734f952cb2edabede6a25d1"/></dir></dir><dir name="magentowidget"><file name="editor_plugin.js" hash="09a5b017cb06d94bafd5f0c19cf38b08"/><dir name="img"><file name="icon.gif" hash="532c141286373f098f1f4362e001c7f8"/></dir></dir></dir><file name="setup.js" hash="98e0479ebf2c34820566446ad8410c40"/><dir name="themes"><dir name="advanced"><dir name="skins"><dir name="default"><file name="content.css" hash="6a2b56fed3a8ad187534eb722a340437"/><file name="dialog.css" hash="38150d67c013645b983aba2bdc3554be"/></dir></dir></dir></dir></dir><file name="widget.js" hash="524c92d81a465b081855166c64e8b2cc"/></dir></dir><file name="captcha.js" hash="8043c1e72d2b5b8430a5324f480ffd01"/><file name="centinel.js" hash="27fafa1bbb2a8b611dce033351750fce"/><file name="cookies.js" hash="6c67304dccf84efdeb3fddb664001592"/><file name="directpost.js" hash="5a8ad96767167b7421c7617fccac1330"/><file name="translate.js" hash="cfe92d6afd0a4d6fcca5b65d6e192c4b"/><file name="translate_inline.css" hash="86ad8d638b8b2c27e0b61b924ee4eda0"/><file name="translate_inline.js" hash="913b5412af26c3bb060b93a478beadc8"/></dir><dir name="varien"><file name="accordion.js" hash="d650d3a7ec68f269159fd8070c5dea33"/><file name="configurable.js" hash="d8561f310d57929c00cb517c26beed0f"/><file name="form.js" hash="c61dd0cb4508672e6223c84344fc2552"/><file name="iehover-fix.js" hash="39983c11a80cce683ebfe1c8d2e5b1b9"/><file name="js.js" hash="15d54a6422758acb33ebbc415689d53d"/><file name="menu.js" hash="7f1bccad8b682880da85acf5f7aaef0d"/><file name="payment.js" hash="d6e2ca07bc9b15147faa555e71f08bc3"/><file name="product.js" hash="78881d8a1e4a87126cc87741177e1250"/><file name="telephone.js" hash="714770a989902f842853d0749a0a4dee"/><file name="weee.js" hash="9854e626c7d27fbb2f0b3c824c506e24"/></dir><file name="blank.html" hash="d41d8cd98f00b204e9800998ecf8427e"/><file name="index.php" hash="e8bd607e8a1aac21d508d4bc070f19d3"/><file name="spacer.gif" hash="df3e567d6f16d040326c7a0ea29a4f41"/><dir name="flash"><file name="AC_RunActiveContent.js" hash="3e038cea960c1b650442b85cea237053"/></dir></dir></target></contents>
    <compatible/>
    <dependencies><required><php><min>5.2.0</min><max>6.0.0</max></php><package><name>Lib_Js_Prototype</name><channel>community</channel><min>1.7.0.0.5</min><max>1.7.0.0.5</max></package></required></dependencies>
</package>
