<?xml version="1.0"?>
<package>
    <name>Lib_Js_Mage</name>
    <version>1.9.3.0</version>
    <stability>stable</stability>
    <license>Mixed</license>
    <channel>community</channel>
    <extends/>
    <summary>Javascript Libraries for Magento</summary>
    <description>Javascript Libraries for Magento</description>
    <notes>1.9.3.0</notes>
    <authors><author><name>Magento Core Team</name><user>core</user><email>core@magentocommerce.com</email></author></authors>
    <date>2016-10-04</date>
    <time>13:04:29</time>
    <contents><target name="mageweb"><dir name="js"><dir name="lib"><file name="FABridge.js" hash="64244d8d58abd42bd71f0ee3309767ad"/><file name="boxover.js" hash="a5ade77452e8d5066cb84dcac3d34ed5"/><file name="ccard.js" hash="d3e849be0977d53de4af933b40293ff6"/><file name="dropdown.js" hash="3fde17b96923bfdc306bef7543dbfea3"/><file name="ds-sleight.js" hash="85af457d444865d1587bfe4875bd4fc6"/><file name="flex.js" hash="75e89a07d2aa6d4e7cd8bb1f1d438666"/><dir name="jquery"><file name="jquery-1.10.2.js" hash="91515770ce8c55de23b306444d8ea998"/><file name="jquery-1.10.2.min.js" hash="841dc30647f93349b7d8ef61deebe411"/><file name="jquery-1.10.2.min.map" hash="6c3ccfc221d36777d383b6e04d0b8af9"/><file name="noconflict.js" hash="12f820da0f5ba19abfb4f5fc270bb62c"/></dir><dir name="uploader"><file name="flow.min.js" hash="a82a557db407b53d5909fa4e1833a596"/><file name="fusty-flow-factory.js" hash="b3f49be0f28be74e8b8bb76496c52bc3"/><file name="fusty-flow.js" hash="302f440908837093fd4e9b6e76ec01e0"/></dir></dir><dir name="mage"><dir name="adminhtml"><file name="accordion.js" hash="c69fb4275ddd2a0baf7be854cb0b188b"/><file name="backup.js" hash="9538a8fd84c0a65696cba9487d651caa"/><file name="browser.js" hash="c68ad401b06a251ff234d866a378730a"/><file name="events.js" hash="9ec42a72a1946dcec30e5d73111e3f9d"/><file name="flexuploader.js" hash="5478ea9437e07b87687f4cd3c06f3d74"/><file name="form.js" hash="798896e67e23a49ab20816a511297b19"/><file name="giftmessage.js" hash="7e9321a76824a6a516ce4ddc064b05fb"/><dir name="giftoptions"><file name="tooltip.js" hash="42e079edb7bceb6aebe3752dcb370bc2"/></dir><file name="grid.js" hash="993d4f14f6ab979c90e9d261a0414a1b"/><file name="hash.js" hash="0c0010249185c483632126de3bd4fe0a"/><file name="image.js" hash="0a6884666b87b90d098b9a49ad61fd37"/><file name="loader.js" hash="95b9827f8397355e9dab952493603d53"/><file name="magento-all.js" hash="42ad823ed9988e006c1fa50c6e6fae49"/><dir name="product"><dir name="composite"><file name="configure.js" hash="2df7c2efc9dc56d62df4daadad7c3ebc"/></dir></dir><file name="product.js" hash="815c0eba8537afe9ee7841a44aca231b"/><file name="rules.js" hash="11cc661646db09a9d42627df4e1c3b2b"/><dir name="sales"><file name="packaging.js" hash="def1d23d123afe6f488ad9941dbedea6"/></dir><file name="sales.js" hash="720409ee3dec64a678117c488f6b3f47"/><file name="scrollbar.js" hash="78cdcbc2f75ea31209baf10eb877395b"/><file name="tabs.js" hash="a39e63c9dfcc2a112e9933ff2ae2e334"/><file name="tools.js" hash="f35f0a11505bea4570acdd7b288aee13"/><dir name="uploader"><file name="instance.js" hash="cd80adb50e15f551ca4a6a6f9ff017de"/></dir><file name="uploader.js" hash="8337a066f08680c1f5fc0a197fc09c15"/><file name="variables.js" hash="13c9221601f60facbd9706f3cbc22b7f"/><dir name="wysiwyg"><dir name="tiny_mce"><dir name="plugins"><dir name="magentovariable"><file name="editor_plugin.js" hash="80ba1f07c63ae478086f504faf61218d"/><dir name="img"><file name="icon.gif" hash="682b29a0e734f952cb2edabede6a25d1"/></dir></dir><dir name="magentowidget"><file name="editor_plugin.js" hash="2be4a89460ff89411a69216d6632bb7a"/><dir name="img"><file name="icon.gif" hash="532c141286373f098f1f4362e001c7f8"/></dir></dir></dir><file name="setup.js" hash="3b59ed7ab4547616dded944e042b38df"/><dir name="themes"><dir name="advanced"><dir name="skins"><dir name="default"><file name="content.css" hash="2c737298d2829301f4ed2af3e6d77cb3"/><file name="dialog.css" hash="b516ed4d95b4b3aecad5908c592d0c6a"/></dir></dir></dir></dir></dir><file name="widget.js" hash="4c62506df1598495a70a01cd129673db"/></dir></dir><file name="captcha.js" hash="a4da9fb2f7380186f2dbe01332932074"/><file name="centinel.js" hash="7f8c15d42bdab489bae63c9de7530cda"/><file name="cookies.js" hash="5baf73666a850c5d24b6382886dab51d"/><file name="directpost.js" hash="65ec1550f5c434de2fe50c63e410f011"/><file name="translate.js" hash="03c6b2fa8ea4a93a44a5d816d82f60fa"/><file name="translate_inline.css" hash="b04b581fd93c8ec742e7ceabcb11e16c"/><file name="translate_inline.js" hash="c17cd411d63c15a39a06c441a6e62c58"/></dir><dir name="varien"><file name="accordion.js" hash="560046730d15cd2c94c244c73219d3d9"/><file name="configurable.js" hash="726fe3740e0d3d8c37e045f4a407314c"/><file name="form.js" hash="d03d8a462aaecdca691a8da8ee36b39c"/><file name="iehover-fix.js" hash="c6682047fb7f9a1aef62c0848e659a36"/><file name="js.js" hash="421820a5f54384a623bef95993de27f0"/><file name="menu.js" hash="22fa11c750637f9e4080341e09285e72"/><file name="payment.js" hash="ca41bc3307d9006c53c1a6ccf0286eff"/><file name="product.js" hash="179eefbcd233a545ce0d0072f6772caf"/><file name="product_options.js" hash="0edf40c29f7a3552546ded647b74bef1"/><file name="telephone.js" hash="b0d10c172373c4308968717b302f0da8"/><file name="weee.js" hash="7e21ec88cbd8e5c0a1b837e441f7ee63"/></dir><file name="blank.html" hash="d41d8cd98f00b204e9800998ecf8427e"/><file name="index.php" hash="895f2b91bcca2dab72b1d52877892d70"/><file name="spacer.gif" hash="df3e567d6f16d040326c7a0ea29a4f41"/><dir name="flash"><file name="AC_RunActiveContent.js" hash="3e038cea960c1b650442b85cea237053"/></dir></dir></target></contents>
    <compatible/>
    <dependencies><required><php><min>5.2.0</min><max>6.0.0</max></php><package><name>Lib_Js_Prototype</name><channel>community</channel><min>1.9.3.0</min><max>1.9.3.0</max></package></required></dependencies>
</package>
