<?xml version="1.0"?>
<package>
    <name>Lib_Js_TinyMCE</name>
    <version>3.5.11.2</version>
    <stability>stable</stability>
    <license>Mixed</license>
    <channel>community</channel>
    <extends/>
    <summary>TinyMCE Javascript Libraries for Magento</summary>
    <description>TinyMCE Javascript Libraries for Magento</description>
    <notes>3.5.11.2</notes>
    <authors><author><name>Magento Core Team</name><user>core</user><email>core@magentocommerce.com</email></author></authors>
    <date>2015-10-27</date>
    <time>13:46:54</time>
    <contents><target name="mageweb"><dir name="js"><dir name="tiny_mce"><dir name="classes"><file name="AddOnManager.js" hash="394e98bc019eb5c08c657fe4f8a48546"/><file name="ControlManager.js" hash="26cedc474b183b1a9905cdb3d10254dc"/><file name="Editor.Events.js" hash="07af3e1a08aead0078eb0cd6b030b864"/><file name="Editor.js" hash="e921b224172fbe2bd134eaab1974f2e8"/><file name="EditorCommands.js" hash="18b0d752aafddca09cf59fa7cc4d45c2"/><file name="EditorManager.js" hash="68b7a4a6252ab8b326fa5c8ee52d8016"/><file name="EnterKey.js" hash="ecc48ccb75c80dca2bd6bd7023fc906e"/><file name="ForceBlocks.js" hash="186ad2042e7b9416d2c4f9ec5f519893"/><file name="Formatter.js" hash="413f6c83f256d864a01e05718fbe7ce6"/><file name="LegacyInput.js" hash="a14c5e4099e2e4cbc6339eb54d3ec8f9"/><file name="Popup.js" hash="b6775a0e19bd839625b4dfb6b92a9688"/><file name="UndoManager.js" hash="276955286b65fba55ee60833ca2d6671"/><file name="WindowManager.js" hash="794c3d88226e8b62eac09eeeef283c3b"/><dir name="adapter"><dir name="jquery"><file name="adapter.js" hash="a5eea8e2826d7b0929291aa7a927ec29"/><file name="jquery.tinymce.js" hash="f2f319f369a84757b8976c2d66872933"/></dir><dir name="prototype"><file name="adapter.js" hash="37d84615944f028635f68d05b889c5c2"/></dir></dir><dir name="dom"><file name="DOMUtils.js" hash="bb9a7c2b19ad2433c85984cb8511e085"/><file name="Element.js" hash="1208e71eb2bc8e578b5a9cb4ec3b1365"/><file name="EventUtils.js" hash="652351eaf41de2659cfc7e380b694c02"/><file name="Range.js" hash="05c8ac178fa799217f60ebb650b41e0f"/><file name="RangeUtils.js" hash="9948e6204548089899b1e325370355f1"/><file name="ScriptLoader.js" hash="742ce02734095db354ad54ab8399a0ee"/><file name="Selection.js" hash="3332b2293dfc2a93fdb6a67ce5329642"/><file name="Serializer.js" hash="8762f4920ed6d4a57203bfbb8bc8490c"/><file name="Sizzle.js" hash="7930b22f632c7b0240237df1393e5023"/><file name="TreeWalker.js" hash="55425ece6675a529525bad45c6acbd94"/><file name="TridentSelection.js" hash="1fd402d1bb8144fa8549031b5f061733"/></dir><dir name="firebug"><file name="FIREBUG.LICENSE" hash="3b402ea96cec202bac23ea7144653cfa"/><file name="firebug-lite.js" hash="1c9c10926be94a61564ad0541a50624f"/></dir><dir name="html"><file name="DomParser.js" hash="25a47241e40445f2870bc94ce6a10b3c"/><file name="Entities.js" hash="7292e9f893096fb66d3232920be3c3d9"/><file name="Node.js" hash="ea0a5b87b71760018a753eb41a4e0f48"/><file name="SaxParser.js" hash="6dbb27c6762a5f27a9e6e844391393f4"/><file name="Schema.js" hash="e4d6e60fbca99911660f272717b9c08b"/><file name="Serializer.js" hash="ab74a79798a6f20f4267e3f1da17f2da"/><file name="Styles.js" hash="72317437bb3c7f0a05302658ea19dfce"/><file name="Writer.js" hash="3a2e8b824b749c19c5f27f8c830f95a5"/></dir><file name="tinymce.js" hash="546ec1f2bbfbf1ee04b4a33dcc05bc52"/><dir name="ui"><file name="Button.js" hash="82e9cd9d322a714652b0bc8e40e7e503"/><file name="ColorSplitButton.js" hash="06760a696b922b56a482f5889407714e"/><file name="Container.js" hash="7929a5d6aef46380197061e49e4f9dfb"/><file name="Control.js" hash="460a997aaad3b1b24f684bfdbefd3d9c"/><file name="DropMenu.js" hash="3359b973c857ca38105eeb276119b99f"/><file name="KeyboardNavigation.js" hash="f446fdfbadd728e8b009dc4adfc0b0d2"/><file name="ListBox.js" hash="2cd7287ec70ac87cb3903ecf0a2ccfdc"/><file name="Menu.js" hash="02762fee614d37aaea7eaf14f07dece1"/><file name="MenuButton.js" hash="fb0251eb52a5b3779d76ed2c2f8ec77e"/><file name="MenuItem.js" hash="55d400a161aa44d9dd5334d6f58ed956"/><file name="NativeListBox.js" hash="964785fd8a23be00b6db650f96e9ebf7"/><file name="Separator.js" hash="d4c5d779114617360ea78a2c0d523c81"/><file name="SplitButton.js" hash="e78e53578280cce9d97f936a82eca6de"/><file name="Toolbar.js" hash="b742f894f63122c4ee635fa59958167d"/><file name="ToolbarGroup.js" hash="db7b059b984e114ea22b1dc558d3d1f2"/></dir><dir name="util"><file name="Cookie.js" hash="14bc612b28c3c75549138a1699d5c238"/><file name="Dispatcher.js" hash="bf9bd51bbabca1823634833b3b16097c"/><file name="JSON.js" hash="b9b5964dbcd4cff962264dd72d8e4df5"/><file name="JSONP.js" hash="0a39d9e1b8427ab8b6dbdd00177c8c48"/><file name="JSONRequest.js" hash="dd12f1ac5c78ec4ba7459fb825ff9e5e"/><file name="Quirks.js" hash="927b518cc3aa663a41921590d0d3b4ac"/><file name="URI.js" hash="7069a8a2dfa4b0315719778b8c744139"/><file name="VK.js" hash="78114029ce46d5a4a441b01c44f23b4f"/><file name="XHR.js" hash="b00450d636335e7be50d46d2c31cc5a0"/></dir><dir name="xml"><file name="Parser.js" hash="c6d6862014ef2ab23a5a16adaee1af6d"/></dir></dir><file name="jquery.tinymce.js" hash="751418d46d453e7c6b1a7fbd4e60fefa"/><dir name="langs"><file name="en.js" hash="eff36a9433bccea2f3243b1465fe6fe3"/></dir><file name="license.txt" hash="b238d032089de4c340f6e0119210ce3a"/><dir name="plugins"><dir name="advhr"><dir name="css"><file name="advhr.css" hash="15df80b2137bcc04d5455ffa3a51e0c5"/></dir><file name="editor_plugin.js" hash="d0a03059205455e5c19cf3a845a0ebde"/><file name="editor_plugin_src.js" hash="a7fda2e674f15a33baf53cea2e23ec66"/><dir name="js"><file name="rule.js" hash="ef46d7c850c8bcc869ea84ed7ac00c49"/></dir><dir name="langs"><file name="en_dlg.js" hash="af62ab3f1b7a27190f8e001c8aefdfa6"/></dir><file name="rule.htm" hash="492ebbdc24d46061e928d911873d5fc8"/></dir><dir name="advimage"><dir name="css"><file name="advimage.css" hash="1ccd374d5f1e89cc16e1649558a9bb33"/></dir><file name="editor_plugin.js" hash="8af1f904909820d132bc0cbeb6469130"/><file name="editor_plugin_src.js" hash="958a409150fba5532d27e862d52015e9"/><file name="image.htm" hash="0d204c8f7651c3080ab542fb36957881"/><dir name="img"><file name="sample.gif" hash="b9c7057c46716340e8967340ad11766e"/></dir><dir name="js"><file name="image.js" hash="d071360a06b4f8590b4b18a7eca039aa"/></dir><dir name="langs"><file name="en_dlg.js" hash="6f80f834e2209e6a95957403bb4842f0"/></dir></dir><dir name="advlink"><dir name="css"><file name="advlink.css" hash="aaf226732a7b4ae80ee680700f488a1e"/></dir><file name="editor_plugin.js" hash="5e440c6bcb7fd94e7fd597f8a183e16f"/><file name="editor_plugin_src.js" hash="4104cd66aea546becf5d8fca66cf7951"/><dir name="js"><file name="advlink.js" hash="80dd2f99418025b6f9fd757adfdb1a71"/></dir><dir name="langs"><file name="en_dlg.js" hash="8da3a95d6886837c0bca18670f57ae1c"/></dir><file name="link.htm" hash="206ef7aba261ac4bc14e7c6fdbdcc8c5"/></dir><dir name="advlist"><file name="editor_plugin.js" hash="5f1c8625c04a6b0f4567c1c8d5e28ff9"/><file name="editor_plugin_src.js" hash="d451908bf1e060ecd49356787f33fc7c"/></dir><dir name="autolink"><file name="editor_plugin.js" hash="5091233229ffe517f075b787c5f388a6"/><file name="editor_plugin_src.js" hash="f03a8ec9ad17bd53f897a525e3cc30f7"/></dir><dir name="autoresize"><file name="editor_plugin.js" hash="adf5cbe96119e3ed9ab4a86ba26405e7"/><file name="editor_plugin_src.js" hash="4d1cdbe307f73b4d36d1bf9b3bc2d0a9"/></dir><dir name="autosave"><file name="editor_plugin.js" hash="ae4c2aba85a22da66e3655f55d1c89fd"/><file name="editor_plugin_src.js" hash="6177147324865c00736c242b8ccb2de6"/><dir name="langs"><file name="en.js" hash="a33b0322c949a6d74bde7fa164396984"/></dir></dir><dir name="bbcode"><file name="editor_plugin.js" hash="31748a6cc57a13da54a0243c3301f3e6"/><file name="editor_plugin_src.js" hash="842450703b915245adb53df7d478ea5a"/></dir><dir name="contextmenu"><file name="editor_plugin.js" hash="5a0fc9ce2ba71bf2b6f54eb94838619f"/><file name="editor_plugin_src.js" hash="b923e4315f2d98703bbe9699465f84f0"/></dir><dir name="directionality"><file name="editor_plugin.js" hash="e2d925fe1e778dbcade06d55164fc276"/><file name="editor_plugin_src.js" hash="14b7a5b69fdc4f235b654436e4fe3081"/></dir><dir name="emotions"><file name="editor_plugin.js" hash="98cba02e33fc108024f3e993be0b0b62"/><file name="editor_plugin_src.js" hash="4cbc6e9b083a810ab0d3768af8f8f864"/><file name="emotions.htm" hash="9378bfd04b56a828318f7798f5696f67"/><dir name="img"><file name="smiley-cool.gif" hash="e26e97a318f82ec144b0818e5a8f8edb"/><file name="smiley-cry.gif" hash="e72bf995ceca9230273ed9909c5db9c8"/><file name="smiley-embarassed.gif" hash="d59171236e6b0b96091eeda1f7b57ce3"/><file name="smiley-foot-in-mouth.gif" hash="c12d9db6a14ad0b52f66f1e2cf2a38e7"/><file name="smiley-frown.gif" hash="59930208822fe755f651a67ef4b70530"/><file name="smiley-innocent.gif" hash="ec0477c8a206ff250782e40f9bae4b4c"/><file name="smiley-kiss.gif" hash="4ae8945f3960751b5d294f18242e144d"/><file name="smiley-laughing.gif" hash="c37f405db4e13cbebf24e745534687bf"/><file name="smiley-money-mouth.gif" hash="11c14bd1496afd0e21df115d25b68e96"/><file name="smiley-sealed.gif" hash="bb828cb46b377d1589927a02f8fd1762"/><file name="smiley-smile.gif" hash="2968a664098d9580079c66d628dad1a8"/><file name="smiley-surprised.gif" hash="2e136ebd637bf3e6c9fc6bdc20cbe73e"/><file name="smiley-tongue-out.gif" hash="5ec3bb4781c8e43a51d3a1a948b98fc0"/><file name="smiley-undecided.gif" hash="3c0c011d16b1a2331385ed97e160a42a"/><file name="smiley-wink.gif" hash="897275ac7d07032b4d93fb83a0d2a41b"/><file name="smiley-yell.gif" hash="19bb8ebfe3c2f5ef3ffb9aa4a027900d"/></dir><dir name="js"><file name="emotions.js" hash="85efe828d29037950412fec963b6f950"/></dir><dir name="langs"><file name="en_dlg.js" hash="62c052504a77e4f4cec6d90ece0d76c4"/></dir></dir><dir name="example"><file name="dialog.htm" hash="e6170a190a4d44ea5e6af089d2728d7e"/><file name="editor_plugin.js" hash="e0a175dca3d5e437657ccd5d548ff409"/><file name="editor_plugin_src.js" hash="b98bec73743c249187e0fa8f8311e3a3"/><dir name="img"><file name="example.gif" hash="6036655a01df362267183a8b23fead10"/></dir><dir name="js"><file name="dialog.js" hash="83245e76c97e24d466cf5df2308f9bf4"/></dir><dir name="langs"><file name="en.js" hash="78c88182b5fb900fc956845f75885b3a"/><file name="en_dlg.js" hash="7aec7a3b9d4642fbf7bb3ef1ed8a7570"/></dir></dir><dir name="example_dependency"><file name="editor_plugin.js" hash="405d190ae03384a9acb00533568b2cfd"/><file name="editor_plugin_src.js" hash="473878118b45efe326d335f992ff9943"/></dir><dir name="fullpage"><dir name="css"><file name="fullpage.css" hash="2ac64c98369f8b4f7cbf6fa70e25bfca"/></dir><file name="editor_plugin.js" hash="5dfbe0a82c87eb0fb65b11dcd39406d0"/><file name="editor_plugin_src.js" hash="636afe66f3de447eb92611bdcfb7f2b3"/><file name="fullpage.htm" hash="8c58825b698712e7297f95da51a9c03c"/><dir name="js"><file name="fullpage.js" hash="a7913b6b1a1ae634a509c3db9faf381a"/></dir><dir name="langs"><file name="en_dlg.js" hash="963f370d56f19c2f94de09b10a306187"/></dir></dir><dir name="fullscreen"><file name="editor_plugin.js" hash="15134339e36472281b8a1626233f747d"/><file name="editor_plugin_src.js" hash="a28a8a8bf569d6ee5e6dccbc988490ce"/><file name="fullscreen.htm" hash="b6d76297c2f679b9110ec7119d091900"/></dir><dir name="iespell"><file name="editor_plugin.js" hash="22526393cacb6447a0e3bfff2fb47773"/><file name="editor_plugin_src.js" hash="311e13bcc85c06da43decc37dc1b4f83"/></dir><dir name="inlinepopups"><file name="editor_plugin.js" hash="db32751b98f40ca6eee24efc848d6cbb"/><file name="editor_plugin_src.js" hash="d1c1de414c13fef3593ffd14503d37c0"/><dir name="skins"><dir name="clearlooks2"><dir name="img"><file name="alert.gif" hash="568d4cf84413656fb72fe39d1dd60f8d"/><file name="button.gif" hash="19f864cb81177840dcd534df4d537ea3"/><file name="buttons.gif" hash="1743ac9f7f2267a6edafefc536a2265d"/><file name="confirm.gif" hash="1bc337a20c319e531cda6ced531827d0"/><file name="corners.gif" hash="55298b5baaecb7e06a251db9f0a4b14c"/><file name="horizontal.gif" hash="0365e75dd4a9ad61dc98dcb641207c21"/><file name="vertical.gif" hash="0261136fac58ce77bdbd96aa0194947e"/></dir><file name="window.css" hash="f715affab9da63bc26f8c6362a989395"/></dir></dir><file name="template.htm" hash="3d7e3ae05511a9f64c5da924b9e971ba"/></dir><dir name="insertdatetime"><file name="editor_plugin.js" hash="d99072498466cdb2f53ed7c02da85982"/><file name="editor_plugin_src.js" hash="32a2afa1cd3ff8c9b966f8724ba3e0b3"/></dir><dir name="layer"><file name="editor_plugin.js" hash="4e5fc1b467c19d79dcf6246ba3a63cd8"/><file name="editor_plugin_src.js" hash="3754eb57b08539e459509caa74acecc6"/></dir><dir name="legacyoutput"><file name="editor_plugin.js" hash="b732a86187723cd9cc32853d67730061"/><file name="editor_plugin_src.js" hash="8a0a69cbe8d447d722aaef7d4ed7dcc1"/></dir><dir name="lists"><file name="editor_plugin.js" hash="46ba57884d8fe05d92cd9d98d3bb00af"/><file name="editor_plugin_src.js" hash="04e1f245c19d6dc9454dae57faec9b6f"/></dir><dir name="media"><dir name="css"><file name="media.css" hash="f211293a697a2c83da00effd67f535a2"/></dir><file name="editor_plugin.js" hash="5ad7db86c5008f98ec135595db4a4973"/><file name="editor_plugin_src.js" hash="1d03ec1ec36745041db26132b07b0491"/><dir name="img"><file name="flash.gif" hash="6c69b02015d09280332ff8b07e4ea2f3"/><file name="quicktime.gif" hash="9a6a9fdead205b125c07ea37e71ed4f1"/><file name="realmedia.gif" hash="b9734ee16d790e67bea01046feba28b7"/><file name="shockwave.gif" hash="baa643b587565755157618032dc93e3c"/><file name="trans.gif" hash="12bf9e19374920de3146a64775f46a5e"/><file name="windowsmedia.gif" hash="c327cd167b3a7bc263d908b0d0154ead"/></dir><dir name="js"><file name="embed.js" hash="39ebc57f44e1cc683724e1c1ff761894"/><file name="media.js" hash="4f35c0283a30f3556e023e76c34368b2"/></dir><dir name="langs"><file name="en_dlg.js" hash="9523fc123c577642000fd409bd862c3f"/></dir><file name="media.htm" hash="be58b1edf9a4a4dbf3a1993e3d897e1a"/><file name="moxieplayer.swf" hash="9217cea72c76c361fa5033526712284e"/></dir><dir name="nonbreaking"><file name="editor_plugin.js" hash="232f23a586f10bd8ddabf38d767113d4"/><file name="editor_plugin_src.js" hash="fefbda5243d10652038ccf40801b8893"/></dir><dir name="noneditable"><file name="editor_plugin.js" hash="b332a5f8767506024a0f50aa4204b1fe"/><file name="editor_plugin_src.js" hash="273d35e2221889e75f33fd545f77d44e"/></dir><dir name="pagebreak"><dir name="css"><file name="content.css" hash="d9664762a610f2b5f7b10b5781f3299a"/></dir><file name="editor_plugin.js" hash="8be3376740c886fa2842d2f4eb282bbc"/><file name="editor_plugin_src.js" hash="c2d432a5914f0095a859ff443700a5e9"/><dir name="img"><file name="pagebreak.gif" hash="48872075f721bf57a517e3275d61c0ba"/><file name="trans.gif" hash="12bf9e19374920de3146a64775f46a5e"/></dir></dir><dir name="paste"><file name="editor_plugin.js" hash="1b68c59eb95a28ccc2aff2cfb85a8829"/><file name="editor_plugin_src.js" hash="40eef37ac300b571da5383bc0bddf73f"/><dir name="js"><file name="pastetext.js" hash="d6e4b39f19b89118b34b0d21491494b7"/><file name="pasteword.js" hash="112504d12e971e4d32f17a59c5616c36"/></dir><dir name="langs"><file name="en_dlg.js" hash="6ea2189562f65287be8e5e3185c405b7"/></dir><file name="pastetext.htm" hash="8f217769e59a5dd67843c7c17c842f41"/><file name="pasteword.htm" hash="8b9459b98f9a70ed684832326bf1cdf6"/></dir><dir name="preview"><file name="editor_plugin.js" hash="925216b63aabd5adc67d642ca2d04b4a"/><file name="editor_plugin_src.js" hash="6f9c3234dfdc0f62b713e8771f4ca5dc"/><file name="example.html" hash="9b9290408ae10fa29ec29db60682be91"/><dir name="jscripts"><file name="embed.js" hash="39ebc57f44e1cc683724e1c1ff761894"/></dir><file name="preview.html" hash="bb02414f4cdd28c4a66e7fb5ed820f2d"/></dir><dir name="print"><file name="editor_plugin.js" hash="53eb1da78f727ee8337671fb86354c17"/><file name="editor_plugin_src.js" hash="f11547aa114df69b35df319003105e11"/></dir><dir name="save"><file name="editor_plugin.js" hash="307a0743c68c4e4aff005f13027f296f"/><file name="editor_plugin_src.js" hash="4dcbdaab64f06550a2db2b650f99d411"/></dir><dir name="searchreplace"><dir name="css"><file name="searchreplace.css" hash="ad0addca1bd5727432f39ec9b7fdac1e"/></dir><file name="editor_plugin.js" hash="ed4f1fa6e12844b533c86258647a298f"/><file name="editor_plugin_src.js" hash="7292198991a0fda1b9c7b28c921c6521"/><dir name="js"><file name="searchreplace.js" hash="0eeedb83f5bf1240348e1c6e77be2c47"/></dir><dir name="langs"><file name="en_dlg.js" hash="fbd47078679d87b541479000589ef4c9"/></dir><file name="searchreplace.htm" hash="4d01ee3be4045a600778fca1e11cee61"/></dir><dir name="spellchecker"><dir name="css"><file name="content.css" hash="ac0c7dbbbe44022d29d63b7b05123e3d"/></dir><file name="editor_plugin.js" hash="629a571ee7686ace6ee7ad1181be916b"/><file name="editor_plugin_src.js" hash="bae03899e91abca8b4b77c8ea886b561"/><dir name="img"><file name="wline.gif" hash="c136c9f8e00718a98947a21d8adbcc56"/></dir></dir><dir name="style"><dir name="css"><file name="props.css" hash="c2d2adc78609ea65760dae2dab058395"/></dir><file name="editor_plugin.js" hash="f9bcd692d63dfef1fe5c586d27ecd91b"/><file name="editor_plugin_src.js" hash="2ec50d9d37ce1e732380a746fabceefc"/><dir name="js"><file name="props.js" hash="f3614bf040f29057162e423822b89e11"/></dir><dir name="langs"><file name="en_dlg.js" hash="62a82106cfd480a6da4442b4763a2f2d"/></dir><file name="props.htm" hash="32f3f16194be9170386419c9dcc5b99a"/><file name="readme.txt" hash="ced5c8e014184a33da5507dbcd96b91f"/></dir><dir name="tabfocus"><file name="editor_plugin.js" hash="d3e5ef7a1a203516af0d8fdf94952fd2"/><file name="editor_plugin_src.js" hash="12889ccf8caf1d466859ba949f52fbca"/></dir><dir name="table"><file name="cell.htm" hash="f427b778a4924154a5e2317ddfd0f567"/><dir name="css"><file name="cell.css" hash="56394e6cdb267d97e23a07a98820e84b"/><file name="row.css" hash="81a75523c1e83be93e524c8bb901a089"/><file name="table.css" hash="f5e651f5a32284f1c4e0faa1d7cd5ff4"/></dir><file name="editor_plugin.js" hash="c12f0891c5bf0a7a6dd43ef0bd44dd82"/><file name="editor_plugin_src.js" hash="8228b4ab83fe4dfe2e377850dc2cf97e"/><dir name="js"><file name="cell.js" hash="8b0d4a7fe48c2f92c8b9b79dbb12cca1"/><file name="merge_cells.js" hash="3650484c93d6c9a197d03a5c3c3d2e80"/><file name="row.js" hash="d1cf0ab3d974f0b528e467d4b5c5c89f"/><file name="table.js" hash="f894721e5f5a6c2efa1a232c4b4a85b6"/></dir><dir name="langs"><file name="en_dlg.js" hash="ee3484503050cdae74d2cafa7d2e9999"/></dir><file name="merge_cells.htm" hash="f939ddd56826c0ec3c9e6e9a478346bf"/><file name="row.htm" hash="7ad9e68624759b28be626ac4b53c8907"/><file name="table.htm" hash="88fb36057ec1cb1681fed2dcb0b44693"/></dir><dir name="template"><file name="blank.htm" hash="9553e76581d74579d23bea5c7ea8a807"/><dir name="css"><file name="template.css" hash="5b2c159120cbef004c9b0804c292820b"/></dir><file name="editor_plugin.js" hash="70cb20c4e287110ae8aeed999893c532"/><file name="editor_plugin_src.js" hash="336af7b2ec3e0f7c83a7d05bf16cd018"/><dir name="js"><file name="template.js" hash="75abfd82a90ae648fb18c5517dfd925b"/></dir><dir name="langs"><file name="en_dlg.js" hash="1ce03c0fcf0f1aa74c132459abe30f39"/></dir><file name="template.htm" hash="b55e174e239e5c4b3a52d6ad60eb991d"/></dir><dir name="visualblocks"><dir name="css"><file name="visualblocks.css" hash="1fe4f62cc93864784b9b2d6b11b050b7"/></dir><file name="editor_plugin.js" hash="592e70a44aeb7c974eb9c5ff05c107a7"/><file name="editor_plugin_src.js" hash="6d1a4ea64bfedf8797260792e33f4c17"/></dir><dir name="visualchars"><file name="editor_plugin.js" hash="e494d07c71e24040a407b20017ca63e3"/><file name="editor_plugin_src.js" hash="f285c8f2ffac745325e86687b8cf0fb5"/></dir><dir name="wordcount"><file name="editor_plugin.js" hash="fb71ed139697b519f0054179d28ec782"/><file name="editor_plugin_src.js" hash="a034fddb393e4b6e7d25fc3761bea529"/></dir><dir name="xhtmlxtras"><file name="abbr.htm" hash="e514d143e00e4b121cab8fe8dfae48d2"/><file name="acronym.htm" hash="ec632b3d4b6afb189c055afa234e6291"/><file name="attributes.htm" hash="cf540b962f752babf53faa7a47bde108"/><file name="cite.htm" hash="1468438313b9cb1de0e53e50d75c92fa"/><dir name="css"><file name="attributes.css" hash="abc1b941c6eef8e1ea76915984e8a03e"/><file name="popup.css" hash="ed53e7b6ab799f6a249c3d403047dcfc"/></dir><file name="del.htm" hash="81bbcce0d19d78698fad760ee90b6948"/><file name="editor_plugin.js" hash="c9f91af5f1b8a1ba7a1e4ccf53fc7790"/><file name="editor_plugin_src.js" hash="b8b8236893ef2347a46cb131fc1a8c69"/><file name="ins.htm" hash="47e7db25678cee383fe6532ebb9e3fcb"/><dir name="js"><file name="abbr.js" hash="d91ae7d986336de4ecb977d19dcfab19"/><file name="acronym.js" hash="0a19f79bdc9222d3273712fe37a8051c"/><file name="attributes.js" hash="e75f23fae888b9febb57a29f2eb5a86c"/><file name="cite.js" hash="ba39487ce6a625538b838c21502bbaa7"/><file name="del.js" hash="be96fef888076d27384dd3546e8b6b6f"/><file name="element_common.js" hash="b817f5e2d514147d72765c92c1f60f3d"/><file name="ins.js" hash="6148dd4151e58dcda9112933908b97b1"/></dir><dir name="langs"><file name="en_dlg.js" hash="45db1586e7debc385f63092a13a9f43c"/></dir></dir></dir><dir name="themes"><dir name="advanced"><file name="about.htm" hash="ff135857e9b930d4d4658f92077e051c"/><file name="anchor.htm" hash="79d46a2b007b5cb08a3920e922a5da7f"/><file name="charmap.htm" hash="be712e4cf08670a1212e9eed2f452693"/><file name="color_picker.htm" hash="8db4d59dec910525149039f006a2bb9e"/><file name="editor_template.js" hash="a2b3085f0ab3c323dd28187b739139ec"/><file name="editor_template_src.js" hash="1fa308a86046cee68c5227ca58013bba"/><file name="image.htm" hash="2cb986c0cad7efd0592a4d8c35e41f0a"/><dir name="img"><file name="colorpicker.jpg" hash="9bcc36292defe94bca5a013a1736c7d7"/><file name="flash.gif" hash="33adee48d32bbbba3e6412cc54ecf335"/><file name="icons.gif" hash="75ad72872bc6280c32609e12fc3b610a"/><file name="iframe.gif" hash="a1af02e9ba370f64297087b46e80591e"/><file name="pagebreak.gif" hash="48872075f721bf57a517e3275d61c0ba"/><file name="quicktime.gif" hash="61da1ff8729ca5016344c4e8eb173369"/><file name="realmedia.gif" hash="b9734ee16d790e67bea01046feba28b7"/><file name="shockwave.gif" hash="1ce7d48784981aac9d4375cf2effdc4d"/><file name="trans.gif" hash="12bf9e19374920de3146a64775f46a5e"/><file name="video.gif" hash="f85c56813ea016a75e496bba50d66ab4"/><file name="windowsmedia.gif" hash="c327cd167b3a7bc263d908b0d0154ead"/></dir><dir name="js"><file name="about.js" hash="606c16492a17240ebded6e9fce75a555"/><file name="anchor.js" hash="da6a28397899bec3570216b2d2106684"/><file name="charmap.js" hash="02f40a38033ef8a0abeac870e5f4eda8"/><file name="color_picker.js" hash="cfc0f59a846661e748cae1c0adca77dc"/><file name="image.js" hash="75df8142a91f0245367e4121a2da7065"/><file name="link.js" hash="71949506dce04e923bbbc2ecc8ab5f1f"/><file name="source_editor.js" hash="4cbdfdf929a0949070f4d7ab4818b0f2"/></dir><dir name="langs"><file name="en.js" hash="58c814313230f1dec07fe45ad5f304e5"/><file name="en_dlg.js" hash="3a2c8aed5b7579ae45be6bd2b34ef06b"/></dir><file name="link.htm" hash="65c56f5a6d714fdbdc47c68ec9422976"/><file name="shortcuts.htm" hash="2bae05c8667b54b9ec019b529e743327"/><dir name="skins"><dir name="default"><file name="content.css" hash="1779499935490440d7a2423157756bc5"/><file name="dialog.css" hash="ab94126c11ff9c79445cc4ad537b2823"/><dir name="img"><file name="buttons.png" hash="33b2f2e08cc3ade5254fec64c4183558"/><file name="items.gif" hash="d201498a710fc8aac6e117820b9814b7"/><file name="menu_arrow.gif" hash="e21752451a9d80e276fef7b602bdbdba"/><file name="menu_check.gif" hash="c7d003885737f94768eecae49dcbca63"/><file name="progress.gif" hash="50c5e3e79b276c92df6cc52caeb464f0"/><file name="tabs.gif" hash="6473bbcd0a011e9fcdd9f777ef437410"/></dir><file name="ui.css" hash="823d750bb9c2bde55084d322f44b17c1"/></dir><dir name="highcontrast"><file name="content.css" hash="8294a1222d0ab5fa7520879cc9073e85"/><file name="dialog.css" hash="f6e95a7450471eb7473f8dbc3e6b6581"/><file name="ui.css" hash="1bdbee2f94594ca00c65b4d6a930bbf6"/></dir><dir name="o2k7"><file name="content.css" hash="c696812903368f41cd65616574c81484"/><file name="dialog.css" hash="661f54aa4a283b67c0acd25f91f2f213"/><dir name="img"><file name="button_bg.png" hash="36fd9fbd748860f515df259443367163"/><file name="button_bg_black.png" hash="9645f90b37102a3618a52be18b74b02b"/><file name="button_bg_silver.png" hash="15fbf2b4a20dbaa86205af6764f4fee4"/></dir><file name="ui.css" hash="a108668128c143e61bc44990dff89fe6"/><file name="ui_black.css" hash="ba8d82d9bff6e2854b29b1f97ead05fe"/><file name="ui_silver.css" hash="b42c7d51247d02ddca437a1661e748e5"/></dir></dir><file name="source_editor.htm" hash="42f3a13b55ffcf7c2d3ab768012abfcc"/></dir><dir name="simple"><file name="editor_template.js" hash="3ac3fd3129ee9605052b8470f8d58538"/><file name="editor_template_src.js" hash="409e0cce50eb6c62463d6dd9c6120859"/><dir name="img"><file name="icons.gif" hash="273dad62be4d114c5d52210b50a5838f"/></dir><dir name="langs"><file name="en.js" hash="50dce0602a45ba9fac56f12f76a63ec3"/></dir><dir name="skins"><dir name="default"><file name="content.css" hash="0f70f3ca9624e252d1c41ea064fc65e7"/><file name="ui.css" hash="c46c68283c617bb61dada1cd2494dd9f"/></dir><dir name="o2k7"><file name="content.css" hash="eb7a087c67578b6e3b5e0987caa4ba64"/><dir name="img"><file name="button_bg.png" hash="405ca3d63b48667ef485553192507f59"/></dir><file name="ui.css" hash="f0ec0273462e01b81e1dfd292f64451e"/></dir></dir></dir></dir><file name="tiny_mce.js" hash="199630688fff7a8bb0a549cd80187cbd"/><file name="tiny_mce_dev.js" hash="3a3819b032736635cc608076a02b3dbe"/><file name="tiny_mce_jquery.js" hash="87ee7a1967b86d56f5cdb1ba985ef4ce"/><file name="tiny_mce_jquery_src.js" hash="212727559aacdd03ea9ae6f5c6ede65a"/><file name="tiny_mce_popup.js" hash="5a318277fedf491a0301e177a9ef10b3"/><file name="tiny_mce_prototype.js" hash="0c65808fab93d86cf8552976f691b9c8"/><file name="tiny_mce_prototype_src.js" hash="3629c32a57bcf63cb52f455f18709223"/><file name="tiny_mce_src.js" hash="98575c8e6816a36f73145c2d97b0846a"/><dir name="utils"><file name="editable_selects.js" hash="e760eb21f60892a1ef2298da7df313e5"/><file name="form_utils.js" hash="579b2803ffca7953c50f53dcbef5df7e"/><file name="mctabs.js" hash="51b9bfe349fe76204ac5b65254bbef6f"/><file name="validate.js" hash="bfbaf5dc8058ff772afe2d87f4e82fbf"/></dir></dir></dir></target></contents>
    <compatible/>
    <dependencies><required><php><min>5.2.0</min><max>6.0.0</max></php></required></dependencies>
</package>
