<?xml version="1.0"?>
<package>
    <name>Lib_Google_Checkout</name>
    <version>1.9.3.6</version>
    <stability>stable</stability>
    <license>Apache License</license>
    <channel>community</channel>
    <extends/>
    <summary>Google Checkout Library</summary>
    <description>Google Checkout Library</description>
    <notes>1.9.3.6</notes>
    <authors><author><name>Magento Core Team</name><user>core</user><email>core@magentocommerce.com</email></author></authors>
    <date>2017-09-14</date>
    <time>17:34:19</time>
    <contents></contents>
    <compatible/>
    <dependencies><required><php><min>5.2.0</min><max>6.0.0</max></php></required></dependencies>
</package>
