<?xml version="1.0"?>
<package>
    <name>Lib_Js_Mage</name>
    <version>1.9.3.4</version>
    <stability>stable</stability>
    <license>Mixed</license>
    <channel>community</channel>
    <extends/>
    <summary>Javascript Libraries for Magento</summary>
    <description>Javascript Libraries for Magento</description>
    <notes>1.9.3.4</notes>
    <authors><author><name>Magento Core Team</name><user>core</user><email>core@magentocommerce.com</email></author></authors>
    <date>2017-07-07</date>
    <time>13:01:30</time>
    <contents><target name="mageweb"><dir name="js"><dir name="lib"><file name="FABridge.js" hash="64244d8d58abd42bd71f0ee3309767ad"/><file name="boxover.js" hash="a5ade77452e8d5066cb84dcac3d34ed5"/><file name="ccard.js" hash="d3e849be0977d53de4af933b40293ff6"/><file name="dropdown.js" hash="e52e658cc346299af215c9464caca92b"/><file name="ds-sleight.js" hash="85af457d444865d1587bfe4875bd4fc6"/><file name="flex.js" hash="1d12e583109a611dff2dfb01f6454ff6"/><dir name="jquery"><file name="jquery-1.10.2.js" hash="91515770ce8c55de23b306444d8ea998"/><file name="jquery-1.10.2.min.js" hash="841dc30647f93349b7d8ef61deebe411"/><file name="jquery-1.10.2.min.map" hash="6c3ccfc221d36777d383b6e04d0b8af9"/><file name="jquery-1.12.0.js" hash="cd0095b52c4242a8aea3ae91aba35ea8"/><file name="jquery-1.12.0.min.js" hash="cbb11b58473b2d672f4ed53abbb67336"/><file name="jquery-1.12.0.min.map" hash="829c109a5ab3f33acdbd1dcc9819772e"/><file name="noconflict.js" hash="446b84d6977d6498ad046cab2dcffe17"/></dir><dir name="uploader"><file name="flow.min.js" hash="a82a557db407b53d5909fa4e1833a596"/><file name="fusty-flow-factory.js" hash="b3f49be0f28be74e8b8bb76496c52bc3"/><file name="fusty-flow.js" hash="302f440908837093fd4e9b6e76ec01e0"/></dir></dir><dir name="mage"><dir name="adminhtml"><file name="accordion.js" hash="7dbfeb8d7e2f3db45a06431eb08c0747"/><file name="backup.js" hash="fd0f9f88969424c293e025e943efca4b"/><file name="browser.js" hash="902dd0baf97e8fe6ea1451c5189965eb"/><file name="events.js" hash="869ae96fa693f59eedf9dc03e0946266"/><file name="flexuploader.js" hash="11671ff496941d3b0f5a8f7bbefb3d6a"/><file name="form.js" hash="f484aa6b08343b17519f2287d09c1625"/><file name="giftmessage.js" hash="cb8ace68173e7653f7d086640fc120c5"/><dir name="giftoptions"><file name="tooltip.js" hash="c16eac457f472d6693463339ea0eb19f"/></dir><file name="grid.js" hash="909df7521b6927a8ddd96ac4d3c3969e"/><file name="hash.js" hash="fd78161541ce5ebde12421fec9d5cd94"/><file name="image.js" hash="ee4a86d55e8c0b4c0ec77376bda602b7"/><file name="loader.js" hash="79c624d4f39398ed9cf3fe9e41ba0e28"/><file name="magento-all.js" hash="a7b9f5ab0c6488b6ae51eb6d0214d0c0"/><dir name="product"><dir name="composite"><file name="configure.js" hash="855e78deff3febcb01a65e690cea9e56"/></dir></dir><file name="product.js" hash="356497d3819ccdd9df7e4811bc376dca"/><file name="rules.js" hash="7a8fdb6b537bcc593032280d02013b83"/><dir name="sales"><file name="packaging.js" hash="8f5126789ce1b903cb1658d3f3b30d29"/></dir><file name="sales.js" hash="4b4cc67bdb0c87ec0545c23d9afc0df0"/><file name="scrollbar.js" hash="741dd7ae5ab1f22adaa633d6917ce03e"/><file name="tabs.js" hash="3b013bbc8ef0406a332ddbbfaffbf7b0"/><file name="tools.js" hash="cb453762423578b0e32c8eb94e10a62d"/><dir name="uploader"><file name="instance.js" hash="84b334e08d50cffaacb0e70182a32f4e"/></dir><file name="uploader.js" hash="14e735d935a7ee9677ec6a8cc693c282"/><file name="variables.js" hash="4b348da25d2383b8a8487a09c0571fc0"/><dir name="wysiwyg"><dir name="tiny_mce"><dir name="plugins"><dir name="magentovariable"><file name="editor_plugin.js" hash="deab8341edf7bb52e99e0839547484cb"/><dir name="img"><file name="icon.gif" hash="682b29a0e734f952cb2edabede6a25d1"/></dir></dir><dir name="magentowidget"><file name="editor_plugin.js" hash="3f8ada1d62ed73fe82f9248765fcbf44"/><dir name="img"><file name="icon.gif" hash="532c141286373f098f1f4362e001c7f8"/></dir></dir></dir><file name="setup.js" hash="5a318d3d435387cda94bb0a6bf896392"/><dir name="themes"><dir name="advanced"><dir name="skins"><dir name="default"><file name="content.css" hash="b099c69006a699cecd2e923d85a467df"/><file name="dialog.css" hash="c8b22911674de95df33d3b6041643747"/></dir></dir></dir></dir></dir><file name="widget.js" hash="0c8c4bb2a2b970f6d324e245eb06ef8d"/></dir></dir><file name="captcha.js" hash="a0ef3726e87bdc55162d007a00a0a159"/><file name="centinel.js" hash="2660ff1f1e24e8dafb93d758fbaf0c25"/><file name="cookies.js" hash="e3d2baae09d66cc6a4ba88d285bcfc06"/><file name="directpost.js" hash="2369304d8a9015efc9656f07d7d3de9d"/><file name="translate.js" hash="5b4603e2ffc1034b49aca54916423de4"/><file name="translate_inline.css" hash="7986802fee3c5d01b80f5c5d46b91b46"/><file name="translate_inline.js" hash="55941704b38897be5673d3dca46bd78d"/></dir><dir name="varien"><file name="accordion.js" hash="9df15aca9533980c947c235b798fc0b9"/><file name="configurable.js" hash="2783108cca3528ab0ff37c775237161a"/><file name="form.js" hash="e28a9a6f6b08a0f5f1d496fe0aba9cc0"/><file name="iehover-fix.js" hash="3541d39c15ac4b734dc4b2215d966ca8"/><file name="js.js" hash="ecf848beb18697726f2ff046ca643216"/><file name="menu.js" hash="4baf5a8a19eb44c6d26db3260e59c318"/><file name="payment.js" hash="b0fa30cb88df701c17b3a49478d07358"/><file name="product.js" hash="7bfbed204c76a00b2148ed5226540401"/><file name="product_options.js" hash="d730d38e0e88ff7ccfa3e0b07af40d30"/><file name="telephone.js" hash="de6e70f8f5370979e32db3fcd5bf09d9"/><file name="weee.js" hash="054ee566de799c5528a2a2242e56365c"/></dir><file name="blank.html" hash="d41d8cd98f00b204e9800998ecf8427e"/><file name="index.php" hash="7c76643f3ad5b5b89fb091133f84c201"/><file name="spacer.gif" hash="df3e567d6f16d040326c7a0ea29a4f41"/><dir name="flash"><file name="AC_RunActiveContent.js" hash="3e038cea960c1b650442b85cea237053"/></dir></dir></target></contents>
    <compatible/>
    <dependencies><required><php><min>5.2.0</min><max>6.0.0</max></php><package><name>Lib_Js_Prototype</name><channel>community</channel><min>1.9.3.4</min><max>1.9.3.4</max></package></required></dependencies>
</package>
