<?xml version="1.0"?>
<package>
    <name>Lib_Varien</name>
    <version>1.9.3.9</version>
    <stability>stable</stability>
    <license uri="http://opensource.org/licenses/osl-3.0.php">OSL v3.0</license>
    <channel>community</channel>
    <extends/>
    <summary>Varien Library</summary>
    <description>Varien Library</description>
    <notes>1.9.3.9</notes>
    <authors><author><name>Magento Core Team</name><user>core</user><email>core@magentocommerce.com</email></author></authors>
    <date>2018-05-16</date>
    <time>19:11:16</time>
    <contents><target name="magelib"><dir name="Varien"><file name="Autoload.php" hash="f95cf98bb8d81e13b862777427d70277"/><dir name="Cache"><dir name="Backend"><file name="Database.php" hash="f10f11b0cd11baed0cb2306a9443a6cd"/><file name="Eaccelerator.php" hash="cc97685065562865dba40b108edf32b6"/><file name="Memcached.php" hash="7a5c748a9f2eeec61cc07d9de9472387"/></dir><file name="Core.php" hash="c5b5ad380e58fbc08318131523156b99"/></dir><dir name="Convert"><dir name="Action"><file name="Abstract.php" hash="f08cdad50faa8fccbc92e1de32241e64"/><file name="Interface.php" hash="f98e70c7da35df8e10fd94d60e2ff449"/></dir><file name="Action.php" hash="3b97e7c79ff9eb71e3f0526e876896c0"/><dir name="Adapter"><file name="Abstract.php" hash="9e95ba1f0a96c078834b7ccaebc09e62"/><dir name="Db"><file name="Table.php" hash="54727e849fe22ff68ab63492d503010f"/></dir><dir name="Http"><file name="Curl.php" hash="5955504a3ccbc61715d40c14bb4a7f62"/></dir><file name="Http.php" hash="7e12f3e9e1b2a182889f474c07a6a975"/><file name="Interface.php" hash="4ecd613e941abf46798154cac25bbe5c"/><file name="Io.php" hash="44fa563ae5aa2121f174146f93d25972"/><file name="Soap.php" hash="e925540ce1d250606ce93e6799d25722"/><file name="Std.php" hash="2c0b95e5b951aa2d7295c0ca0e96302d"/><dir name="Zend"><file name="Cache.php" hash="ab00f6b0e4765ab05635dc028d849829"/><file name="Db.php" hash="9b8a7aa60eb6d48b05bcf7346ac49bff"/></dir></dir><dir name="Container"><file name="Abstract.php" hash="e405297bed690cb85db8b3ba128064f9"/><file name="Collection.php" hash="9479ab2fd8053670c9bca6a3a29f9771"/><file name="Generic.php" hash="4d1af502665cc2358cdd42a36da2965f"/><file name="Interface.php" hash="312ab40a2a6060f4bf6849d4ecc5af2b"/></dir><file name="Exception.php" hash="c198c87ac4077346323921516318f55d"/><dir name="Mapper"><file name="Abstract.php" hash="4fc92ece94b10c34ad7652ae65a73b67"/><file name="Column.php" hash="6e4608ee0bc9b90a8cd6d384e63c2e2d"/><file name="Interface.php" hash="09efdacbea50e9238229dfa74d401f07"/></dir><dir name="Parser"><file name="Abstract.php" hash="382e8b73bbd42ac0a016eab4e025c033"/><file name="Csv.php" hash="792baac6606d380c8992f337506797ad"/><file name="Interface.php" hash="06a65a77e00f63e75d4c8471ba5fee53"/><file name="Serialize.php" hash="66712f86ef3c72475b5f2437232533cd"/><dir name="Xml"><file name="Excel.php" hash="bd3fccae662ee6f9a457277a1b61d4b4"/></dir></dir><dir name="Profile"><file name="Abstract.php" hash="eb43c2ef32390fbc68cbbab9a635fbe2"/><file name="Collection.php" hash="1a8f9975c44e6ee9ab0e5ed417ebb69c"/></dir><file name="Profile.php" hash="0370c1e24bcc52c50c3ec010464068d6"/><dir name="Validator"><file name="Abstract.php" hash="c30d6ea61664e526b80693747fab8dca"/><file name="Column.php" hash="cf76fe39fa11750d6d5ecf7d49704f62"/><file name="Dryrun.php" hash="6fb6fa70b9e50086da18c6f410d129c7"/><file name="Interface.php" hash="0c3882b052cca2e3288aedee02989830"/></dir></dir><file name="Convert.php" hash="46a7e86a8ace0c13b521b7fea63e12e6"/><dir name="Crypt"><file name="Abstract.php" hash="eb1cafa758bddb5e4b16d82a6c58c53b"/><file name="Mcrypt.php" hash="029c1701f5d850bf9b636b2ab0e8aa25"/></dir><file name="Crypt.php" hash="2961fc8be8f2a01c697ef0c80fdd5f05"/><dir name="Data"><dir name="Collection"><file name="Db.php" hash="360d280e1e465aa4798ec000c143d8ed"/><file name="Filesystem.php" hash="edf7736ae0592e7b037a8055956ca038"/></dir><file name="Collection.php" hash="a6a58e45c273c3e80482692801eca87d"/><dir name="Form"><file name="Abstract.php" hash="68e6d626779b575961957f0ba5764662"/><dir name="Element"><file name="Abstract.php" hash="fa28645308fa7afe0553ec4b9fc5a2eb"/><file name="Button.php" hash="14053ef464963479967e5d92b8f7f2e1"/><file name="Checkbox.php" hash="71be65c99441f9ebc266e52d5f0c3ce9"/><file name="Checkboxes.php" hash="7cfaa815ccfbfe7797140a305393ac0c"/><file name="Collection.php" hash="9cb710827d7833c3c163280db0a0f8ce"/><file name="Column.php" hash="981c5cc0eca4a5dc77cfebf88a30cf33"/><file name="Date.php" hash="206e89d0dc4ab59bc57ff84690b9b068"/><file name="Datetime.php" hash="c1f342fe6639eaf9ebe7b4cce7a86295"/><file name="Editor.php" hash="53ba59a7010fdb301c035cac8f0c3760"/><file name="Fieldset.php" hash="45f2e0e602644fd44758b3be880629fc"/><file name="File.php" hash="cbe609ce2ce4c791f9249d06e3be6c7c"/><file name="Gallery.php" hash="87a3207d14500cd65725a66918fae2a8"/><file name="Hidden.php" hash="e8b46511eea3a5233071a137fcefe406"/><file name="Image.php" hash="a27af0545a6795b543e4a74baeca06c0"/><file name="Imagefile.php" hash="c665eaae499b8a031b73a0dc7f785840"/><file name="Label.php" hash="28bf2d22964397d9299dd07470dcc3e3"/><file name="Link.php" hash="6528d397238cedd1377a8d5622d62291"/><file name="Multiline.php" hash="4d963a66cea1fc47a80007ac28c96a30"/><file name="Multiselect.php" hash="10593b01d8206c385366510ab7c7fa87"/><file name="Note.php" hash="40716d10385639bc3d02107682b81927"/><file name="Obscure.php" hash="36f7a3338959855a43c9e515b8d1fa6a"/><file name="Password.php" hash="7a2b4bb659b5de8636c1be54c72acd32"/><file name="Radio.php" hash="2d79fcc287e7ce2e270e80f835dba8a3"/><file name="Radios.php" hash="b49934be42ee2fabe8674b17986a8f2d"/><dir name="Renderer"><file name="Interface.php" hash="f29db3bc3a621fd234eb9002d01b5774"/></dir><file name="Reset.php" hash="37a93fe24e647569da0dc5e3ea6f6b9a"/><file name="Select.php" hash="10236470a728b841ade5e198ed649c6c"/><file name="Submit.php" hash="165d17de52334eb7d8e34e03d5f6fb7e"/><file name="Text.php" hash="c5ea165f4a51705857dca24390be50aa"/><file name="Textarea.php" hash="df882762f2c1d59a96f130b615453a23"/><file name="Time.php" hash="1135575de5522b7288b1cf47333af428"/></dir><dir name="Filter"><file name="Date.php" hash="3a824ffe28a4256bb565124900d3a4be"/><file name="Datetime.php" hash="746f36a2e7694a07c4055a9a0d8ea435"/><file name="Escapehtml.php" hash="5d1f6b46bcf48732a00431a1bc19aef8"/><file name="Interface.php" hash="d04e2fec8e5ac11670d7f55ddbd773bd"/><file name="Striptags.php" hash="17155dec034f60136dff596884f9e222"/></dir></dir><file name="Form.php" hash="21310a418407c727298db35a0daf1f3d"/><dir name="Tree"><file name="Db.php" hash="df3ea304d0cfb8cbd25c9d28c87703bd"/><file name="Dbp.php" hash="9c0d64b0f6ec2d09bac5a9a0092dc433"/><dir name="Node"><file name="Collection.php" hash="b70bd872ad6fdc73ecd7f0633952a381"/></dir><file name="Node.php" hash="607ff14056b49b7c51d31af235c33d41"/></dir><file name="Tree.php" hash="2bf738a89219853173d373acc9a640fb"/></dir><file name="Date.php" hash="fee00689f607a7ecf069e00c4187d5ee"/><dir name="Db"><dir name="Adapter"><file name="Interface.php" hash="c13a55c43bbaa8b566d6e2353944b890"/><file name="Mysqli.php" hash="b6c036d18132ca0ca80d26700751dd89"/><dir name="Pdo"><file name="Mysql.php" hash="6d9d8d7c48d5afac49fa92ef90c48611"/></dir></dir><dir name="Ddl"><file name="Table.php" hash="20a1563e2610e6161317b17e3f81d1c0"/></dir><file name="Exception.php" hash="c099346a2e4c0c9034a6e7630778f7e8"/><file name="Helper.php" hash="73eedcb369100f90eefaa80a766c64c4"/><file name="Select.php" hash="f0b8f7a95449c9d8b0317e779e9ede68"/><dir name="Statement"><file name="Parameter.php" hash="eb73496668b9d0112e6697c1216a5346"/><dir name="Pdo"><file name="Mysql.php" hash="fd1e46ceb0b9ac253b33371317375e8f"/></dir></dir><dir name="Tree"><file name="Exception.php" hash="19dbeee477e639b088ee807e4bd84dc2"/><dir name="Node"><file name="Exception.php" hash="b18689e161efa37981ea924e70d87738"/></dir><file name="Node.php" hash="fd4896d033af1c9fa7762ab4d88be3b3"/><dir name="NodeSet"><file name="Exception.php" hash="142dfe2d6b0fd295b513f62a5870b4d3"/></dir><file name="NodeSet.php" hash="ae772ac03fba4ff292fa6fa08d51ad3d"/></dir><file name="Tree.php" hash="4081f9dde4cc5fc216b2eb36b5bf62e8"/></dir><file name="Debug.php" hash="f28e98293553fa1a2552a4ef444eef75"/><dir name="Directory"><file name="Collection.php" hash="e5f1c5052a3a749ebcdea94694a3aaa2"/><file name="Factory.php" hash="f1fd7212a10c6a9cb7ebe9ab21e91d77"/><file name="IFactory.php" hash="0d117aa06ac87f6e3c5f09766b38e13a"/><file name="a.txt" hash="026e450c46ac92ea375302955a4f42fb"/></dir><dir name="Event"><file name="Collection.php" hash="9d99e1a5b2d678c8009f7b672cbae4c6"/><dir name="Observer"><file name="Collection.php" hash="200b88fec0363e745e83dbc789173af0"/><file name="Cron.php" hash="c05f829caafdcb21ae6b4902f660f95d"/><file name="Regex.php" hash="e988f035c549b6b15c0e244a1bb11367"/></dir><file name="Observer.php" hash="66c279124f63bc73c24ce63a86d97ed6"/></dir><file name="Event.php" hash="4ce1363eee411291fc83db4c0669e619"/><file name="Exception.php" hash="f942caba0b856d4c84c9c23857323ca6"/><dir name="File"><file name="Csv.php" hash="78ad2ad633e37aad62178af9d479aaee"/><file name="CsvMulty.php" hash="cc7c533d96bb9b633462604d9493e4fe"/><file name="Object.php" hash="3b4e18159835d64b27fc2b09cdb21aa2"/><dir name="Transfer"><dir name="Adapter"><file name="Http.php" hash="f51917fa3176f40947213242b104b467"/></dir></dir><dir name="Uploader"><file name="Image.php" hash="c69ac6f559f7e35e987a19cf792d162a"/></dir><file name="Uploader.php" hash="cce8ab39e60b9ff3e623a1bd16a162d1"/></dir><dir name="Filter"><dir name="Array"><file name="Grid.php" hash="f717b1ef6e91b580f1ac491691f9edaf"/></dir><file name="Array.php" hash="fd5dabce1a8280ebab4ff47505005619"/><file name="Email.php" hash="d9f891cf1c048108cbfc0247990e8fb3"/><file name="FormElementName.php" hash="1726a40e399ca9418aa2c9a6730dbb8c"/><file name="Money.php" hash="63d238c3555094ade8a14eb6d42010af"/><dir name="Object"><file name="Grid.php" hash="850263994ebc6ad5edeb483f317db179"/></dir><file name="Object.php" hash="b315a6ae1f95f31787474cf694d6bbc8"/><file name="Sprintf.php" hash="2fffd1470053951886d7a574f3671497"/><dir name="Template"><file name="Simple.php" hash="a23d47096582716a01f55d25e6f267e0"/><dir name="Tokenizer"><file name="Abstract.php" hash="78735e5cc10d138e57913a465086de5f"/><file name="Parameter.php" hash="dcaa7d54f6f9bbc7cc46580c468e82cb"/><file name="Variable.php" hash="176437ed02703970392956e3ebe1a635"/></dir></dir><file name="Template.php" hash="f68942ca438fd163b3e7d61c14d708c5"/></dir><dir name="Http"><dir name="Adapter"><file name="Curl.php" hash="5cd76ff6c6abee1bb9d68761af446ca9"/></dir><file name="Client.php" hash="f10044719a133419d9f262507f75c75f"/></dir><dir name="Image"><dir name="Adapter"><file name="Abstract.php" hash="0812e524a0467377ca8a7f7a8e3fd0af"/><file name="Gd2.php" hash="c6b0d8ae75d76f82d347ff84e1f27f74"/></dir><file name="Adapter.php" hash="971f7941dec2fa4d542fea26e092a9ce"/></dir><file name="Image.php" hash="f3ceb270d95ad7447a22b3b7b2207eae"/><dir name="Io"><file name="Abstract.php" hash="a0013ae157c383c79396cca3a3f95104"/><file name="Exception.php" hash="a7785c16c28846d4d269634b0577b75d"/><file name="File.php" hash="3cb64844e4235f3bacdd27e3dbc40b1d"/><file name="Ftp.php" hash="26f51613ff21c56401d7a6e619e6d128"/><file name="Interface.php" hash="5cfdbec1a6c94d0c47ceb84ca06c1252"/><file name="Sftp.php" hash="d31c91e2af9a7f136b679c73c9306108"/></dir><dir name="Object"><file name="Cache.php" hash="185457f3c1b369d8bc44c2550ebb7790"/><file name="Mapper.php" hash="6ba50bea44b2a5d7d8174f6caca95838"/></dir><file name="Object.php" hash="73b091578424f92b65725403f083cd63"/><dir name="Pear"><file name="Frontend.php" hash="83313301512d529f71a8c3bdbd39a5ff"/><file name="Package.php" hash="3084b59014bbd3fad2466fcf8072c04c"/><file name="Registry.php" hash="31ec6e3fd934f097bd0c1d308d6d4b8d"/></dir><file name="Pear.php" hash="960057984b3515d6a337be700abbd257"/><file name="Profiler.php" hash="98121aa7a444c9bdf2064354a0797996"/><dir name="Simplexml"><dir name="Config"><dir name="Cache"><file name="Abstract.php" hash="63b77872096068ff5b122258272516d3"/><file name="File.php" hash="7f6d2894e22a668cbec7218421afec24"/></dir></dir><file name="Config.php" hash="88f772f3d981ff18100336957aa75183"/><file name="Element.php" hash="a55c460c2002e788cc7b28e0d49bd5d9"/></dir></dir></target></contents>
    <compatible/>
    <dependencies><required><php><min>5.2.0</min><max>6.0.0</max></php><package><name>Lib_ZF</name><channel>community</channel><min>1.12.10.14</min><max>1.12.10.14</max></package><extension><name>PDO</name><min/><max/></extension><extension><name>SPL</name><min/><max/></extension><extension><name>curl</name><min/><max/></extension><extension><name>SimpleXML</name><min/><max/></extension><extension><name>dom</name><min/><max/></extension><extension><name>gd</name><min/><max/></extension><extension><name>iconv</name><min/><max/></extension><extension><name>pdo_mysql</name><min/><max/></extension><extension><name>mcrypt</name><min/><max/></extension><extension><name>pcre</name><min/><max/></extension><extension><name>Reflection</name><min/><max/></extension><extension><name>session</name><min/><max/></extension></required></dependencies>
</package>
