<?xml version="1.0"?>
<package>
    <name>Lib_Mage</name>
    <version>1.9.3.9</version>
    <stability>stable</stability>
    <license uri="http://opensource.org/licenses/osl-3.0.php">OSL v3.0</license>
    <channel>community</channel>
    <extends/>
    <summary>Mage Library</summary>
    <description>Mage Library</description>
    <notes>1.9.3.9</notes>
    <authors><author><name>Magento Core Team</name><user>core</user><email>core@magentocommerce.com</email></author></authors>
    <date>2018-05-16</date>
    <time>19:11:14</time>
    <contents><target name="magelib"><dir name="Mage"><dir name="Archive"><file name="Abstract.php" hash="7219e31d44a1ad2263795f24f80fd557"/><file name="Bz.php" hash="ddda0a3dfbb7b81ce9a6e69c6b44e540"/><file name="Gz.php" hash="385b2740aacefcd317273448ed95ef83"/><dir name="Helper"><dir name="File"><file name="Bz.php" hash="0611e0df836dafa206aeac06ab609724"/><file name="Gz.php" hash="13c15537156d0293cc86588cca629267"/></dir><file name="File.php" hash="314284e414f094c7e7ea81ffe8f6a9ee"/></dir><file name="Interface.php" hash="212679c1c16ad7e35eff39e55c2ec510"/><file name="Tar.php" hash="93dce1abf2d3b717778aff701ce35d40"/></dir><file name="Archive.php" hash="736c17d5666816627fba72fe7d4f6140"/><dir name="Autoload"><file name="Simple.php" hash="aacee169c0bdcd87e470269641473631"/></dir><dir name="Backup"><file name="Abstract.php" hash="c3de48d5961070832d1ed0f7177ee4a2"/><dir name="Archive"><file name="Tar.php" hash="8bd53f96d6ba93d5887b0e7aa72f9269"/></dir><file name="Db.php" hash="89f62bd52b21db1dd708a02ae4347248"/><dir name="Exception"><file name="CantLoadSnapshot.php" hash="4f53c1142257ab85784198a402d2f425"/><file name="FtpConnectionFailed.php" hash="5fefd3d3b8be727781a6f5fdb138852f"/><file name="FtpValidationFailed.php" hash="cec68f36cf698a50e41471d46722d57c"/><file name="NotEnoughFreeSpace.php" hash="ccdd5e27479a58a1b3866c64533822c1"/><file name="NotEnoughPermissions.php" hash="3afd5fa76513cc11b55082bab2ebeb26"/></dir><file name="Exception.php" hash="d75dc453d7950a04329ba6309da002a9"/><dir name="Filesystem"><file name="Helper.php" hash="dc10bc252a7a55258278f52c5165f172"/><dir name="Iterator"><file name="File.php" hash="c85c788b168fc0a4645a4cdaf10caa80"/><file name="Filter.php" hash="174deec59e7fe57014725a3a623b074c"/></dir><dir name="Rollback"><file name="Abstract.php" hash="271c9e6032f86e8d71e660b9778e71a9"/><file name="Fs.php" hash="c6ca689d7bfd4c0fe4101ccb74a96c97"/><file name="Ftp.php" hash="c6f3318d266f386a52be726b3ed28c20"/></dir></dir><file name="Filesystem.php" hash="a2ac0ad741f06e862da5cc2a8d0c3a36"/><file name="Interface.php" hash="2550d86498a20a3d5d83672415ae7f91"/><file name="Media.php" hash="dd1f7d5304b53206c6d770ae668d254b"/><file name="Nomedia.php" hash="1d7f11e8507fbba3893be459d331891b"/><file name="Snapshot.php" hash="d3b7c974ed49905937cde4b69075ab4e"/></dir><file name="Backup.php" hash="951e7982ed239d7799e7722ac67435eb"/><dir name="Cache"><dir name="Backend"><file name="File.php" hash="458b0c266c9bc8a191335442522a645b"/><file name="Redis.php" hash="c398f19df4b0aef55450a14747f3c61b"/></dir></dir><dir name="Connect"><dir name="Channel"><file name="Generator.php" hash="b3dbdf1fdd1d5a462a522c68627d2bba"/><file name="Parser.php" hash="f4bd67eec5dc2f2deb2c0a800521662f"/><file name="VO.php" hash="38e61a3a3b877639cdeb427f8746ced1"/></dir><dir name="Command"><file name="Channels.php" hash="c13a8190309ee8b816eb044422d02dc4"/><file name="Channels_Header.php" hash="ef497284ed4c24aa7234dbfe48d238dc"/><file name="Config.php" hash="33bff8743fd8a86cb292f3e94edbdf50"/><file name="Config_Header.php" hash="11b772152974cbd6be72b76335a91896"/><file name="Install.php" hash="19de11c9f04c7b1a161a23fa843f5a1e"/><file name="Install_Header.php" hash="5bd1465e62f45dc30cb8f249c399a65e"/><file name="Package.php" hash="79fd89514981e32d13de63a6d8cf164a"/><file name="Package_Header.php" hash="f30cba27b0e6233f39bf5dcd06af3ba5"/><file name="Registry.php" hash="e88277d0fdeffae71097cc4d4cbe8441"/><file name="Registry_Header.php" hash="9fa6bff3f86a4e7a87d9ca50000ef999"/><file name="Remote.php" hash="1291065611ca8320c6948d1f1e458857"/><file name="Remote_Header.php" hash="27419e6e322ce60848994cc45bc71bcd"/></dir><file name="Command.php" hash="bc170c01333fc3867a6cd537219a4c10"/><file name="Config.php" hash="56b877abd4a1604e1989bea18473418d"/><file name="Converter.php" hash="fea5425f9074136c9fc10d6d7b15a4f8"/><dir name="Frontend"><file name="CLI.php" hash="abb0ea49598d20bb2c4b91a507e6e2a0"/></dir><file name="Frontend.php" hash="39e10184f8d83572b5edbea240642cfa"/><file name="Ftp.php" hash="ecc1ee16683875cc8779ff22168508fb"/><dir name="Loader"><file name="Ftp.php" hash="b59ab0750f9ad9f8462ec43583eb8d3e"/></dir><file name="Loader.php" hash="355ed95e925fa98bdec382f37cfeeb39"/><dir name="Package"><file name="Extension.php" hash="f4bd67eec5dc2f2deb2c0a800521662f"/><file name="Hotfix.php" hash="31f281c8485a8c010230eebc64d2fdc9"/><file name="Maintainer.php" hash="f4bd67eec5dc2f2deb2c0a800521662f"/><file name="Reader.php" hash="94dd06082e803182e7d54a9b6a3a9117"/><file name="Target.php" hash="3769c486343cee9e9c20ab0a7d211288"/><file name="VO.php" hash="bfbe38745c9f36fe9b79aa1c0bf3c106"/><file name="Writer.php" hash="19ea81f6f2dc4d2828ebecf7ba84ca44"/></dir><file name="Package.php" hash="1b3f2d9c00d37cd66edae1068ae7ace4"/><file name="Packager.php" hash="002b9d6df3513b2e6622d5a92888d976"/><dir name="Repository"><file name="Abstract.php" hash="f4bd67eec5dc2f2deb2c0a800521662f"/><dir name="Channel"><file name="Abstract.php" hash="f4bd67eec5dc2f2deb2c0a800521662f"/><file name="Commercial.php" hash="f4bd67eec5dc2f2deb2c0a800521662f"/><file name="Community.php" hash="f4bd67eec5dc2f2deb2c0a800521662f"/><file name="Core.php" hash="f4bd67eec5dc2f2deb2c0a800521662f"/></dir><file name="Channel.php" hash="f4bd67eec5dc2f2deb2c0a800521662f"/><file name="Local.php" hash="f4bd67eec5dc2f2deb2c0a800521662f"/></dir><file name="Repository.php" hash="f4bd67eec5dc2f2deb2c0a800521662f"/><file name="Rest.php" hash="62b4562a1ec60a923bd9360e4395ae1e"/><file name="Singleconfig.php" hash="03d046a07f52a29e27da2a184e61c5cd"/><dir name="Structures"><file name="Graph.php" hash="907ec31e395ed931d3468bab30c8a865"/><file name="Node.php" hash="bfa5cc71b8e0787ddf41917faaa8d859"/></dir><file name="Validator.php" hash="ea9b801aff843b3bda84200b9f612e76"/></dir><dir name="DB"><file name="Exception.php" hash="1651c02af32d13cb09f18e55fe41a454"/><file name="Mysqli.php" hash="1afea21a74a5c95afb3aa0fac88dd8f1"/></dir><file name="Exception.php" hash="b2841a64f422bb6de9ca9deb16483199"/><dir name="HTTP"><dir name="Client"><file name="Curl.php" hash="9fc530e406f64aadb1d18a8af8c22f9d"/><file name="Socket.php" hash="2403f0c937a01759262eca2bd838b13a"/></dir><file name="Client.php" hash="6de915c729f44d8700147a4929de5a08"/><file name="IClient.php" hash="1bb87d5c7b0027db0288a58d2691c1f8"/></dir><dir name="System"><file name="Args.php" hash="c95ce3451a31af33ed0a0987fc007a80"/><file name="Dirs.php" hash="557f6440351c8c0f5a34b30340ac2601"/><file name="Ftp.php" hash="d5d2052fd9d8799b4aaa26fc6bb2d05c"/></dir><dir name="Xml"><file name="Generator.php" hash="dbbf15cac6bef48830f921ece90b4382"/><file name="Parser.php" hash="4dab68fb16c447bf58897b57a9e7f589"/></dir></dir></target></contents>
    <compatible/>
    <dependencies><required><php><min>5.2.0</min><max>6.0.0</max></php></required></dependencies>
</package>
