<?xml version="1.0"?>
<package>
    <name>Lib_Varien</name>
    <version>1.9.3.6</version>
    <stability>stable</stability>
    <license uri="http://opensource.org/licenses/osl-3.0.php">OSL v3.0</license>
    <channel>community</channel>
    <extends/>
    <summary>Varien Library</summary>
    <description>Varien Library</description>
    <notes>1.9.3.6</notes>
    <authors><author><name>Magento Core Team</name><user>core</user><email>core@magentocommerce.com</email></author></authors>
    <date>2017-09-14</date>
    <time>17:34:21</time>
    <contents><target name="magelib"><dir name="Varien"><file name="Autoload.php" hash="cdc080a558d2f450bee288f3683d232f"/><dir name="Cache"><dir name="Backend"><file name="Database.php" hash="c25aefd286a4c2da555d25ffaa7cff90"/><file name="Eaccelerator.php" hash="4c717f86823cc05fa4fde64928f1c2f1"/><file name="Memcached.php" hash="9a7989a6198a10f282defeb1377a231e"/></dir><file name="Core.php" hash="46ddfbdbfc1e416751a4d4983266e000"/></dir><dir name="Convert"><dir name="Action"><file name="Abstract.php" hash="6315bd0b23ee5ad6b4d6587a593a90d3"/><file name="Interface.php" hash="8cfa1f52e1ec9153ba072321e439c3c6"/></dir><file name="Action.php" hash="d1ab50c94bc9f1f181473da29c7f49f2"/><dir name="Adapter"><file name="Abstract.php" hash="41a16ac372c22a363b3c32e315b2236a"/><dir name="Db"><file name="Table.php" hash="2fe680a5cbd52a500e7f762f92c83921"/></dir><dir name="Http"><file name="Curl.php" hash="0de18f5222cd99815788a6be41fca5ca"/></dir><file name="Http.php" hash="ef440d91ccb82209fd995cabe39b5f80"/><file name="Interface.php" hash="7c2046324d8d3918e1532b77f5ddac0d"/><file name="Io.php" hash="227cf32fd5c18f74bdc8c5c69cdcc7fc"/><file name="Soap.php" hash="7736a1f7c69cca6b6dd34dd326c85e62"/><file name="Std.php" hash="72e39e5c48b90d2d10ea1454f21465ba"/><dir name="Zend"><file name="Cache.php" hash="5166b645b64163082799f4956a628886"/><file name="Db.php" hash="4c3c4baebe700e3c823c9b8b943c4666"/></dir></dir><dir name="Container"><file name="Abstract.php" hash="0a6daa7dbd13dce7e7124692ae78c1bf"/><file name="Collection.php" hash="525eaae833515b1fd043e138c91f87d9"/><file name="Generic.php" hash="254f03fb60cb438b207e54e0aa37ba25"/><file name="Interface.php" hash="79a1f6191f45d78a4c8b743dd892bdf9"/></dir><file name="Exception.php" hash="1c033ba63db8642c91f465efad847d71"/><dir name="Mapper"><file name="Abstract.php" hash="a098f641462303793c1689329bd41196"/><file name="Column.php" hash="e3eca0397075d1fce407663ad9648f79"/><file name="Interface.php" hash="8db0f1607f2debf494d8b787d1149d3d"/></dir><dir name="Parser"><file name="Abstract.php" hash="44ffb2cb59dc116f01414dd9135ddbaf"/><file name="Csv.php" hash="eeef20a3ecb7ab1923b45a94c369fc7c"/><file name="Interface.php" hash="3844f8420b99343f955c16d106862991"/><file name="Serialize.php" hash="993fd03431c93574421f3df13664bf51"/><dir name="Xml"><file name="Excel.php" hash="b90e7f96601022a5835601f4ae504d00"/></dir></dir><dir name="Profile"><file name="Abstract.php" hash="0217215b0e8962500edebcb02a4628e8"/><file name="Collection.php" hash="01d1338565a9ec4110be3829757664ae"/></dir><file name="Profile.php" hash="59dca56ac98f43833836c85c7cccf686"/><dir name="Validator"><file name="Abstract.php" hash="6e6fed2a6b7fed5e7e259b9b922bc74b"/><file name="Column.php" hash="da86642d7bd988a088f30861c429f6f6"/><file name="Dryrun.php" hash="5abf07fdb6e355669fd8c805cbd7f3bb"/><file name="Interface.php" hash="6f0b73fcd534383e949c9b18b7182d35"/></dir></dir><file name="Convert.php" hash="a9f2ea38046fc615eb985f74cfda9eb9"/><dir name="Crypt"><file name="Abstract.php" hash="03a1584edff395d55ee6045ec9ae0cbd"/><file name="Mcrypt.php" hash="fcc6c1e0a75bb536d1353dbe5a648493"/></dir><file name="Crypt.php" hash="7bea1818bd302091c98a58d45f4d64a4"/><dir name="Data"><dir name="Collection"><file name="Db.php" hash="a1b8274a3df357103baf73ca6f773e6b"/><file name="Filesystem.php" hash="8441d0d2b0a83f75044b534d25ad3f51"/></dir><file name="Collection.php" hash="b7561029ef619a40a8b41dca2b9ccc7d"/><dir name="Form"><file name="Abstract.php" hash="a45c043885c135dcbc6d0a570d256e18"/><dir name="Element"><file name="Abstract.php" hash="de46973e0bbbea55e2092ec306bf7f87"/><file name="Button.php" hash="907b5ffe245f73de36682fb2101c1216"/><file name="Checkbox.php" hash="8a1990e70b800eca03f6b821405d7e9d"/><file name="Checkboxes.php" hash="77005d5f0da3e8cab6715a9e7b58d9a1"/><file name="Collection.php" hash="ce6ca3ff0ee5aa641d2ab101aa1c451c"/><file name="Column.php" hash="7c08f04e4bfab4cdfdea41950728000d"/><file name="Date.php" hash="78efa3aa588192c70a0b6a1cdf8f9b8e"/><file name="Datetime.php" hash="6beaf42d67d01ca6aa942f1407f0345c"/><file name="Editor.php" hash="729a06d3ef7d10dd9f5f376f10b8f934"/><file name="Fieldset.php" hash="6adb3a7ea8d7cb2637cb5893aaae956f"/><file name="File.php" hash="7916978f873b60232330288f233c694b"/><file name="Gallery.php" hash="58e6edd6d2cf37982f49f48995f82825"/><file name="Hidden.php" hash="d74ef655432f1b90618a504c93534178"/><file name="Image.php" hash="c6b7ea1d6ce6c3e7600b43aa75906266"/><file name="Imagefile.php" hash="3d4ed751941602ebd1a050b52ad3d533"/><file name="Label.php" hash="16d3e817a3954d8a66373e75d93f76ed"/><file name="Link.php" hash="33f7a47011c8799a9096fc4510b34c6b"/><file name="Multiline.php" hash="0cdd428e5d2d8b5cf9d2e6ce51006258"/><file name="Multiselect.php" hash="19661f68feb38ad9bcfa3ac5181c9750"/><file name="Note.php" hash="99f88be7861447ef75832b676b98f21e"/><file name="Obscure.php" hash="302dfebf9541075d1cad4b859c30f19f"/><file name="Password.php" hash="57370468b5fd1842542b41c4a72a7fff"/><file name="Radio.php" hash="97a11fe34d48186a611b710dd5da3e35"/><file name="Radios.php" hash="8fc634c826bfe9171540fb3425d2369b"/><dir name="Renderer"><file name="Interface.php" hash="e1283cf71af1493f671241819722e20c"/></dir><file name="Reset.php" hash="e914ed7e6da4940c21766d942b357554"/><file name="Select.php" hash="2f526280079e59629cfb8b7d0a7e66f8"/><file name="Submit.php" hash="15f8f41b1a69f910910decd6b4dd3d69"/><file name="Text.php" hash="2b5cdce7fd45b9d23a312dce4967d68c"/><file name="Textarea.php" hash="e3226db55d11c6fc064d138989cd21ba"/><file name="Time.php" hash="aafc32a216de891b6bbcd40f88cd90c9"/></dir><dir name="Filter"><file name="Date.php" hash="d43d3df8dc3ff7d493e1f5e5e69ed833"/><file name="Datetime.php" hash="9d0a200df306a45707afeb0405949ebe"/><file name="Escapehtml.php" hash="10e9e7c460eb72ccb2fabe87c6d31b09"/><file name="Interface.php" hash="92df4bde1acaf898e65f4cda841e2b54"/><file name="Striptags.php" hash="cb3a956a32dde641d3efbf7199c05a71"/></dir></dir><file name="Form.php" hash="6c1fa95724edd1688105fcf0bcffc849"/><dir name="Tree"><file name="Db.php" hash="f5709e570288966be9ae6a94852a076c"/><file name="Dbp.php" hash="6b8c796c43b37f960446aaa1670a305d"/><dir name="Node"><file name="Collection.php" hash="240cf0566b6311c9e4d9129423ed1a78"/></dir><file name="Node.php" hash="9a15243a4d23a9d9d377836ce3124d31"/></dir><file name="Tree.php" hash="e9250e22e0d01dae34ebd60baf727722"/></dir><file name="Date.php" hash="4c50d6141d486f33d5ad3ba7ce0967f8"/><dir name="Db"><dir name="Adapter"><file name="Interface.php" hash="5fcb0c42753c42886ccd190971a0e748"/><file name="Mysqli.php" hash="662cb35f70b2827e313016b814b655f8"/><dir name="Pdo"><file name="Mysql.php" hash="d3059dfcd6960c8ab64e3154b3da7ce9"/></dir></dir><dir name="Ddl"><file name="Table.php" hash="43dafcba35a416fb205be0472033667a"/></dir><file name="Exception.php" hash="48eeac37c9dfffcc6f17d0058320df01"/><file name="Helper.php" hash="16fcca21846b24b8f609a1e738c22a28"/><file name="Select.php" hash="a9b5672bcf5a998f799a0041e2d5375f"/><dir name="Statement"><file name="Parameter.php" hash="c80a244635fb6b5ee2598e724bdb3a55"/><dir name="Pdo"><file name="Mysql.php" hash="d7392c11449ce7293a7157f754a67110"/></dir></dir><dir name="Tree"><file name="Exception.php" hash="f542289d2b4ac5f5daa8d16fa2bb4564"/><dir name="Node"><file name="Exception.php" hash="c2d721b31c1f9ae9b42cee18f48dddec"/></dir><file name="Node.php" hash="99cf7d5095964ad7e0ec5d3ae3f74533"/><dir name="NodeSet"><file name="Exception.php" hash="0151b033169d02e0ad9db1d18bcbf2ec"/></dir><file name="NodeSet.php" hash="fbd22631ecfc8554a56f40c631697f6c"/></dir><file name="Tree.php" hash="0227cf2e2f3d502a9c6ee226f54967ff"/></dir><file name="Debug.php" hash="1c839c1e9b38620c882faf61437a2110"/><dir name="Directory"><file name="Collection.php" hash="ee945732887c2664523a2e39b9e8bb23"/><file name="Factory.php" hash="d88a4d3082628c96adea3d8df988b306"/><file name="IFactory.php" hash="5c0ace171deea6a8603539e6cb28b025"/><file name="a.txt" hash="026e450c46ac92ea375302955a4f42fb"/></dir><dir name="Event"><file name="Collection.php" hash="4be18400d51d05d4207a02756eb70a33"/><dir name="Observer"><file name="Collection.php" hash="0664a56ca962573b7389e13cdd8cafdf"/><file name="Cron.php" hash="8c1aa63ae5f31ba20143f1e11bbaccbd"/><file name="Regex.php" hash="2fa179e2dab2a4da58be240ad7d0bb5e"/></dir><file name="Observer.php" hash="9df0be15d96f33e9d5ca32a2442ac329"/></dir><file name="Event.php" hash="3f11fd8efb6c31890c61cffcd4e4e5a9"/><file name="Exception.php" hash="e7b2bea0e44c6b5820c48a611c10548f"/><dir name="File"><file name="Csv.php" hash="0514484775182b18a15d5594d1d265c0"/><file name="CsvMulty.php" hash="f1edfa3ca34311bbd6a95a965a18af4a"/><file name="Object.php" hash="75962fa6b8733fc95c423d2fcf1450c6"/><dir name="Transfer"><dir name="Adapter"><file name="Http.php" hash="23e405c36ab1399370ed0954180cab77"/></dir></dir><dir name="Uploader"><file name="Image.php" hash="b39801f9d65a31dc36aedea1b569ea3e"/></dir><file name="Uploader.php" hash="5aab217359a587dbcce893f5c91d5905"/></dir><dir name="Filter"><dir name="Array"><file name="Grid.php" hash="83d1ede6f38ff875065a06806fe972c5"/></dir><file name="Array.php" hash="43d358b45872ff42e69db5962616001d"/><file name="Email.php" hash="5fe0f219fcee7f061e8078cd6bb15725"/><file name="Money.php" hash="eadbfaa8c405db5c35dd25cc94d3ba6a"/><dir name="Object"><file name="Grid.php" hash="0fce23e5b486bf9a4e100833d358b9e6"/></dir><file name="Object.php" hash="00e9585ce9c5f1bc152e7d302166a9af"/><file name="Sprintf.php" hash="2af5c7a8812c8c3ba4c501e288e8ae9f"/><dir name="Template"><file name="Simple.php" hash="98ebfbbe95693c36e9a8ccbc50e0e72a"/><dir name="Tokenizer"><file name="Abstract.php" hash="96863495b090adef3e5c5aca4230fec3"/><file name="Parameter.php" hash="46449206fc8d488d862d544c315a7156"/><file name="Variable.php" hash="fbf60eac1cd515ab62b3c688eed320a6"/></dir></dir><file name="Template.php" hash="987f545a80620550ba48b867e7956a2f"/></dir><dir name="Http"><dir name="Adapter"><file name="Curl.php" hash="190678eaae43df95b9441b7772f99b5c"/></dir><file name="Client.php" hash="96feaed1ebb729de6b5afa2fd77ff919"/></dir><dir name="Image"><dir name="Adapter"><file name="Abstract.php" hash="854b7cd321b669cd8fce8ff137c4ea44"/><file name="Gd2.php" hash="07f889ada0b4c051604843d6422737c2"/></dir><file name="Adapter.php" hash="f49ded5c1bcd433a59ccd5b211631722"/></dir><file name="Image.php" hash="bab2608cc43075b76d99116bdb039638"/><dir name="Io"><file name="Abstract.php" hash="623a9d2a843de3cac87082381b56d665"/><file name="Exception.php" hash="e1b664b239ea7d61ba87d4d9962f0dbe"/><file name="File.php" hash="154e790352d94248ef514003508c2a7d"/><file name="Ftp.php" hash="e767927d5ebdebae6c3435b99907ebfc"/><file name="Interface.php" hash="40661ae3660898460d81ef950cfa45ea"/><file name="Sftp.php" hash="61f90a203133741d48f0a7db3814dadf"/></dir><dir name="Object"><file name="Cache.php" hash="8d75e085f666b1797d85932b16f146c3"/><file name="Mapper.php" hash="91c41ebac7ea13dbbe84b303256c1aef"/></dir><file name="Object.php" hash="91dd9cb604cf420a4cf2692543e42f99"/><dir name="Pear"><file name="Frontend.php" hash="dc51fa7bcc132b1b9fbb7b9b1c98ece1"/><file name="Package.php" hash="5dd7f53ec941e5131a30088e6fce2284"/><file name="Registry.php" hash="ac9b38ba907d7ca3f858561138d8a895"/></dir><file name="Pear.php" hash="5d6569f3634ed5fae238a5063f925c79"/><file name="Profiler.php" hash="a74f5b61c08af7166a523dc7def30eb4"/><dir name="Simplexml"><dir name="Config"><dir name="Cache"><file name="Abstract.php" hash="6d3251864263fe37ec80777e3f32342c"/><file name="File.php" hash="010c202eaaf9d5422ebf8006e602a7bb"/></dir></dir><file name="Config.php" hash="19fb6e2c2ff0e2f1cbce5ed129ef7ac1"/><file name="Element.php" hash="163c58cfdad0c3e170511aed88c2b44b"/></dir></dir></target></contents>
    <compatible/>
    <dependencies><required><php><min>5.2.0</min><max>6.0.0</max></php><package><name>Lib_ZF</name><channel>community</channel><min>1.12.10.11</min><max>1.12.10.11</max></package><extension><name>PDO</name><min/><max/></extension><extension><name>SPL</name><min/><max/></extension><extension><name>curl</name><min/><max/></extension><extension><name>SimpleXML</name><min/><max/></extension><extension><name>dom</name><min/><max/></extension><extension><name>gd</name><min/><max/></extension><extension><name>iconv</name><min/><max/></extension><extension><name>pdo_mysql</name><min/><max/></extension><extension><name>mcrypt</name><min/><max/></extension><extension><name>pcre</name><min/><max/></extension><extension><name>Reflection</name><min/><max/></extension><extension><name>session</name><min/><max/></extension></required></dependencies>
</package>
