<?xml version="1.0"?>
<package>
    <name>Lib_Mage</name>
    <version>1.9.3.1</version>
    <stability>stable</stability>
    <license uri="http://opensource.org/licenses/osl-3.0.php">OSL v3.0</license>
    <channel>community</channel>
    <extends/>
    <summary>Mage Library</summary>
    <description>Mage Library</description>
    <notes>1.9.3.1</notes>
    <authors><author><name>Magento Core Team</name><user>core</user><email>core@magentocommerce.com</email></author></authors>
    <date>2016-11-11</date>
    <time>15:21:01</time>
    <contents><target name="magelib"><dir name="Mage"><dir name="Archive"><file name="Abstract.php" hash="fe932085a8ee80ced42caa531114f1e0"/><file name="Bz.php" hash="d6426ab0a7999ef9829f8f4ad0ae4f65"/><file name="Gz.php" hash="0825c0e8ac799f5071edc5441935b74b"/><dir name="Helper"><dir name="File"><file name="Bz.php" hash="8d18c349df867842aa9c5325bee9b7a2"/><file name="Gz.php" hash="c839c55d72b3ec5c524113222a650936"/></dir><file name="File.php" hash="5fc72860b28ec0c3a9d075d9ec3899f5"/></dir><file name="Interface.php" hash="141a427b2de40a2425f04a59d84a5ac1"/><file name="Tar.php" hash="fc2590dbdf92a8e7920a4ee886c12a62"/></dir><file name="Archive.php" hash="99e7138e0b89c733f11ffc8f9e34d177"/><dir name="Autoload"><file name="Simple.php" hash="9d28ca022fcf4230c92cc08e51154878"/></dir><dir name="Backup"><file name="Abstract.php" hash="bfe563b766fadff97fd363de8c4df8b1"/><dir name="Archive"><file name="Tar.php" hash="c8fe2ced6e6eec732be365c03cca7a1f"/></dir><file name="Db.php" hash="2ec2fe7b4017b861be4d1440627b3c19"/><dir name="Exception"><file name="CantLoadSnapshot.php" hash="8dda1d8fcb58b38f3a6b34fe14c19738"/><file name="FtpConnectionFailed.php" hash="ac9e832b2502a85d87de7ecd24d0a06e"/><file name="FtpValidationFailed.php" hash="38a4d1b979b7aa23ec285d4ed0cfcbdb"/><file name="NotEnoughFreeSpace.php" hash="18730975d2f1eeb8a7f4e95ea783bbf7"/><file name="NotEnoughPermissions.php" hash="30be06ac99390b6c5a2e697583d967e7"/></dir><file name="Exception.php" hash="e50bd4ee85b423143f408252403938f8"/><dir name="Filesystem"><file name="Helper.php" hash="9a2b89165181320dd34b72f5cd2cd989"/><dir name="Iterator"><file name="File.php" hash="daac2b8602774cb2ca4dcf2cee275375"/><file name="Filter.php" hash="2f2a5a7b993e5ed9e98b444bf01cfc18"/></dir><dir name="Rollback"><file name="Abstract.php" hash="dbd411d64baeb4255fcd68ea8f4a8657"/><file name="Fs.php" hash="05c8e69bdb6cc499ee6d2e9dfe0df806"/><file name="Ftp.php" hash="11906ae406b56582727841434ff21bff"/></dir></dir><file name="Filesystem.php" hash="b94ad4d595d0e4ef7c3255cdad1c7ada"/><file name="Interface.php" hash="1bbad039d29cf54675c59764c0baf381"/><file name="Media.php" hash="267a6da8299593324304af34b9016a88"/><file name="Nomedia.php" hash="f59f14a1dac8f40800a6477341c68df8"/><file name="Snapshot.php" hash="e12f7f3819445d6fce43abc9d6a6d249"/></dir><file name="Backup.php" hash="40a2c5a18460690bfb24474e162f58b2"/><dir name="Cache"><dir name="Backend"><file name="File.php" hash="06dbb9d0cb92c0b0437baeaba405b807"/><file name="Redis.php" hash="70c8502dc09bf53334e6260164953604"/></dir></dir><dir name="Connect"><dir name="Channel"><file name="Generator.php" hash="ce1306cd397921a92dabc281215ebcf4"/><file name="Parser.php" hash="0ff7c4822bbce0b4390e3e1bec6f4d5d"/><file name="VO.php" hash="e9e715cf8b85960faddaf064f9adcdf0"/></dir><dir name="Command"><file name="Channels.php" hash="3149451cfe1be57bb5cb18b2a9759ec3"/><file name="Channels_Header.php" hash="ad00027c4f5642211ba51d2648931967"/><file name="Config.php" hash="21dffa7fdf2323e24557a3b6d30c39b4"/><file name="Config_Header.php" hash="6308fc5c62ad94c92579e6ba8532764f"/><file name="Install.php" hash="77605d20bbe0fde7bfae95b19b4b18bb"/><file name="Install_Header.php" hash="9909984d7cbaedd4433d2638d0c30e55"/><file name="Package.php" hash="064bca9c02cef1b33da4903de4eaff01"/><file name="Package_Header.php" hash="82b49caee5cbca5ca032300e9776e67e"/><file name="Registry.php" hash="372043019575381b0b7e7ad735681486"/><file name="Registry_Header.php" hash="2a89bb5ee58f60d724e919d9eafc095e"/><file name="Remote.php" hash="4777294d38fd4ff2cb39c2011769cefb"/><file name="Remote_Header.php" hash="d1e7a277fe5671fb8783100d77bf6517"/></dir><file name="Command.php" hash="58f6900aa6e04c948b3f2e39429d3565"/><file name="Config.php" hash="31f405285b8d1b7db7f2585e5b349289"/><file name="Converter.php" hash="253e0faaf11b3b6ebd4f131b6e194f2b"/><dir name="Frontend"><file name="CLI.php" hash="1fe681c175e7ea2055b899ba62012975"/></dir><file name="Frontend.php" hash="d4429a153d63f5ccbde5f0efa283d802"/><file name="Ftp.php" hash="bc5a3e03112ae9cf86af971f47ac0b52"/><dir name="Loader"><file name="Ftp.php" hash="ac0b893d65f4643802c489ee0500435a"/></dir><file name="Loader.php" hash="aab0972b4e882d87e0fcb90eb85a5823"/><dir name="Package"><file name="Extension.php" hash="0ff7c4822bbce0b4390e3e1bec6f4d5d"/><file name="Hotfix.php" hash="3964d63fe528ff52445afdbef9a3efce"/><file name="Maintainer.php" hash="0ff7c4822bbce0b4390e3e1bec6f4d5d"/><file name="Reader.php" hash="f4d55460659a19a38f1e29f08aff71a7"/><file name="Target.php" hash="0674dfd23e69adc5832e330d5fb041d8"/><file name="VO.php" hash="1a37cad472e2d61044321b20ed4ceae4"/><file name="Writer.php" hash="f035f48ed01ed70b022e2250eb2cd785"/></dir><file name="Package.php" hash="e69f2cbe85ee4e6f5e63823fe9946a8c"/><file name="Packager.php" hash="9a117914b5dd04eb307f07453a340620"/><dir name="Repository"><file name="Abstract.php" hash="0ff7c4822bbce0b4390e3e1bec6f4d5d"/><dir name="Channel"><file name="Abstract.php" hash="0ff7c4822bbce0b4390e3e1bec6f4d5d"/><file name="Commercial.php" hash="0ff7c4822bbce0b4390e3e1bec6f4d5d"/><file name="Community.php" hash="0ff7c4822bbce0b4390e3e1bec6f4d5d"/><file name="Core.php" hash="0ff7c4822bbce0b4390e3e1bec6f4d5d"/></dir><file name="Channel.php" hash="0ff7c4822bbce0b4390e3e1bec6f4d5d"/><file name="Local.php" hash="0ff7c4822bbce0b4390e3e1bec6f4d5d"/></dir><file name="Repository.php" hash="0ff7c4822bbce0b4390e3e1bec6f4d5d"/><file name="Rest.php" hash="af300e47824afb3c517ced675746160d"/><file name="Singleconfig.php" hash="fb56f7ad8dfe2432f40533cd890f7d46"/><dir name="Structures"><file name="Graph.php" hash="823112810f5ea1c5382079591ebd9282"/><file name="Node.php" hash="089a0a309aedd56f8ef506a613eb92c9"/></dir><file name="Validator.php" hash="b264fef3d64c22f89230c00ea9b11598"/></dir><dir name="DB"><file name="Exception.php" hash="df87dc0b525da51748422213e3fdfc34"/><file name="Mysqli.php" hash="c6ff8085cdc797ecd73202a82dc0268d"/></dir><file name="Exception.php" hash="c0c49ddedbf8e03f0e1432676be24b60"/><dir name="HTTP"><dir name="Client"><file name="Curl.php" hash="735095b09b0ffbf17cea6c88044bb89c"/><file name="Socket.php" hash="5183aa4839c4387ff5ea38ffb7fab98c"/></dir><file name="Client.php" hash="1066dbb530a7a0d85f22f904d59e09a0"/><file name="IClient.php" hash="4412c30e01d49bf54389ecb74afa917e"/></dir><dir name="System"><file name="Args.php" hash="7f596269c4f2c524ba1897c88033186e"/><file name="Dirs.php" hash="509864db99ed97053fc248eb103bdc79"/><file name="Ftp.php" hash="e64c8ec521ba26854d774b7004529796"/></dir><dir name="Xml"><file name="Generator.php" hash="dc74586a864fbc9901ae981aec967c99"/><file name="Parser.php" hash="5b6dd20e89f0aa8cda3c24a73df316bb"/></dir></dir></target></contents>
    <compatible/>
    <dependencies><required><php><min>5.2.0</min><max>6.0.0</max></php></required></dependencies>
</package>
