<?xml version="1.0"?>
<package>
    <name>Lib_Mage</name>
    <version>1.9.3.6</version>
    <stability>stable</stability>
    <license uri="http://opensource.org/licenses/osl-3.0.php">OSL v3.0</license>
    <channel>community</channel>
    <extends/>
    <summary>Mage Library</summary>
    <description>Mage Library</description>
    <notes>1.9.3.6</notes>
    <authors><author><name>Magento Core Team</name><user>core</user><email>core@magentocommerce.com</email></author></authors>
    <date>2017-09-14</date>
    <time>17:34:21</time>
    <contents><target name="magelib"><dir name="Mage"><dir name="Archive"><file name="Abstract.php" hash="dfe2587304716e52096279d668b748ac"/><file name="Bz.php" hash="f43c9f6d566d2bc8ba606cf0c6617716"/><file name="Gz.php" hash="4abf9c886d267edd057c3b6514255fb8"/><dir name="Helper"><dir name="File"><file name="Bz.php" hash="9b68836a8bdfc1c82571988d992af7b9"/><file name="Gz.php" hash="0896df388c52d36a2cb4120f2d672551"/></dir><file name="File.php" hash="3d2bc23ef7d0c22ca2f0b1e287bac37e"/></dir><file name="Interface.php" hash="89d5fe9982ac76725b70f42a8ec607d9"/><file name="Tar.php" hash="04d0c5dc6f502d91398ea331d81a5179"/></dir><file name="Archive.php" hash="0ca10b6532e80c0996d8c0f41630adf8"/><dir name="Autoload"><file name="Simple.php" hash="55534695e3cb639197792af648b71550"/></dir><dir name="Backup"><file name="Abstract.php" hash="776397c9cf15f8435ed9fc2b482b8265"/><dir name="Archive"><file name="Tar.php" hash="61bfd0bfb347d11362c5155210579abc"/></dir><file name="Db.php" hash="cd957969a10d2d07522748edd4cb146c"/><dir name="Exception"><file name="CantLoadSnapshot.php" hash="4e0aacab06146ebdfea457f8f0f2a768"/><file name="FtpConnectionFailed.php" hash="96216f1d26ce8a2b8b95b3eaf5efebcb"/><file name="FtpValidationFailed.php" hash="8f6f9daf8bcb691f6c260b55ed9b0809"/><file name="NotEnoughFreeSpace.php" hash="a79537c946715cb4f9fd6fd82bfdd88a"/><file name="NotEnoughPermissions.php" hash="28026734512cf4e136cd55388c1b1ce1"/></dir><file name="Exception.php" hash="25159de729f9af5678e7dc23f844dfff"/><dir name="Filesystem"><file name="Helper.php" hash="2a9a0bcad9ac8a935e569b4a6444887d"/><dir name="Iterator"><file name="File.php" hash="712e411685d699a4e3968ec48a2e7e79"/><file name="Filter.php" hash="94dabed7ae40395781165c908591c6a0"/></dir><dir name="Rollback"><file name="Abstract.php" hash="75543d2ba13d7ea1b05c0fbab63f6094"/><file name="Fs.php" hash="c749d66e767772e617761b6009876fc7"/><file name="Ftp.php" hash="eb5d9a92dd66776ec76630a0b629ce0c"/></dir></dir><file name="Filesystem.php" hash="66778d9c0543100ebed66fe7a90bc248"/><file name="Interface.php" hash="2ec526ba7eb42518f22b481f4010d202"/><file name="Media.php" hash="3b8c5b1018a3eb0ada624fca363c0ed3"/><file name="Nomedia.php" hash="b4ea9f6a1386499453561f3a5a82dfc2"/><file name="Snapshot.php" hash="25164ecfb2d6ebddc158a64d441da1b5"/></dir><file name="Backup.php" hash="5faa8ecee5ad99bbbc1784954fdeee69"/><dir name="Cache"><dir name="Backend"><file name="File.php" hash="4e1dc468359ec72a5c3cb4817c624377"/><file name="Redis.php" hash="593280ae0cf7f2550755b34d0254f627"/></dir></dir><dir name="Connect"><dir name="Channel"><file name="Generator.php" hash="04ea20dd1c3f220a85bd281a2e0cdd25"/><file name="Parser.php" hash="5cf7f2f92a6969dc4eb0f35c9d541363"/><file name="VO.php" hash="2dec6fa9335fabe180962a5fda0073e3"/></dir><dir name="Command"><file name="Channels.php" hash="23ffc485af29cf84f48fb82f6a50a4e2"/><file name="Channels_Header.php" hash="4d64d7c795fc1a6d7df196fc27f6b1fb"/><file name="Config.php" hash="5dd15e8a0cc4fe2ed76191f22f34bf59"/><file name="Config_Header.php" hash="3adf5c3e85500f17536f117ecfcb38f8"/><file name="Install.php" hash="7f28b4d3152e6a1208249fdf1c38c5da"/><file name="Install_Header.php" hash="d228bbc35a1258812d68c4cc5e77f9b2"/><file name="Package.php" hash="c539817bd2a799df49fddebb3013933d"/><file name="Package_Header.php" hash="e0c4228cbbed3dc7c52df72456c3c044"/><file name="Registry.php" hash="70eb3d803bb1be99bc0afdbbb263934c"/><file name="Registry_Header.php" hash="bc3ca41bd1f986c1707db59f172d449f"/><file name="Remote.php" hash="37aabd7b3a06e9bf9f53285bb630bb59"/><file name="Remote_Header.php" hash="a9279daf3adcaec048f38301d552b5d8"/></dir><file name="Command.php" hash="6ffc8703263b32e9241c60561244f0e4"/><file name="Config.php" hash="85f1657e23c89823fa7711b8fcdfe52a"/><file name="Converter.php" hash="2cf5977320c4ebc66caaaeaf0f27306e"/><dir name="Frontend"><file name="CLI.php" hash="76fc7ffbf1680aff671adac3102b4528"/></dir><file name="Frontend.php" hash="ffc6de3d5a84fac11ee0dea1f2da5603"/><file name="Ftp.php" hash="be3d802803244b0ec666fd8eddbdb565"/><dir name="Loader"><file name="Ftp.php" hash="7140411be7d4a85952a5ed01a7b940c8"/></dir><file name="Loader.php" hash="f16c5bfc717292a040a8819bc03e96cb"/><dir name="Package"><file name="Extension.php" hash="5cf7f2f92a6969dc4eb0f35c9d541363"/><file name="Hotfix.php" hash="aa07820537065f132c685a4a6543329e"/><file name="Maintainer.php" hash="5cf7f2f92a6969dc4eb0f35c9d541363"/><file name="Reader.php" hash="98ffdd2b565537f49f8ed4ef3e7053e7"/><file name="Target.php" hash="32af8ba19f55a85a93faf0294b703a92"/><file name="VO.php" hash="91177eadaab3a23aa5b453ff456870b8"/><file name="Writer.php" hash="218cc57cdb646e3785f3840d1505e42e"/></dir><file name="Package.php" hash="20ac7358395a4d6556593031873dda39"/><file name="Packager.php" hash="a90d734d4f10707575f76f01d8df6d81"/><dir name="Repository"><file name="Abstract.php" hash="5cf7f2f92a6969dc4eb0f35c9d541363"/><dir name="Channel"><file name="Abstract.php" hash="5cf7f2f92a6969dc4eb0f35c9d541363"/><file name="Commercial.php" hash="5cf7f2f92a6969dc4eb0f35c9d541363"/><file name="Community.php" hash="5cf7f2f92a6969dc4eb0f35c9d541363"/><file name="Core.php" hash="5cf7f2f92a6969dc4eb0f35c9d541363"/></dir><file name="Channel.php" hash="5cf7f2f92a6969dc4eb0f35c9d541363"/><file name="Local.php" hash="5cf7f2f92a6969dc4eb0f35c9d541363"/></dir><file name="Repository.php" hash="5cf7f2f92a6969dc4eb0f35c9d541363"/><file name="Rest.php" hash="5a551473a14b58d2060aa383871fbaf9"/><file name="Singleconfig.php" hash="77fccee48c8cb582da4d87d1085244c6"/><dir name="Structures"><file name="Graph.php" hash="c6c5d47ea2243daa97b79e0fa4e9c1f5"/><file name="Node.php" hash="95ce164f476b92cd50d5acc41479a624"/></dir><file name="Validator.php" hash="5b79bf53b2fe4f71e096c527e3d62e64"/></dir><dir name="DB"><file name="Exception.php" hash="7a6e8681fd16aa682536ff155c373371"/><file name="Mysqli.php" hash="72638a98b6d060922c2bd81c4f6c670a"/></dir><file name="Exception.php" hash="d15b7fb9dc073cfda7918bbe07c6caa8"/><dir name="HTTP"><dir name="Client"><file name="Curl.php" hash="df006cc59fa450eee468bf9ba4f6da91"/><file name="Socket.php" hash="e4e248a55e2354445ebded7e12af2db4"/></dir><file name="Client.php" hash="cb521cf717a94c7efbddf25777823444"/><file name="IClient.php" hash="4b7e73bf26651e23f8b6ead9204f51c2"/></dir><dir name="System"><file name="Args.php" hash="76fd275514d8a8ede4d3751eb000e74a"/><file name="Dirs.php" hash="4e16ccb4e30391dece1323a02e7ca9b3"/><file name="Ftp.php" hash="6de96b9a00f2c34ebbd7c1620b658564"/></dir><dir name="Xml"><file name="Generator.php" hash="16b565730d0e4608a90c51de9066b83f"/><file name="Parser.php" hash="65b42ab5a7d00b5dbcc3ab0d488dcd2c"/></dir></dir></target></contents>
    <compatible/>
    <dependencies><required><php><min>5.2.0</min><max>6.0.0</max></php></required></dependencies>
</package>
