<?xml version="1.0"?>
<package>
    <name>Lib_Varien</name>
    <version>1.9.2.0</version>
    <stability>stable</stability>
    <license uri="http://opensource.org/licenses/osl-3.0.php">OSL v3.0</license>
    <channel>community</channel>
    <extends/>
    <summary>Varien Library</summary>
    <description>Varien Library</description>
    <notes>1.9.2.0</notes>
    <authors><author><name>Magento Core Team</name><user>core</user><email>core@magentocommerce.com</email></author></authors>
    <date>2015-06-25</date>
    <time>13:12:06</time>
    <contents><target name="magelib"><dir name="Varien"><file name="Autoload.php" hash="dc766f666b682fe85691c496d2b1ce7c"/><dir name="Cache"><dir name="Backend"><file name="Database.php" hash="20e586bd013bb7cb436e0ac02186e49d"/><file name="Eaccelerator.php" hash="aa8840e2fff1ea84b643931feb7e89a0"/><file name="Memcached.php" hash="a602dda3f1a951ac779ec567b10d022e"/></dir><file name="Core.php" hash="afe76b8b6f0a641e420369a11da19a53"/></dir><dir name="Convert"><dir name="Action"><file name="Abstract.php" hash="b0748e1973155e3358471318dd690f54"/><file name="Interface.php" hash="b872ae40e0fe7a6a293cc9c2f0ecf8fb"/></dir><file name="Action.php" hash="f84e93e12575d66637c719a5ace10048"/><dir name="Adapter"><file name="Abstract.php" hash="c1b5d3898623903decab5b357f3042fb"/><dir name="Db"><file name="Table.php" hash="98fde56f12db1913f48130d3815766c5"/></dir><dir name="Http"><file name="Curl.php" hash="e9862db1732ae6976320e03fb31bbbd4"/></dir><file name="Http.php" hash="e54efc7a0a96aa888fcd186246493376"/><file name="Interface.php" hash="2f274fc1f48fffa9c671e1137be8aa74"/><file name="Io.php" hash="3d6b294c17c0ec1aa008d04a0a4d7241"/><file name="Soap.php" hash="c8562680e671f55ad1bd52aa5458fbe0"/><file name="Std.php" hash="155af022ca5a37f5635a364550af868a"/><dir name="Zend"><file name="Cache.php" hash="ea07c530e19a4007416be5c8d30f0ebe"/><file name="Db.php" hash="ed8c973b6f73239a8827467907c526e5"/></dir></dir><dir name="Container"><file name="Abstract.php" hash="9951bcccf153f812574291802cc3c16b"/><file name="Collection.php" hash="db70f8aa7534eff8fae7294bd8697d03"/><file name="Generic.php" hash="1335a7ba43def19bc79e6d0e9c842f36"/><file name="Interface.php" hash="98dd1b9d1207127e120fe52a0a3b3488"/></dir><file name="Exception.php" hash="002048d6913a53d76e5eab3defb90cac"/><dir name="Mapper"><file name="Abstract.php" hash="db499970eb5428470d8f229ba57aca02"/><file name="Column.php" hash="7e62b7cff2fe33358bb91fa3df41d2e8"/><file name="Interface.php" hash="603d0788e329635024810f928b49fa4f"/></dir><dir name="Parser"><file name="Abstract.php" hash="cc1941daffcd4b9cce0a86ee5d7ab471"/><file name="Csv.php" hash="7d0d9ee5d331615f1b8265501f9be71e"/><file name="Interface.php" hash="a616758d6ddab992ca89d38f00fdc76d"/><file name="Serialize.php" hash="8b41217392591f2c15c44a613e4e9ae9"/><dir name="Xml"><file name="Excel.php" hash="fa2359e440f0b3d70751d23fd299f8d8"/></dir></dir><dir name="Profile"><file name="Abstract.php" hash="3b1b884474c7947b812ed99e5eecf990"/><file name="Collection.php" hash="bdb09b51f16897f5254edc076ffce681"/></dir><file name="Profile.php" hash="96fab155f31ec5ef3e7b4bdf9248b2b8"/><dir name="Validator"><file name="Abstract.php" hash="5ee13d15f5c1d20a69e60f2a5c9d635d"/><file name="Column.php" hash="96de1db93ae007be456f1f56e88a9939"/><file name="Dryrun.php" hash="e43002dc3a8025dfcabf13f0a485965e"/><file name="Interface.php" hash="f54198b10cd39596a831e0e78c56dc11"/></dir></dir><file name="Convert.php" hash="d56a14d6636dd1ee7f6f1a81b384f2f5"/><dir name="Crypt"><file name="Abstract.php" hash="3867789b8516cda284a8f6177adb22d1"/><file name="Mcrypt.php" hash="3022218cb5206a5f95db75a78e7c7527"/></dir><file name="Crypt.php" hash="7372f5e6f7d7b96f0181f13834e56f4b"/><dir name="Data"><dir name="Collection"><file name="Db.php" hash="8b18a93b1f8b43c8e5f333a283fff495"/><file name="Filesystem.php" hash="40661586b77407a71ee1f756e5553adb"/></dir><file name="Collection.php" hash="6d5170bb9dbec7a7ee864dd973e0d500"/><dir name="Form"><file name="Abstract.php" hash="864c5ddad40817e65f8188390c33eb15"/><dir name="Element"><file name="Abstract.php" hash="b484d100f5693cd4e912c9ca93857603"/><file name="Button.php" hash="57ebd4aeb6f96fdf6e08f864a134729d"/><file name="Checkbox.php" hash="0a0e8a35e7f4a71b264747685d00f122"/><file name="Checkboxes.php" hash="ec5ca55d06b8aab1f9e9a224b38a0e94"/><file name="Collection.php" hash="115eeeed84dbcf8f43c6ca92f4339eb7"/><file name="Column.php" hash="541d994eaee258e5ebbc458628ade2c3"/><file name="Date.php" hash="855de0485c028fd315d47b35b0c6a8be"/><file name="Datetime.php" hash="72ed0fdbe0770cc967232aef07c90e80"/><file name="Editor.php" hash="f536ae5cab23ed5dfaba6fffcacee69d"/><file name="Fieldset.php" hash="3c8946dd8ec889719376ab59a346da4f"/><file name="File.php" hash="a95837ceeea1be891a7f55b198585c2b"/><file name="Gallery.php" hash="ba27a76f65df878bf55565ac75de8f17"/><file name="Hidden.php" hash="fd70cf5f1a27d969578de0ffef5f0a38"/><file name="Image.php" hash="1fecc228200ce23a307f4ff95511ee36"/><file name="Imagefile.php" hash="ced6ccd0ee7a48d60887dab8d2f4e5a5"/><file name="Label.php" hash="d1cc044aa76571e90848aa69db749285"/><file name="Link.php" hash="4ac31ec26330bbef008e5917e2cec619"/><file name="Multiline.php" hash="5ad29f476881912bc6d21445133ceafd"/><file name="Multiselect.php" hash="e51e5a49c816b0da1ab61adfa9e11a5e"/><file name="Note.php" hash="b599a56b74f6e851b61d9d529621907c"/><file name="Obscure.php" hash="1ec4d2b87a537698932a60f0a1c26364"/><file name="Password.php" hash="7e78125059c1d8ee405ba946e3779e62"/><file name="Radio.php" hash="14d9ac8df9b00d3061c9c0528dcb8f05"/><file name="Radios.php" hash="142d3afe02f03f40b0b2cff371135d64"/><dir name="Renderer"><file name="Interface.php" hash="1333c6ebb3e531ce1cc62880a76df176"/></dir><file name="Reset.php" hash="cfaa070a01ff533534c93e40cb8a8a50"/><file name="Select.php" hash="4cfded15810a229390ccde56370848bc"/><file name="Submit.php" hash="d873762f62e3acc9a89ee48ba0ea5c04"/><file name="Text.php" hash="4f52cc4fbb36a0fff6ce4df87cf02839"/><file name="Textarea.php" hash="67a4950f867a996bed2b5e1ec6f8f909"/><file name="Time.php" hash="3f3b2f792cbcbfeddea892527e02d4c2"/></dir><dir name="Filter"><file name="Date.php" hash="5e4a78a6346f1bad02568591a8f22ffc"/><file name="Datetime.php" hash="b959e710b5444364e1c289118305fa20"/><file name="Escapehtml.php" hash="9b45defc86b0a40e6b01e815b776c64c"/><file name="Interface.php" hash="7f80d12ed17a0e59e9fda5e597832898"/><file name="Striptags.php" hash="155804951f94a18cf1ce080a31ad231f"/></dir></dir><file name="Form.php" hash="c763be17e07293924af068a9d6f5b2cc"/><dir name="Tree"><file name="Db.php" hash="b3511f3bba2c4cb3b48b5c06b2f61962"/><file name="Dbp.php" hash="52a556c1c672cf1b6edd74f7f8a1c22f"/><dir name="Node"><file name="Collection.php" hash="2eba70122d32e195945d0608546eefb7"/></dir><file name="Node.php" hash="247635d415b01075f976de73477628ca"/></dir><file name="Tree.php" hash="65ad695cdb2d44624e3f8a6d4bded2fc"/></dir><file name="Date.php" hash="cf75993db21737871d847c40cf69eabd"/><dir name="Db"><dir name="Adapter"><file name="Interface.php" hash="20618cca9ec0970359a758a7bb19aa1d"/><file name="Mysqli.php" hash="34bfba6a62779cc52afa45d94e4204b0"/><dir name="Pdo"><file name="Mysql.php" hash="9306a10cb16b5f4fcaa2a18dac0bd31a"/></dir></dir><dir name="Ddl"><file name="Table.php" hash="4ea54d6f0da26b7b3ebdf53a22bce157"/></dir><file name="Exception.php" hash="459a3ba64822195d1716394b0666c6ef"/><file name="Helper.php" hash="068814d81e6d2c10fb02abfd075f9732"/><file name="Select.php" hash="cae369c5e0ace008e64c4eef0742eec9"/><dir name="Statement"><file name="Parameter.php" hash="3c876a17bbdb2fa8285e3a2c931b29a2"/><dir name="Pdo"><file name="Mysql.php" hash="989ef975be060d75bcfb56b88d8b5dc4"/></dir></dir><dir name="Tree"><file name="Exception.php" hash="d9a2ded99bd0a0f48c30ea373b053d2e"/><dir name="Node"><file name="Exception.php" hash="e0a051b9da1620549cbf001ccd08b46b"/></dir><file name="Node.php" hash="1181ffb30d23bad0abdb2a00760c6b5c"/><dir name="NodeSet"><file name="Exception.php" hash="464e6f22c47148e847a7d70635b03e9d"/></dir><file name="NodeSet.php" hash="5d94f8d55e6a85e9d1843b4b4ab0f523"/></dir><file name="Tree.php" hash="0224ac5093e6e20a894ef8598c642962"/></dir><file name="Debug.php" hash="1fe7210f700b50eefa42d72107d5c77d"/><dir name="Directory"><file name="Collection.php" hash="55fa81e35a94e276dd58b80f616c4b3b"/><file name="Factory.php" hash="fd3cc7bede04563dcf240465be02b114"/><file name="IFactory.php" hash="462a88798efd2980a110f5d5bcd0cf91"/><file name="a.txt" hash="026e450c46ac92ea375302955a4f42fb"/></dir><dir name="Event"><file name="Collection.php" hash="6e3aa26a760229de731e5deb7586271e"/><dir name="Observer"><file name="Collection.php" hash="5b75ddd0cdf40e3c7ebdc6caef6b49fc"/><file name="Cron.php" hash="dbc005bcbf59d24766b22fe0e1ea7ec2"/><file name="Regex.php" hash="e8b73dd83e6a0181a3b902ce670d33f8"/></dir><file name="Observer.php" hash="529a4e7a186686946161acb751d80088"/></dir><file name="Event.php" hash="bde863ce12014af6d26891917313471c"/><file name="Exception.php" hash="80e9a22385477d5410f3493eafcda326"/><dir name="File"><file name="Csv.php" hash="f3879e8a8d0ece43bd1ed82a97f6fa78"/><file name="CsvMulty.php" hash="4370e09d0fea88df8079096fe6c89c2f"/><file name="Object.php" hash="81831a7af12515faf48db2064dd2b700"/><dir name="Transfer"><dir name="Adapter"><file name="Http.php" hash="0f2df4d6d534bfc4fd1ba35cdcabf425"/></dir></dir><dir name="Uploader"><file name="Image.php" hash="e1a33ce7c7f42c92ff7a1afb4dc85440"/></dir><file name="Uploader.php" hash="29bd46737e32230216c90b3fa7b9d81f"/></dir><dir name="Filter"><dir name="Array"><file name="Grid.php" hash="3a1e7d366046fbb806f4df65b5d43bce"/></dir><file name="Array.php" hash="ee2c63311116db215a17d5c6a6d53ea8"/><file name="Email.php" hash="ef31a8b4a24efef65f233c5cbc469d48"/><file name="Money.php" hash="fcfbf636218ac3b9175d743ab601712d"/><dir name="Object"><file name="Grid.php" hash="b905567ede56769d4af9642ea77361b4"/></dir><file name="Object.php" hash="226c84edc99ad7c95ae89fabb0625ed4"/><file name="Sprintf.php" hash="6c534392c58d387ff09e88bd272d4d11"/><dir name="Template"><file name="Simple.php" hash="57d6179c99972f24b272bad6987a2969"/><dir name="Tokenizer"><file name="Abstract.php" hash="1553cf9ad676e024bd50e68998d5c2f3"/><file name="Parameter.php" hash="a71db1a7a12e505409a8eb396b4fac53"/><file name="Variable.php" hash="6db874de901ba51215acc834251ac7d6"/></dir></dir><file name="Template.php" hash="d35924fef8fb2015af97cdf93ce942af"/></dir><dir name="Http"><dir name="Adapter"><file name="Curl.php" hash="967d7ebda9ca4407578663bd56d91e30"/></dir><file name="Client.php" hash="8e8c9badb27cf839870c9cac33256522"/></dir><dir name="Image"><dir name="Adapter"><file name="Abstract.php" hash="95fa6f5dcbfe5e14505f62f32eaac03d"/><file name="Gd2.php" hash="1d4e06ea2d76031e5083ff766d06d98a"/></dir><file name="Adapter.php" hash="6ee7421d63c8ce983b29087be640a3f1"/></dir><file name="Image.php" hash="f22e05f3df7c6daa13daa5ecd4284fa1"/><dir name="Io"><file name="Abstract.php" hash="f452d74122309888e459dec9ce357f6c"/><file name="Exception.php" hash="cdd1b92cc59bac44bb83cac2d270b27f"/><file name="File.php" hash="73ca38dbf70b9142a84a68d4cb604366"/><file name="Ftp.php" hash="4234722492e84b962c1936a4b3fe9467"/><file name="Interface.php" hash="f9fbf2011c2d76bfce45ed2eb11b0fc3"/><file name="Sftp.php" hash="38e78f345ab1699c60209276f36bdce7"/></dir><dir name="Object"><file name="Cache.php" hash="6ee96c531c7ed6abebe6e088f083269e"/><file name="Mapper.php" hash="e01cd2fc8ce04f2301ae5272eb0eb8fe"/></dir><file name="Object.php" hash="a73a915543d26fbb8ec8d5bfad926813"/><dir name="Pear"><file name="Frontend.php" hash="2a364509ecb3509d88b394f2ff8e379c"/><file name="Package.php" hash="00d889cdae532e40bf231a6dc49f43a2"/><file name="Registry.php" hash="20f14ad14bc6e5ff404ef919e9e03ad9"/></dir><file name="Pear.php" hash="989e1140ba8cb691a6eb29ec6ca14e4e"/><file name="Profiler.php" hash="8f0833c09792a44cf4cec3c4ca1ab83e"/><dir name="Simplexml"><dir name="Config"><dir name="Cache"><file name="Abstract.php" hash="2d903ac5990d3adb281ea817f683a2b1"/><file name="File.php" hash="99fe5b7935433870674d6244f4f24996"/></dir></dir><file name="Config.php" hash="59765741a00934da08bb2acfeae3e95d"/><file name="Element.php" hash="3af48d7f8053cc49d7f52b6b00aec648"/></dir></dir></target></contents>
    <compatible/>
    <dependencies><required><php><min>5.2.0</min><max>6.0.0</max></php><package><name>Lib_ZF</name><channel>community</channel><min>1.12.10.0</min><max>1.12.10.0</max></package><extension><name>PDO</name><min></min><max></max></extension><extension><name>SPL</name><min></min><max></max></extension><extension><name>curl</name><min></min><max></max></extension><extension><name>SimpleXML</name><min></min><max></max></extension><extension><name>dom</name><min></min><max></max></extension><extension><name>gd</name><min></min><max></max></extension><extension><name>iconv</name><min></min><max></max></extension><extension><name>pdo_mysql</name><min></min><max></max></extension><extension><name>mcrypt</name><min></min><max></max></extension><extension><name>pcre</name><min></min><max></max></extension><extension><name>Reflection</name><min></min><max></max></extension><extension><name>session</name><min></min><max></max></extension></required></dependencies>
</package>
