<?xml version="1.0"?>
<package>
    <name>Lib_IDNA2</name>
    <version>1.9.3.6</version>
    <stability>stable</stability>
    <license uri="http://www.gnu.org/licenses/lgpl-3.0.en.html">GNU Lesser General Public License</license>
    <channel>community</channel>
    <extends/>
    <summary>Magento Library</summary>
    <description>Magento Library</description>
    <notes>1.9.3.6</notes>
    <authors><author><name>Magento Core Team</name><user>core</user><email>core@magentocommerce.com</email></author></authors>
    <date>2017-09-14</date>
    <time>17:34:19</time>
    <contents><target name="magelib"><dir name="Net"><file name="IDNA2.php" hash="def073c649f1033d8a75189f6a99cf9d"/><dir name="IDNA2"><dir name="Exception"><file name="Nameprep.php" hash="06c4217024082f0f3b6c5a7e61ac7130"/></dir><file name="Exception.php" hash="72f605f2f6d9d56e07bb6bcec099d03a"/></dir></dir></target></contents>
    <compatible/>
    <dependencies><required><php><min>5.2.0</min><max>6.0.0</max></php></required></dependencies>
</package>
