<?xml version="1.0"?>
<package>
    <name>Lib_Js_Ext</name>
    <version>1.9.3.0</version>
    <stability>stable</stability>
    <license>Mixed</license>
    <channel>community</channel>
    <extends/>
    <summary>Extjs Javascript Libraries for Magento</summary>
    <description>Extjs Javascript Libraries for Magento</description>
    <notes>1.9.3.0</notes>
    <authors><author><name>Magento Core Team</name><user>core</user><email>core@magentocommerce.com</email></author></authors>
    <date>2016-10-04</date>
    <time>13:04:29</time>
    <contents><target name="mageweb"><dir name="js"><dir name="extjs"><dir name="css"><file name="README.txt" hash="66440774774ca4995ad5137ac9ae48e0"/><file name="basic-dialog.css" hash="8fefe8397b484ac4855de7232d00fc5d"/><file name="box.css" hash="e042e86fe72ac68849bb2c927d1b94be"/><file name="button.css" hash="0baa72e592fb9cfddb48491ce74040c2"/><file name="combo.css" hash="5f3457b94b882c6037da7b62b10fd50b"/><file name="core.css" hash="49c87f77493ccaa4867c4c4b54e2f297"/><file name="date-picker.css" hash="cb973d925a5fe95e3a8a23393b9db283"/><file name="dd.css" hash="67c5b243c56a99eb1bdbd4d57fea7ce1"/><file name="debug.css" hash="e22d97cc54ad2f42b4f06daa921da622"/><file name="editor.css" hash="ab513287f9e04386f48980e399d4a0b1"/><file name="ext-all.css" hash="e5acad04d0e7877b829bac608437522c"/><file name="form.css" hash="22877998588bc093dcf9375b8707079c"/><file name="grid.css" hash="79cefd1763bb64802f99177f233bd676"/><file name="layout.css" hash="2ba12ec3ceff9989de97e02296c94281"/><file name="menu.css" hash="13b8de4d5f155bb5d526318431b8317f"/><file name="panel.css" hash="fb6624b2dfc4ef99e08bc11eac723e20"/><file name="qtips.css" hash="67b76bbd4ad59a7341ed74a07c8e2524"/><file name="reset-min.css" hash="9c797c4b3949999b27f0e4108132cb57"/><file name="resizable.css" hash="2271ebacebaa1e429d42ba09da460647"/><file name="tabs.css" hash="d19d0773d75a9e2fe2032b1c35a22161"/><file name="toolbar.css" hash="ff85187d3b869bf3b98a72db95fca184"/><file name="tree.css" hash="d8a55f993187bc822efc5beb03722369"/><file name="ytheme-aero.css" hash="e555e0439f7fc0a43de37784e3df23c6"/><file name="ytheme-gray.css" hash="9d08035f3b052a9c604b0116f9a6c0be"/><file name="ytheme-vista.css" hash="8b13f7980b254be7e7c54abc0d8dcc3f"/></dir><file name="ext-tree-checkbox.js" hash="b9d12cc79c28a69f86390a0c52f4b9c7"/><file name="ext-tree.js" hash="cbf1e494c6a179530e7defa99b15d67e"/><file name="fix-defer-before.js" hash="e7bcb304f4808869b5c5b132a7371d42"/><file name="fix-defer.js" hash="d1f987f0cf7fb00812359e367194246c"/><dir name="resources"><dir name="css"><file name="README.txt" hash="66440774774ca4995ad5137ac9ae48e0"/><file name="basic-dialog.css" hash="4cc973c87f79ea230f372cea597963ba"/><file name="box.css" hash="3809db7ee254d629d52dba0aad472d35"/><file name="button.css" hash="d3f29c8497579832fe5d7aafff7c3544"/><file name="combo.css" hash="483a1a701ca9c7db718e0e767f3d4585"/><file name="core.css" hash="6e82710d5206b6b7c0f70399cf649449"/><file name="date-picker.css" hash="fa68b668561d477e702318fb5d59636c"/><file name="dd.css" hash="f0e5f55969aeda8f65a01033613181c5"/><file name="debug.css" hash="6ef466c0c857e0c405cac7b8911f0824"/><file name="editor.css" hash="2fdb75e85a247c362285d4f079c0a12f"/><file name="ext-all.css" hash="c5e12af950c3ea3a243d0b9ca0dc4dba"/><file name="form.css" hash="38bd5bd602a83075325696af2c447e65"/><file name="grid.css" hash="c6d110f89542c04e4cbf98de73e97e9b"/><file name="layout.css" hash="89251906d248b3756f0ed354491651a6"/><file name="menu.css" hash="88eb8b3754612496ccf9d386694a39e0"/><file name="panel.css" hash="deaf7ccb5526687fadd67c093da9e604"/><file name="qtips.css" hash="2a6e683a7b23cbdf52177d7141d17435"/><file name="reset-min.css" hash="8fddbb1b7930f2817f2d5d215be98d5f"/><file name="resizable.css" hash="a50b8d1ea8e9dfbdd101a43bc63857c3"/><file name="tabs.css" hash="323d6f11f1550a43a02a617e39242ed5"/><file name="toolbar.css" hash="d09eb7507f57178967d217caeaa8b046"/><file name="tree.css" hash="b0104f954fbe1f04ebf49acffcec74ef"/><file name="ytheme-aero.css" hash="c25b48ba1b913f2ea094065fa916e9da"/><file name="ytheme-galdaka.css" hash="8b1917749205e64bdbcecc893e188b09"/><file name="ytheme-gray.css" hash="c45ba874b89038c9c8d9a79a1c591f26"/><file name="ytheme-magento.css" hash="94c3fc72743ad6d1fe7d8e74d713750e"/><file name="ytheme-vista.css" hash="2092ef97154cf5f6b33893bf5e178e21"/></dir><dir name="images"><dir name="default"><dir name="basic-dialog"><file name="btn-arrow.gif" hash="9e2365ef98c6096f6b5f411ab618bb4e"/><file name="btn-sprite.gif" hash="73a8327c23c12ed9ec42ac8f52b072e0"/><file name="close.gif" hash="2d54069e9355f295dd27027f7f779eb9"/><file name="collapse.gif" hash="63b2687a2dc81537765a7d22f9e480da"/><file name="e-handle.gif" hash="f9357e6c1dfbd00da007cf6705e08225"/><file name="expand.gif" hash="740af52fb7de6ca9fd888184e86a5308"/><file name="hd-sprite.gif" hash="6a54ae98bef53397d52282201852c204"/><file name="progress.gif" hash="baff9a083b93588fa7ff3548844a9e1a"/><file name="progress2.gif" hash="339036f9eb530c1b180c77f9a109ef3e"/><file name="s-handle.gif" hash="36b90844c0b35da23da21aac599957d4"/><file name="se-handle.gif" hash="668b22581100befcf947e806599dc0ce"/></dir><dir name="box"><file name="corners-blue.gif" hash="86fd4c5664e0971bfc11959e8442604c"/><file name="corners.gif" hash="d2d1bc2085b369ce35ffd20c0121676e"/><file name="l-blue.gif" hash="ced9ffbf66ea39e77083a591f8257267"/><file name="l.gif" hash="c4d9dbbdc59ae06b5e9e72a6a865c981"/><file name="r-blue.gif" hash="82dbb522a80e3246f6297719371a9494"/><file name="r.gif" hash="bf1e1d4a45f951ae656968a8c834f04a"/><file name="tb-blue.gif" hash="7c4b19eb682afdc1bde0640d2321fb25"/><file name="tb.gif" hash="dd3f63afe7ba90983ba73dad1c66bf2f"/></dir><dir name="dd"><file name="drop-add.gif" hash="95eb34ac70a1a3c95ef39ab826a89491"/><file name="drop-no.gif" hash="ae536c37391ba78143b5c8283cec8d13"/><file name="drop-yes.gif" hash="f3216326c00890259e84f1726dd1043f"/></dir><dir name="editor"><file name="tb-sprite.gif" hash="8908365d736426795ce46de7e328b508"/></dir><dir name="form"><file name="clear-trigger.gif" hash="97b3e5e9edf27b50d63d48098c2f1eae"/><file name="date-trigger.gif" hash="9245675ed8931df277184b419cf4cdad"/><file name="error-tip-corners.gif" hash="364474276178c7b48b6270056b42b808"/><file name="exclamation.gif" hash="40491021e901fa801dbbc09b6c59d73e"/><file name="search-trigger.gif" hash="559ef372cf27a38678d84e8c0b7237fc"/><file name="text-bg.gif" hash="d5ba54c1f417e6a72cbce8b909078727"/><file name="trigger-tpl.gif" hash="d7be20f0dc38f4f46cd318fe32cf3ce3"/><file name="trigger.gif" hash="45019efdf75528242c5a68742821dc57"/></dir><file name="gradient-bg.gif" hash="e117fca9d088e4cd5bbbcec7b99a8408"/><dir name="grid"><file name="Thumbs.db" hash="c3affff39ba36b80da43a08c34a61391"/><file name="arrow-left-white.gif" hash="b04e859bdcbd21ad1f06b8bfa7881df8"/><file name="arrow-right-white.gif" hash="714eb00f8134dde3a65c83f3f71ad2c4"/><file name="col-move-bottom.gif" hash="9c38bcb5cee1dc9b4ce64ad9ab1386f8"/><file name="col-move-top.gif" hash="c4584202d5172464050f675d396d1c6f"/><file name="dirty.gif" hash="decca3b96e2c37cf6eb04ddb0d9f669b"/><file name="done.gif" hash="365266930a93451414fe51ffc524a196"/><file name="drop-no.gif" hash="b53ca86d60fbcc7a45c8917299218bfd"/><file name="drop-yes.gif" hash="af96f4c3b32a470db2f38abb521b5c97"/><file name="footer-bg.gif" hash="65ed63e44c6149f1127ad3b4be4e0108"/><file name="grid-blue-hd.gif" hash="dd35d5c1202c440c2d1a945b335984d3"/><file name="grid-blue-split.gif" hash="0494ba49974ff2bc1bf81e1d82dfee18"/><file name="grid-hrow.gif" hash="55972a5063d80f35fb6b95a79bb0018a"/><file name="grid-loading.gif" hash="9ac6f737eb9b15272f12b00bfeb3c3c6"/><file name="grid-split.gif" hash="3ef419d4b9421d8e94f673a6238dc4c0"/><file name="grid-vista-hd.gif" hash="675f403e8a9cb5ab4bed725da9fe2023"/><file name="grid3-hd-btn.gif" hash="e3e77072c16a6b27556236961f29c552"/><file name="grid3-hrow-over.gif" hash="a92d8f6c106943995720f2884634670e"/><file name="grid3-hrow.gif" hash="4c58074bb961c8f184522355f1b0eb90"/><file name="grid3-special-col-bg.gif" hash="c9df03a1c107360128da89fa47066405"/><file name="grid3-special-col-sel-bg.gif" hash="a94039f89dec164896ceff1fbdf6dbc5"/><file name="hd-pop.gif" hash="e5f27a2f68cc2d13b11cf41c46d298dc"/><file name="hmenu-asc.gif" hash="048e0bc30f7c39d473dad5dabcbe03f2"/><file name="hmenu-desc.gif" hash="f0a987b34b003b25a7c82624d41f018a"/><file name="hmenu-lock.gif" hash="bcef18e25342c69c37c44dab87086065"/><file name="hmenu-lock.png" hash="2a3b0b441834f443c1086930939efdae"/><file name="hmenu-unlock.gif" hash="8cc8205dafa587ef02d8a86903ae8074"/><file name="hmenu-unlock.png" hash="c1f61df70b98c5498ea81e7e7b9effbb"/><file name="invalid_line.gif" hash="04a88e97b56e8a8ece4a66d49cc78828"/><file name="loading.gif" hash="00ef871b291bc03a497d608a5bd8ec99"/><file name="mso-hd.gif" hash="37fba9c02f0eefe57f655890eef1c4a1"/><file name="nowait.gif" hash="23c91166dbb16ba8655363321bf5a400"/><file name="page-first-disabled.gif" hash="8d3185028c541cbcce67b5909c04824e"/><file name="page-first.gif" hash="16ec00fa770d860b768cf5034ddfca96"/><file name="page-last-disabled.gif" hash="1d123237ceeb5109a1b9274f0cf19d73"/><file name="page-last.gif" hash="ef524dd0b8dfe4eefecffaa1c0bb8edd"/><file name="page-next-disabled.gif" hash="0f4b8681772c91921fa93ede9c755ea0"/><file name="page-next.gif" hash="f6f9d2209dfc99912ffc9848d97646db"/><file name="page-prev-disabled.gif" hash="eefcbed15c8d37a89618b08f7b224297"/><file name="page-prev.gif" hash="80daad880483eed682b22ec70514ecc4"/><file name="pick-button.gif" hash="b431fdf306f1e2f033d0a431996de93f"/><file name="refresh.gif" hash="8dae08d3581dcd9a04ca73877eab4b53"/><file name="row-check-sprite.gif" hash="2d0aa7e501c3e6f97a97faf75e35d3c3"/><file name="row-expand-sprite.gif" hash="be81199d9d4fa69bef47a8f036a5a7d8"/><file name="row-over.gif" hash="f639094bd0560aefabc86e51a825f23d"/><file name="row-sel.gif" hash="ca87d6b950386edd5e17c985769d9101"/><file name="sort_asc.gif" hash="cc186187e31b0c39abbb7d2394916292"/><file name="sort_desc.gif" hash="fcfe91243fac2e5f24d05bb44f78ded4"/><file name="wait.gif" hash="b0cd5a5dc070c705ebf8814a909802c3"/></dir><dir name="layout"><file name="collapse.gif" hash="dfcec0803d488a783916c750fd83a897"/><file name="expand.gif" hash="c9c9b0ea5311c3dc016c69dc234912bc"/><file name="gradient-bg.gif" hash="e117fca9d088e4cd5bbbcec7b99a8408"/><file name="ns-collapse.gif" hash="efa9fbd7a1f3f0f1f22360391e16126f"/><file name="ns-expand.gif" hash="da1f9d40c091d3b6dc7a8dee4fc02ac6"/><file name="panel-close.gif" hash="b185da1837344529bfb684a96d8371b5"/><file name="panel-title-bg.gif" hash="b66384c309a397963389a76b07e9ecd4"/><file name="panel-title-light-bg.gif" hash="688d3a263442db125da170e5d3aebf70"/><file name="stick.gif" hash="be9e67ae0b61b01cfd15928ca7a3da51"/><file name="stuck.gif" hash="745e0cacb51250ea0216efc4a1cb50cb"/><file name="tab-close-on.gif" hash="0ae2c978e85391a69f0dce8da18d8b23"/><file name="tab-close.gif" hash="f92107cc6b4cb78af084648a628e01d2"/></dir><dir name="menu"><file name="checked.gif" hash="692bc97badf50c05495f6109143b4b11"/><file name="group-checked.gif" hash="f7973443d91e5e074013f1b07ee79479"/><file name="menu-parent.gif" hash="d303ad7e3ced891736e80f77e1d4e51d"/><file name="menu.gif" hash="5d34732294bbe06a862961dd02bcc962"/><file name="unchecked.gif" hash="9b90ed7c9e8f0892ce09f3b35b19db53"/></dir><dir name="panel"><file name="corners-sprite.gif" hash="06daef2335218cdfd900ce8bf7a68738"/><file name="left-right.gif" hash="49344fefef7c6f866f910b9067f0990f"/><file name="tool-sprite-tpl.gif" hash="e0449768cd5dce80b18fac904818ab33"/><file name="tool-sprites.gif" hash="31ccd74ac8dab4b5669887310a2341df"/><file name="top-bottom.gif" hash="d9a86e8466a31bd1cb87aae2cf55faf2"/><file name="white-corners-sprite.gif" hash="de8b3036676d19b9635f319a8a4aad36"/><file name="white-left-right.gif" hash="77a6389c6737ad507ca5330ad8816524"/><file name="white-top-bottom.gif" hash="f865d7237bff3c45fd4a8c448f97d236"/></dir><dir name="qtip"><file name="bg.gif" hash="49c0a530cc16357bb39d51c13065a88f"/><file name="close.gif" hash="0379d036250096cae2e42b427b3df2e7"/><file name="tip-sprite.gif" hash="11637a20b1f3f2331bf0627146c2f433"/></dir><file name="s.gif" hash="fc94fb0c3ed8a8f909dbc7630a0987ff"/><file name="shadow-c.png" hash="3abbfce345687daada53445adf6fddc7"/><file name="shadow-lr.png" hash="986270d8ab4330fa7499dc33ed135598"/><file name="shadow.png" hash="860bf4f690d2ea2aba7b11500925da62"/><dir name="shared"><file name="calendar.gif" hash="81296cff1f97f5365524f2b9dcf626da"/><file name="glass-bg.gif" hash="bc2cd5c5ac9b3874d956c892d23f2119"/><file name="left-btn.gif" hash="6bf30c6cf0b5d70436c3e463b5532b35"/><file name="right-btn.gif" hash="e7ad3a7f4814791cecf1b90e77e9e139"/><file name="warning.gif" hash="448dc934a7f0dd6092b51f88a1e47b2d"/></dir><dir name="sizer"><file name="e-handle-dark.gif" hash="b86289f41d7ad1a7401dd2b2a9b3c3d8"/><file name="e-handle.gif" hash="510edc95ebaa36306916c50ca10596f7"/><file name="ne-handle-dark.gif" hash="115f71b851c7f0b5f354caa7b8dfff15"/><file name="ne-handle.gif" hash="8e268b962dc909d275997b572ff17a72"/><file name="nw-handle-dark.gif" hash="4a361e6920b2e34a39fd425a515c83b9"/><file name="nw-handle.gif" hash="1120600505249c38c3d1cc2ab120cd13"/><file name="s-handle-dark.gif" hash="4a6bf15d308a4ae580dd03cbd431a95c"/><file name="s-handle.gif" hash="5e3338cb09e9df7f52383d6b1423fc86"/><file name="se-handle-dark.gif" hash="f3d8d8aac23e3e9633072e2366cda847"/><file name="se-handle.gif" hash="71edc3f63f79f447d2c81ee09e1fbbc3"/><file name="square.gif" hash="4431ea1954bfd2a9cea0931f07fc7ffa"/><file name="sw-handle-dark.gif" hash="44b2400d873cf8a23d84424827cde44d"/><file name="sw-handle.gif" hash="c3e0befc4208a51180344765fd7deeda"/></dir><dir name="tabs"><file name="tab-btm-inactive-left-bg.gif" hash="4f141a6abf25d3c9409b6c381333c138"/><file name="tab-btm-inactive-right-bg.gif" hash="eb2423d3b9dd072976ce955ab0c683d6"/><file name="tab-btm-left-bg.gif" hash="a36eb9382ed8b858eff2c5d4e5d7011a"/><file name="tab-btm-right-bg.gif" hash="9e4245776f0f7b6b6c7ddbf40a43103a"/><file name="tab-sprite.gif" hash="6a7d481bf5b74acfbfa0b01a35bd6620"/></dir><dir name="toolbar"><file name="btn-arrow-light.gif" hash="fa49b39a0fd88ef26264da44a2b4edea"/><file name="btn-arrow.gif" hash="12bda29a4c8016cfa047e852c4353f59"/><file name="btn-over-bg.gif" hash="faddf9b24cefa721326ba3f87f3ef31f"/><file name="gray-bg.gif" hash="cf2d9408f320e696e607d8472afa7ff0"/><file name="tb-bg.gif" hash="5309337fd7a22cab9d9467fd9eaa0a0c"/><file name="tb-btn-sprite.gif" hash="3aed28dd646d22e215c8a6a3e983322f"/></dir><dir name="tree"><file name="drop-add.gif" hash="95eb34ac70a1a3c95ef39ab826a89491"/><file name="drop-between.gif" hash="edb544a0de58547d4a39c526e06e3c82"/><file name="drop-no.gif" hash="67f83ea04a2eb1c50614a96faf625f25"/><file name="drop-over.gif" hash="d6b303cfa3de8784057d9d7e66cdaa86"/><file name="drop-under.gif" hash="55e5dbc9451cfa91423832260b0753aa"/><file name="drop-yes.gif" hash="f3216326c00890259e84f1726dd1043f"/><file name="elbow-end-minus-nl.gif" hash="5e5bffba157eceee7989db95b919e4d5"/><file name="elbow-end-minus.gif" hash="a469f6a4394d797c2efeffc70409f6db"/><file name="elbow-end-plus-nl.gif" hash="f0f50c0dd3ee6dd4b11c1f245b36eb01"/><file name="elbow-end-plus.gif" hash="ec1482391363612d9e5f8c7087fddaba"/><file name="elbow-end.gif" hash="345551384aa325189ba28a1c20f3405e"/><file name="elbow-line.gif" hash="90e478158df476dc989a60daaafc87e6"/><file name="elbow-minus-nl.gif" hash="5e5bffba157eceee7989db95b919e4d5"/><file name="elbow-minus.gif" hash="71bb1bd44b1274c60d30dba1de472ed7"/><file name="elbow-plus-nl.gif" hash="f0f50c0dd3ee6dd4b11c1f245b36eb01"/><file name="elbow-plus.gif" hash="945572d06a74b5f952251a86c595f2da"/><file name="elbow.gif" hash="27679f3b1222ba95d9925885d7d82d02"/><file name="folder-open.gif" hash="c569141d6ae7c61d838ed8af26aa9380"/><file name="folder.gif" hash="b7209740bb4a825a06beb8698d92c2b1"/><file name="leaf.gif" hash="23757d6e353f343e3c7edfe28428f198"/><file name="loading.gif" hash="00ef871b291bc03a497d608a5bd8ec99"/><file name="s.gif" hash="fc94fb0c3ed8a8f909dbc7630a0987ff"/></dir><dir name="window"><file name="corners-sprite.gif" hash="b485d6e69678822a0fb77cc312487874"/><file name="left-right.gif" hash="3fe626d6ca2f71d36fc62c32cb1cc52a"/><file name="top-bottom.gif" hash="8a227016c401438e602c2f770a611d5b"/></dir></dir><dir name="magento"><dir name="basic-dialog"><file name="collapse-on.gif" hash="b60dfdc0d00cfb30a8a622e0c22eed84"/><file name="collapse.gif" hash="8525b9d2e93d31e0b071b1f9bf9550e5"/><file name="expand-on.gif" hash="0dfb4ac6d626cdcaa931c14dbb45848e"/><file name="expand.gif" hash="0eb5c03da8b8415e0568784c959e536a"/><file name="hd-sprite.gif" hash="035bf2296afd70af7020cf06b60bf3f6"/><file name="ns-collapse-on.gif" hash="88ed8b7578c803f68d9f1eb171454e00"/><file name="ns-collapse.gif" hash="44b91376c040f91672aaa98c1fcc062b"/><file name="ns-expand-on.gif" hash="587c2ce90066280e5e6cd731bb9d346c"/><file name="ns-expand.gif" hash="57b479b168f8a54200bd1770b5591630"/><file name="panel_close.gif" hash="686c6dfcf341de25487ab4d8ea5954ce"/><file name="pop_close.gif" hash="dd3605531f9959901eff6f089f084bdc"/><file name="pop_collapse.gif" hash="2b8007242ae1c9ae9f26c60a878a63f7"/></dir><dir name="grid"><file name="grid-body-bg.gif" hash="b5fe585c01f57b2171a2b723abcc4a38"/><file name="grid-split.gif" hash="32e210451e8dc4295b53cf7ca13bb4a6"/></dir><dir name="layout"><file name="checkered-bg.gif" hash="f0a0cd29a6120377c289fd39e2ee7e80"/><file name="icon-catalog.gif" hash="435ff2300ddefb9f8a4bad8ee806fb1a"/><file name="icon-category.gif" hash="ce2a146851bb5ec1e41670b68183b56a"/><file name="icon-my-tasks.gif" hash="0ecb888b160701845e25a7140d038af0"/><file name="icon-product.gif" hash="a0707878c5221052209e5ae6a4de0bd2"/></dir><file name="loading_bg.gif" hash="e202ef7e03d0ef3e9beac7480dae65bf"/><dir name="tabs"><file name="tab-sprite.gif" hash="049fb2f4186b6dc9de747ad96456b1ab"/></dir><dir name="toolbar"><file name="btn-arrow.gif" hash="938cffb6de5cc8b1febfd1851fd983c2"/><file name="header_bg.gif" hash="3696842a32740fa159484cabc3340d13"/><file name="toolbar-bg.gif" hash="8d1b465c2a75963407b536d9081f649f"/></dir><dir name="tree"><file name="elbow-end-minus-nl.gif" hash="6dc08c43109cc6a365bd0270f05e2f1c"/><file name="elbow-end-minus.gif" hash="3dbdb88a9297fe5631e832f046b0350b"/><file name="elbow-end-plus-nl.gif" hash="6dc08c43109cc6a365bd0270f05e2f1c"/><file name="elbow-end-plus.gif" hash="5470e5712a9742ba666c26cb429baaeb"/><file name="elbow-end.gif" hash="63fe879440e2784e0cc0d316ce017745"/><file name="elbow-line.gif" hash="b316a39455304e20e01dbc437f57fd32"/><file name="elbow-minus-nl.gif" hash="0e3129bff70475c8f7f297e0e59d1608"/><file name="elbow-minus.gif" hash="e7b18ff6800e65c6e171bbb2a911762e"/><file name="elbow-plus-nl.gif" hash="78a8f737941fa658f1e770258a3791cd"/><file name="elbow-plus.gif" hash="b02cb264df55aef2105b1b245d075e56"/><file name="elbow.gif" hash="b6bd0e0237e3cd413fa2dac27701c724"/><file name="folder-open.gif" hash="e3cd196406d4857dc0c926807f16c409"/><file name="folder.gif" hash="03eb26c42137ac792609822862ef4d0f"/><file name="leaf.gif" hash="e3cd196406d4857dc0c926807f16c409"/><file name="s.gif" hash="df3e567d6f16d040326c7a0ea29a4f41"/></dir></dir></dir></dir></dir></dir></target></contents>
    <compatible/>
    <dependencies><required><php><min>5.2.0</min><max>6.0.0</max></php></required></dependencies>
</package>
