<?xml version="1.0"?>
<package>
    <name>Lib_Unserialize</name>
    <version>1.9.3.1</version>
    <stability>stable</stability>
    <license uri="http://opensource.org/licenses/osl-3.0.php">Magento Core Edition</license>
    <channel>community</channel>
    <extends/>
    <summary>Magento Library</summary>
    <description>Magento Library</description>
    <notes>1.9.3.1</notes>
    <authors><author><name>Magento Core Team</name><user>core</user><email>core@magentocommerce.com</email></author></authors>
    <date>2016-11-11</date>
    <time>15:21:01</time>
    <contents><target name="magelib"><dir name="Unserialize"><file name="Parser.php" hash="f358068a2b1785779373e3df1bad058a"/><dir name="Reader"><file name="Arr.php" hash="bad7c86cd65dcdcd1cf4dfe19e306ab5"/><file name="ArrKey.php" hash="664103399f7a8b8c98e9a81730cf76ce"/><file name="ArrValue.php" hash="6b7e73e2c57d4bd94649e84e332f3836"/><file name="Bool.php" hash="2e4b132fdf9ca60006f992aa97daf29c"/><file name="Dbl.php" hash="da65adeacf3fd750cb79bb31ced487df"/><file name="Int.php" hash="06a895c579ec5583a7c709adb371eea1"/><file name="Null.php" hash="03717def599b5155db54632d9aa3dd79"/><file name="Str.php" hash="602abb0701f2c997d2d06aedbe764e0f"/></dir></dir></target></contents>
    <compatible/>
    <dependencies><required><php><min>5.2.0</min><max>6.0.0</max></php></required></dependencies>
</package>
