<?xml version="1.0"?>
<package>
    <name>Mage_Downloader</name>
    <version>1.9.3.6</version>
    <stability>stable</stability>
    <license uri="http://opensource.org/licenses/osl-3.0.php">OSL v3.0</license>
    <channel>community</channel>
    <extends/>
    <summary>Magento Downloader</summary>
    <description>Magento Downloader</description>
    <notes>1.9.3.6</notes>
    <authors><author><name>Magento Core Team</name><user>core</user><email>core@magentocommerce.com</email></author></authors>
    <date>2017-09-14</date>
    <time>17:34:35</time>
    <contents><target name="mage"><dir name="downloader"><dir name="js"><file name="prototype.js" hash="3766aeff5778b54f74f93670322ca0df"/></dir><dir name="Maged"><dir name="BruteForce"><file name="Validator.php" hash="c70505f5c34388aa51109e8daa0bf1dc"/></dir><dir name="Connect"><file name="Frontend.php" hash="df3f429dd61ff490b4e8206d1aaa858c"/></dir><file name="Connect.php" hash="25f06ab5d9e15340cd73d7627970218f"/><file name="Controller.php" hash="88576f1fc36d6b8cbe06fa0bf3d6d82d"/><file name="Exception.php" hash="0716dbe68496bce9e34ccb7d0e029cf8"/><dir name="Model"><dir name="BruteForce"><file name="ConfigIni.php" hash="fd4a2f4c478770e4e24cae205776d47b"/><file name="ModelConfigInterface.php" hash="b3faf93b9a302dd02baab9a20357a08b"/><dir name="Resource"><file name="FTP.php" hash="4cca72b25dd0f592f935f3afd94cf213"/><file name="File.php" hash="e37d868335494578f9c95b0118ae6718"/><file name="ResourceInterface.php" hash="bc57474401eaeb7f9d44b6470bec2e83"/></dir></dir><dir name="Config"><file name="Abstract.php" hash="de9191b27e421522a32c3c2ddc56f3e3"/><file name="Community.php" hash="2d713cebb686e3391a3bdba5944b79d6"/><file name="Interface.php" hash="1f02be159282f8c8affd53899e402068"/></dir><file name="Config.php" hash="3e878afcd8fc78cbcb980bee38f0cead"/><dir name="Connect"><file name="Request.php" hash="97c57076ca29b6e40c4595ba18872adf"/></dir><file name="Connect.php" hash="0ba682a480c3728d98d6d604f3fa8e36"/><file name="Dowloader.php" hash="69fa61db01718aec4e1eda9bad6295f0"/><file name="Session.php" hash="61b35a37e750ab3849614a90697dbd1a"/></dir><file name="Model.php" hash="e06fb64dcd7a5b51795c0420cb115741"/><file name="View.php" hash="a9d5f7b7225ebcc9a11b8f122856382a"/><file name=".htaccess" hash="72617d60821288133a367f70bf39ad93"/></dir><dir name="skin"><file name="boxes.css" hash="ba106ff7247c51b96aabf0e0eee42204"/><file name="ie7boxes.css" hash="3f51b7cde0f4410af0d6ac2cd2eb8d08"/><file name="ieboxes.css" hash="e7316fd466cecb3c3b3f7cd6281f0412"/><dir name="images"><file name="Magento_Connect.jpg" hash="20e1378c09506fdc5723abc0115d5f57"/><file name="ajax-loader-tr.gif" hash="1ae32bc8232ff2527c627e5b38eb319a"/><file name="btn_bg.gif" hash="37c51a4d48a92da9648dcd3ca011039f"/><file name="header_bg.gif" hash="8440b04c5cb6b1451bb886bfbef260a5"/><file name="logo.gif" hash="5eb089ecea67d82311d7c91898460104"/><file name="nav_bg.gif" hash="1cb1366f03a9efad6b17e4483aef20cf"/><file name="nav_separator.gif" hash="492011a7de2de84a9c7837bfd879ab95"/></dir><dir name="install"><file name="boxes.css" hash="e9d940b04559bbc1477b65ac7747b8c0"/><file name="clears.css" hash="db7a1ddf119b5bcb5d00d1f48a2f63a5"/><file name="ie7minus.css" hash="7daba7689ca347437d5e31cd87c5ff5b"/><file name="iestyles.css" hash="80fa151086a69dc305420da9b1b986a0"/><dir name="images"><file name="error_msg_icon.gif" hash="e4f28607f075a105e53fa3113d84bd26"/><file name="footer_bg.gif" hash="d59784af16fd95ea82226e5708a89232"/><file name="footer_container_bg.gif" hash="d468e3943943cbbf711586e69d40ca42"/><file name="footer_info_separator.gif" hash="7da64eefaf4da3855ab6ee76dbced0c2"/><file name="footer_informational_bg.gif" hash="72d37f4b2ea747bf8969c2654ad1d1e0"/><file name="footer_left.gif" hash="2b15a54bea9409a75c142d14a62f0149"/><file name="footer_legality_bg.gif" hash="4eb1602e3369dccd901ffe98ea0fd4b3"/><file name="footer_right.gif" hash="a45eaf35c8797d299bd4d9b936528e8f"/><file name="header_bg.gif" hash="795c6de754d0d49717ed08d5cd8168c8"/><file name="header_nav_bg.gif" hash="80c6a18686eb0243e06d6176506a2502"/><file name="header_top_bg.jpg" hash="143f524392ee62fcc8183f5930d7258b"/><file name="header_top_container_bg.jpg" hash="294c18f3f6b838bba06ae41dd3c3d638"/><file name="logo.gif" hash="073a947a39b967af678455a5c7f66e90"/><file name="main_bg.gif" hash="cf18ba9f7c7e6b058b439cde1a897e9c"/><file name="main_container_bg.gif" hash="a8f5717873dc6cf8f6bd22924b5838fe"/><file name="note_msg_icon.gif" hash="e774ee481a2820789c1a77112377c4e0"/><file name="success_msg_icon.gif" hash="834dfafd5f8b44c4b24a4c00add56fcf"/><file name="validation_advice_bg.gif" hash="b85432906de8985a8b14eeb2dc652d3c"/></dir><file name="reset.css" hash="8b6a578dd800e9b5d20844116ea020e9"/></dir></dir><dir name="template"><dir name="connect"><file name="iframe.phtml" hash="f9c5008ac4d0d5c3912493f23f3c6627"/><file name="packages.phtml" hash="791984dedc2d631186daf444155dc30d"/><file name="packages_prepare.phtml" hash="1e886565a7f0fff891f97f4dd7d0439a"/></dir><file name="exception.phtml" hash="15356cb1d178a557a5304e520d1119ac"/><file name="footer.phtml" hash="106c821a7369c314b083fec645d53adb"/><file name="header.phtml" hash="cc61b310dcfb5aa4473bbd7c82c7a37c"/><file name="index.phtml" hash="03b674f4944ed91347710a14d0fd7aca"/><dir name="install"><file name="download.phtml" hash="095748be3046e9fd7e0c03a89b07b903"/><file name="footer.phtml" hash="55c5e1a0e96a0b52b8f6af250748fda2"/><file name="header.phtml" hash="0a9c5fb91ee9cf1e17b04fcebbe2a904"/><file name="writable.phtml" hash="a07df8c13820ae66bf029737c70100fd"/></dir><file name="login.phtml" hash="8a8c2dc92a53021afe0676775ab9ecd4"/><file name="messages.phtml" hash="b0344942d997e38e95a78494281c0904"/><file name="noroute.phtml" hash="f57a098e9f2288b88bca24084a2355de"/><file name="settings.phtml" hash="c0aab29256b5658a6c4a7cd109ed8bfd"/><file name="writable.phtml" hash="3943419afe2987cddb3910fbae00785d"/><file name=".htaccess" hash="72617d60821288133a367f70bf39ad93"/></dir><file name="index.php" hash="d1b6425cb3e7d53e4634d11ab84a6d72"/><dir name="lib"><dir name="Mage"><dir name="Archive"><file name="Abstract.php" hash="dfe2587304716e52096279d668b748ac"/><file name="Bz.php" hash="f43c9f6d566d2bc8ba606cf0c6617716"/><file name="Gz.php" hash="4abf9c886d267edd057c3b6514255fb8"/><dir name="Helper"><dir name="File"><file name="Bz.php" hash="0246d9dd33025c3aa4a551e7e05e5f37"/><file name="Gz.php" hash="0896df388c52d36a2cb4120f2d672551"/></dir><file name="File.php" hash="3d2bc23ef7d0c22ca2f0b1e287bac37e"/></dir><file name="Interface.php" hash="89d5fe9982ac76725b70f42a8ec607d9"/><file name="Tar.php" hash="0a87405f09a03bc804b97db4935a839c"/></dir><file name="Archive.php" hash="7fda51c2ad3ec9a70d45510f7408d834"/><dir name="Autoload"><file name="Simple.php" hash="39e2bb5ff20c233e47aed8b0342da75e"/></dir><dir name="Backup"><file name="Abstract.php" hash="776397c9cf15f8435ed9fc2b482b8265"/><dir name="Archive"><file name="Tar.php" hash="61bfd0bfb347d11362c5155210579abc"/></dir><file name="Db.php" hash="cd957969a10d2d07522748edd4cb146c"/><dir name="Exception"><file name="CantLoadSnapshot.php" hash="4e0aacab06146ebdfea457f8f0f2a768"/><file name="FtpConnectionFailed.php" hash="96216f1d26ce8a2b8b95b3eaf5efebcb"/><file name="FtpValidationFailed.php" hash="8f6f9daf8bcb691f6c260b55ed9b0809"/><file name="NotEnoughFreeSpace.php" hash="a79537c946715cb4f9fd6fd82bfdd88a"/><file name="NotEnoughPermissions.php" hash="28026734512cf4e136cd55388c1b1ce1"/></dir><file name="Exception.php" hash="25159de729f9af5678e7dc23f844dfff"/><dir name="Filesystem"><file name="Helper.php" hash="db6848b8964b0fc238a45f2667b60d28"/><dir name="Iterator"><file name="File.php" hash="712e411685d699a4e3968ec48a2e7e79"/><file name="Filter.php" hash="94dabed7ae40395781165c908591c6a0"/></dir><dir name="Rollback"><file name="Abstract.php" hash="75543d2ba13d7ea1b05c0fbab63f6094"/><file name="Fs.php" hash="c749d66e767772e617761b6009876fc7"/><file name="Ftp.php" hash="17638aeb054e5120574429a0799fbd6c"/></dir></dir><file name="Filesystem.php" hash="66778d9c0543100ebed66fe7a90bc248"/><file name="Interface.php" hash="2ec526ba7eb42518f22b481f4010d202"/><file name="Media.php" hash="3b8c5b1018a3eb0ada624fca363c0ed3"/><file name="Nomedia.php" hash="b4ea9f6a1386499453561f3a5a82dfc2"/><file name="Snapshot.php" hash="25164ecfb2d6ebddc158a64d441da1b5"/></dir><file name="Backup.php" hash="5faa8ecee5ad99bbbc1784954fdeee69"/><dir name="Connect"><file name="Backup.php" hash="624d9391f27460f38802b03fbc64eab7"/><dir name="Channel"><file name="Generator.php" hash="04ea20dd1c3f220a85bd281a2e0cdd25"/><file name="Parser.php" hash="5cf7f2f92a6969dc4eb0f35c9d541363"/><file name="VO.php" hash="2dec6fa9335fabe180962a5fda0073e3"/></dir><dir name="Command"><file name="Channels.php" hash="23ffc485af29cf84f48fb82f6a50a4e2"/><file name="Channels_Header.php" hash="4d64d7c795fc1a6d7df196fc27f6b1fb"/><file name="Config.php" hash="97d2cfe7cdf3ed670ecfe9be08b50100"/><file name="Config_Header.php" hash="3adf5c3e85500f17536f117ecfcb38f8"/><file name="Install.php" hash="be1abcaf9ea93573199aec884fe7def6"/><file name="Install_Header.php" hash="d228bbc35a1258812d68c4cc5e77f9b2"/><file name="Package.php" hash="472fef8525407fe4abd5395952c5fea4"/><file name="Package_Header.php" hash="ad4dcf0fc6df61264e10928e29561bad"/><file name="Registry.php" hash="89d28bbe83de0fb12cc2eef767af5739"/><file name="Registry_Header.php" hash="3f294e3639a5d33da2deb452946eece0"/><file name="Remote.php" hash="67a593442ec66d7e40c90b979ebb8e7d"/><file name="Remote_Header.php" hash="a9279daf3adcaec048f38301d552b5d8"/></dir><file name="Command.php" hash="fbdc6ee69f83f532f1cf9ef176af5b33"/><file name="Config.php" hash="731da82d036bcb60c74d47692cb7bef0"/><file name="Converter.php" hash="2cf5977320c4ebc66caaaeaf0f27306e"/><dir name="Frontend"><file name="CLI.php" hash="d21ede1996a29395455a0778612edfaf"/></dir><file name="Frontend.php" hash="6e97fee701a1f6eba72d9e1ab8893d81"/><file name="Ftp.php" hash="5caa3656c74507a73fedf822e676fa79"/><dir name="Loader"><file name="Ftp.php" hash="9caf20746e490006009444cf487dd245"/></dir><file name="Loader.php" hash="01246c48c681acd664703009153fd4d9"/><dir name="Package"><file name="Extension.php" hash="5cf7f2f92a6969dc4eb0f35c9d541363"/><file name="Hotfix.php" hash="aa07820537065f132c685a4a6543329e"/><file name="Maintainer.php" hash="5cf7f2f92a6969dc4eb0f35c9d541363"/><file name="Reader.php" hash="98ffdd2b565537f49f8ed4ef3e7053e7"/><file name="Target.php" hash="32af8ba19f55a85a93faf0294b703a92"/><file name="VO.php" hash="91177eadaab3a23aa5b453ff456870b8"/><file name="Writer.php" hash="dcdc9b8d6077587b600efe53973b6774"/></dir><file name="Package.php" hash="50f930eeb977f157fe06ebfea29825cf"/><file name="Packager.php" hash="298c044ecd95a55c87e1891b2f0318e3"/><dir name="Repository"><file name="Abstract.php" hash="5cf7f2f92a6969dc4eb0f35c9d541363"/><dir name="Channel"><file name="Abstract.php" hash="5cf7f2f92a6969dc4eb0f35c9d541363"/><file name="Commercial.php" hash="5cf7f2f92a6969dc4eb0f35c9d541363"/><file name="Community.php" hash="5cf7f2f92a6969dc4eb0f35c9d541363"/><file name="Core.php" hash="5cf7f2f92a6969dc4eb0f35c9d541363"/></dir><file name="Channel.php" hash="5cf7f2f92a6969dc4eb0f35c9d541363"/><file name="Local.php" hash="5cf7f2f92a6969dc4eb0f35c9d541363"/></dir><file name="Repository.php" hash="5cf7f2f92a6969dc4eb0f35c9d541363"/><dir name="Rest"><file name="Builder.php" hash="53c61f495301130e7ca47f9838ec7875"/><file name="Factory.php" hash="bb50791d72c89ff1cfcb5fe8397a5272"/></dir><file name="Rest.php" hash="60f0c08df1c0f32962e2a717746c5d11"/><file name="Singleconfig.php" hash="ada70007aeb544ca3fb28858f36110b5"/><dir name="Structures"><file name="Graph.php" hash="c6c5d47ea2243daa97b79e0fa4e9c1f5"/><file name="Node.php" hash="95ce164f476b92cd50d5acc41479a624"/></dir><file name="Validator.php" hash="415b6659aa1c9e4ff1691aa3867c6316"/></dir><dir name="DB"><file name="Exception.php" hash="7a6e8681fd16aa682536ff155c373371"/><file name="Mysqli.php" hash="72638a98b6d060922c2bd81c4f6c670a"/></dir><file name="Exception.php" hash="045eb5da6cf372f787eb3b2b39649dbc"/><dir name="HTTP"><dir name="Client"><file name="Curl.php" hash="c84be0b52c789b6cef6d437914dbe722"/><file name="Socket.php" hash="e4e248a55e2354445ebded7e12af2db4"/></dir><file name="Client.php" hash="9aacd55658381662b3c426b8ba44736c"/><file name="IClient.php" hash="4b7e73bf26651e23f8b6ead9204f51c2"/></dir><dir name="System"><file name="Args.php" hash="76fd275514d8a8ede4d3751eb000e74a"/><file name="Dirs.php" hash="012db4cad14d6d7117e76fede4cf2c3c"/><file name="Ftp.php" hash="2da6df37b9258668ff63e20cc2186557"/></dir><dir name="Xml"><file name="Generator.php" hash="16b565730d0e4608a90c51de9066b83f"/><file name="Parser.php" hash="65b42ab5a7d00b5dbcc3ab0d488dcd2c"/></dir></dir><file name=".htaccess" hash="72617d60821288133a367f70bf39ad93"/></dir><file name="config.ini" hash="a52ba98e71ab19de387b3af1a04c6102"/><file name=".htaccess" hash="520cc012c84739584526b8a9ff098e23"/><file name="mage.php" hash="a6a12bcdb2f28678a332eee93f91db3a"/><file name="favicon.ico" hash="88733ee53676a47fc354a61c32516e82"/><file name="target.xml" hash="fba786ac2b729187442ae845e983b0b4"/></dir><dir name="."><file name=".htaccess" hash="242b96ab8c820ff12b9e610a8f4352ec"/><file name="index.php" hash="28eb991739b6aa2c305882b966ca0dfb"/><file name="mage" hash="cac5c77641862131a7c30aa417c1f56e"/></dir></target></contents>
    <compatible/>
    <dependencies><required><php><min>5.2.0</min><max>6.0.0</max></php></required></dependencies>
</package>
