<?xml version="1.0"?>
<package>
    <name>Mage_Downloader</name>
    <version>1.9.3.0</version>
    <stability>stable</stability>
    <license uri="http://opensource.org/licenses/osl-3.0.php">OSL v3.0</license>
    <channel>community</channel>
    <extends/>
    <summary>Magento Downloader</summary>
    <description>Magento Downloader</description>
    <notes>1.9.3.0</notes>
    <authors><author><name>Magento Core Team</name><user>core</user><email>core@magentocommerce.com</email></author></authors>
    <date>2016-10-04</date>
    <time>13:04:45</time>
    <contents><target name="mage"><dir name="downloader"><dir name="js"><file name="prototype.js" hash="3766aeff5778b54f74f93670322ca0df"/></dir><dir name="Maged"><dir name="BruteForce"><file name="Validator.php" hash="5bf221ba9f4abe8c454cb5dfb4e8fe61"/></dir><dir name="Connect"><file name="Frontend.php" hash="78a776b53c0fb66d1b76dd3ac2b3fb6a"/></dir><file name="Connect.php" hash="2480fc6a2688a2b24c439ae7eeac73e2"/><file name="Controller.php" hash="bff143dded5ba43f133089e0e25f3e2f"/><file name="Exception.php" hash="a42db400bc39f8bf3b59f72ba97d977f"/><dir name="Model"><dir name="BruteForce"><file name="ConfigIni.php" hash="4fae9ddb08886881c77993ef7b49e785"/><file name="ModelConfigInterface.php" hash="1650a63f84dfbf53b9800bc31fa1f038"/><dir name="Resource"><file name="FTP.php" hash="9a8861eb938c334942d865b0514dbc7b"/><file name="File.php" hash="e9496e7915f14dd863ff13095f9f552d"/><file name="ResourceInterface.php" hash="310041c37da8e98af156d742e5c6b96f"/></dir></dir><dir name="Config"><file name="Abstract.php" hash="a0cf5733571ff2e6290c21364e3f5c24"/><file name="Community.php" hash="a636eb518434ca1dfe8ca1f01bf379fd"/><file name="Interface.php" hash="4d5fab4370d1d139f066bfebc0feb695"/></dir><file name="Config.php" hash="b97bd285b6de78866c30ee0e7789f916"/><dir name="Connect"><file name="Request.php" hash="00448a099046a24ab66fd5182c963114"/></dir><file name="Connect.php" hash="325bd131537d3b88a3f1c6ce7eec7bf1"/><file name="Dowloader.php" hash="1b11353e50d943a105f2a3de69f58bc4"/><file name="Session.php" hash="2df34c95e8c47fc5c219c00edceb34c0"/></dir><file name="Model.php" hash="6cdf4d7f15043aac54102397fa8969df"/><file name="View.php" hash="fbaf1cf8fc0200f90ee1c02f567b7ee8"/><file name=".htaccess" hash="72617d60821288133a367f70bf39ad93"/></dir><dir name="skin"><file name="boxes.css" hash="252cc12205a39279b5c5330e23aad7ac"/><file name="ie7boxes.css" hash="f17d5252a3f67fdbcdb4e9df4f7971fb"/><file name="ieboxes.css" hash="cae83da82fef24e35155fb56b2c4a85f"/><dir name="images"><file name="Magento_Connect.jpg" hash="20e1378c09506fdc5723abc0115d5f57"/><file name="ajax-loader-tr.gif" hash="1ae32bc8232ff2527c627e5b38eb319a"/><file name="btn_bg.gif" hash="37c51a4d48a92da9648dcd3ca011039f"/><file name="header_bg.gif" hash="8440b04c5cb6b1451bb886bfbef260a5"/><file name="logo.gif" hash="5eb089ecea67d82311d7c91898460104"/><file name="nav_bg.gif" hash="1cb1366f03a9efad6b17e4483aef20cf"/><file name="nav_separator.gif" hash="492011a7de2de84a9c7837bfd879ab95"/></dir><dir name="install"><file name="boxes.css" hash="de9a4050805ee8eaee88dc30351170ae"/><file name="clears.css" hash="4d4f27ee5e4fd5d33a9aa192f952d674"/><file name="ie7minus.css" hash="8cc457cdbbe8842902ca91f23a44adf7"/><file name="iestyles.css" hash="f9d8a7f31aa41ce449a2b14eb5e961e9"/><dir name="images"><file name="error_msg_icon.gif" hash="e4f28607f075a105e53fa3113d84bd26"/><file name="footer_bg.gif" hash="d59784af16fd95ea82226e5708a89232"/><file name="footer_container_bg.gif" hash="d468e3943943cbbf711586e69d40ca42"/><file name="footer_info_separator.gif" hash="7da64eefaf4da3855ab6ee76dbced0c2"/><file name="footer_informational_bg.gif" hash="72d37f4b2ea747bf8969c2654ad1d1e0"/><file name="footer_left.gif" hash="2b15a54bea9409a75c142d14a62f0149"/><file name="footer_legality_bg.gif" hash="4eb1602e3369dccd901ffe98ea0fd4b3"/><file name="footer_right.gif" hash="a45eaf35c8797d299bd4d9b936528e8f"/><file name="header_bg.gif" hash="795c6de754d0d49717ed08d5cd8168c8"/><file name="header_nav_bg.gif" hash="80c6a18686eb0243e06d6176506a2502"/><file name="header_top_bg.jpg" hash="143f524392ee62fcc8183f5930d7258b"/><file name="header_top_container_bg.jpg" hash="294c18f3f6b838bba06ae41dd3c3d638"/><file name="logo.gif" hash="073a947a39b967af678455a5c7f66e90"/><file name="main_bg.gif" hash="cf18ba9f7c7e6b058b439cde1a897e9c"/><file name="main_container_bg.gif" hash="a8f5717873dc6cf8f6bd22924b5838fe"/><file name="note_msg_icon.gif" hash="e774ee481a2820789c1a77112377c4e0"/><file name="success_msg_icon.gif" hash="834dfafd5f8b44c4b24a4c00add56fcf"/><file name="validation_advice_bg.gif" hash="b85432906de8985a8b14eeb2dc652d3c"/></dir><file name="reset.css" hash="d10ef7911c66830825b0367b46fc203c"/></dir></dir><dir name="template"><dir name="connect"><file name="iframe.phtml" hash="3f86f07b3cc49aa3add499b5f99a2ceb"/><file name="packages.phtml" hash="83fb56d37655a352008a46084f69f29b"/><file name="packages_prepare.phtml" hash="d664da715e3d9e35e51cf51a356d7ad6"/></dir><file name="exception.phtml" hash="446cb7db443dac90fd179e4dc9042208"/><file name="footer.phtml" hash="c19c11172aa91e03e99e387226236ba4"/><file name="header.phtml" hash="cd119717f993edab2532033fd1e7031a"/><file name="index.phtml" hash="af7fd53abba1ceee7931a59727baf1ac"/><dir name="install"><file name="download.phtml" hash="278ec476e6af69c0ca27efc3a638bc8a"/><file name="footer.phtml" hash="ffd35db4058f3e1612214f2f76b3f445"/><file name="header.phtml" hash="df212cdef481852c3926a96e70e94586"/><file name="writable.phtml" hash="472ff87b5d7158beec57fd6d7fa27f0d"/></dir><file name="login.phtml" hash="9645fca3d92f81ce92ffd184facbbc9c"/><file name="messages.phtml" hash="a25f4bd907224f5124b00c166414d2d5"/><file name="noroute.phtml" hash="e3701c3664d76611110209e88d36ea9e"/><file name="settings.phtml" hash="bb70adcbe7f76d4d6fbb9974a97a2571"/><file name="writable.phtml" hash="934410a54bd3fb796c2bfa7e0d011d51"/><file name=".htaccess" hash="72617d60821288133a367f70bf39ad93"/></dir><file name="index.php" hash="2d785a16995da61d6ea03aa9eb130c3a"/><dir name="lib"><dir name="Mage"><dir name="Archive"><file name="Abstract.php" hash="fe932085a8ee80ced42caa531114f1e0"/><file name="Bz.php" hash="d6426ab0a7999ef9829f8f4ad0ae4f65"/><file name="Gz.php" hash="0825c0e8ac799f5071edc5441935b74b"/><dir name="Helper"><dir name="File"><file name="Bz.php" hash="f9bed06826ecc6d6ad55f303ddaf45c7"/><file name="Gz.php" hash="c839c55d72b3ec5c524113222a650936"/></dir><file name="File.php" hash="5fc72860b28ec0c3a9d075d9ec3899f5"/></dir><file name="Interface.php" hash="141a427b2de40a2425f04a59d84a5ac1"/><file name="Tar.php" hash="6c10e519a593c0414dabc848fdb84baf"/></dir><file name="Archive.php" hash="0644f8db11f1c357b7869945cb5bcd53"/><dir name="Autoload"><file name="Simple.php" hash="286dbec2676d0e7537e5d10d63f03b64"/></dir><dir name="Backup"><file name="Abstract.php" hash="bfe563b766fadff97fd363de8c4df8b1"/><dir name="Archive"><file name="Tar.php" hash="c8fe2ced6e6eec732be365c03cca7a1f"/></dir><file name="Db.php" hash="2ec2fe7b4017b861be4d1440627b3c19"/><dir name="Exception"><file name="CantLoadSnapshot.php" hash="8dda1d8fcb58b38f3a6b34fe14c19738"/><file name="FtpConnectionFailed.php" hash="ac9e832b2502a85d87de7ecd24d0a06e"/><file name="FtpValidationFailed.php" hash="38a4d1b979b7aa23ec285d4ed0cfcbdb"/><file name="NotEnoughFreeSpace.php" hash="18730975d2f1eeb8a7f4e95ea783bbf7"/><file name="NotEnoughPermissions.php" hash="30be06ac99390b6c5a2e697583d967e7"/></dir><file name="Exception.php" hash="e50bd4ee85b423143f408252403938f8"/><dir name="Filesystem"><file name="Helper.php" hash="3a50c7daffcd2a32dfade3b056c6e809"/><dir name="Iterator"><file name="File.php" hash="daac2b8602774cb2ca4dcf2cee275375"/><file name="Filter.php" hash="2f2a5a7b993e5ed9e98b444bf01cfc18"/></dir><dir name="Rollback"><file name="Abstract.php" hash="dbd411d64baeb4255fcd68ea8f4a8657"/><file name="Fs.php" hash="05c8e69bdb6cc499ee6d2e9dfe0df806"/><file name="Ftp.php" hash="e52f99c00cc30c52ce9cf82b39df6cc4"/></dir></dir><file name="Filesystem.php" hash="b94ad4d595d0e4ef7c3255cdad1c7ada"/><file name="Interface.php" hash="1bbad039d29cf54675c59764c0baf381"/><file name="Media.php" hash="267a6da8299593324304af34b9016a88"/><file name="Nomedia.php" hash="f59f14a1dac8f40800a6477341c68df8"/><file name="Snapshot.php" hash="e12f7f3819445d6fce43abc9d6a6d249"/></dir><file name="Backup.php" hash="40a2c5a18460690bfb24474e162f58b2"/><dir name="Connect"><file name="Backup.php" hash="2e4d1e2c1fb8f78bc2033fca475c476f"/><dir name="Channel"><file name="Generator.php" hash="ce1306cd397921a92dabc281215ebcf4"/><file name="Parser.php" hash="0ff7c4822bbce0b4390e3e1bec6f4d5d"/><file name="VO.php" hash="e9e715cf8b85960faddaf064f9adcdf0"/></dir><dir name="Command"><file name="Channels.php" hash="3149451cfe1be57bb5cb18b2a9759ec3"/><file name="Channels_Header.php" hash="ad00027c4f5642211ba51d2648931967"/><file name="Config.php" hash="c4aefacf1e0d77b595802700a03b9091"/><file name="Config_Header.php" hash="6308fc5c62ad94c92579e6ba8532764f"/><file name="Install.php" hash="eb7afec2d9b017c40e02561447180cac"/><file name="Install_Header.php" hash="9909984d7cbaedd4433d2638d0c30e55"/><file name="Package.php" hash="19cc7ad69932e84482b87c6c48f8b109"/><file name="Package_Header.php" hash="6783594e2920fcee8c04fdd869ab8dbd"/><file name="Registry.php" hash="623d0f1ab6e7b1c5f8b42bc418db63f8"/><file name="Registry_Header.php" hash="59d72375eac65124fead2e39d65d012e"/><file name="Remote.php" hash="9acf14759e955d7d4bcf5005c59d512f"/><file name="Remote_Header.php" hash="d1e7a277fe5671fb8783100d77bf6517"/></dir><file name="Command.php" hash="6d3eff81db6d7890ed8acf616d0d11a5"/><file name="Config.php" hash="08752165f08baec4736c39c1b2ec6bf7"/><file name="Converter.php" hash="253e0faaf11b3b6ebd4f131b6e194f2b"/><dir name="Frontend"><file name="CLI.php" hash="9640aaca77e3a34934ec543e0bfe8391"/></dir><file name="Frontend.php" hash="1293aa36c6a18cb283a4eee12f7230b5"/><file name="Ftp.php" hash="0323c80694b6acadf93c4a8d0e298a22"/><dir name="Loader"><file name="Ftp.php" hash="2bd56f41f20cbc78725a3ca480f3ecde"/></dir><file name="Loader.php" hash="620b95d854f29f3d7e4d74d192e113a8"/><dir name="Package"><file name="Extension.php" hash="0ff7c4822bbce0b4390e3e1bec6f4d5d"/><file name="Hotfix.php" hash="3964d63fe528ff52445afdbef9a3efce"/><file name="Maintainer.php" hash="0ff7c4822bbce0b4390e3e1bec6f4d5d"/><file name="Reader.php" hash="f4d55460659a19a38f1e29f08aff71a7"/><file name="Target.php" hash="0674dfd23e69adc5832e330d5fb041d8"/><file name="VO.php" hash="1a37cad472e2d61044321b20ed4ceae4"/><file name="Writer.php" hash="fe7b796442aaf844296baeb9c63715a0"/></dir><file name="Package.php" hash="c301c73d327c386776c196390021f7b5"/><file name="Packager.php" hash="2bf37ef15e8f6160f01a1905888241fa"/><dir name="Repository"><file name="Abstract.php" hash="0ff7c4822bbce0b4390e3e1bec6f4d5d"/><dir name="Channel"><file name="Abstract.php" hash="0ff7c4822bbce0b4390e3e1bec6f4d5d"/><file name="Commercial.php" hash="0ff7c4822bbce0b4390e3e1bec6f4d5d"/><file name="Community.php" hash="0ff7c4822bbce0b4390e3e1bec6f4d5d"/><file name="Core.php" hash="0ff7c4822bbce0b4390e3e1bec6f4d5d"/></dir><file name="Channel.php" hash="0ff7c4822bbce0b4390e3e1bec6f4d5d"/><file name="Local.php" hash="0ff7c4822bbce0b4390e3e1bec6f4d5d"/></dir><file name="Repository.php" hash="0ff7c4822bbce0b4390e3e1bec6f4d5d"/><dir name="Rest"><file name="Builder.php" hash="1a009de2ca883a6686900e42f28691c3"/><file name="Factory.php" hash="816de1ef0e376e4a610aa0d97600e479"/></dir><file name="Rest.php" hash="3030c97d6128590bea0b7fb704505a99"/><file name="Singleconfig.php" hash="c6572e5c0159a79d12c05b96cd179f90"/><dir name="Structures"><file name="Graph.php" hash="823112810f5ea1c5382079591ebd9282"/><file name="Node.php" hash="089a0a309aedd56f8ef506a613eb92c9"/></dir><file name="Validator.php" hash="085a0fa83fc246d5390fb23b1d330d9e"/></dir><dir name="DB"><file name="Exception.php" hash="df87dc0b525da51748422213e3fdfc34"/><file name="Mysqli.php" hash="c6ff8085cdc797ecd73202a82dc0268d"/></dir><file name="Exception.php" hash="a6044f488f965fa1f35ebe509a1c7cf7"/><dir name="HTTP"><dir name="Client"><file name="Curl.php" hash="ba4efbea8341d085f295378e4c784458"/><file name="Socket.php" hash="5183aa4839c4387ff5ea38ffb7fab98c"/></dir><file name="Client.php" hash="a5a702957a0b5a2f45f608dc95bcfdad"/><file name="IClient.php" hash="4412c30e01d49bf54389ecb74afa917e"/></dir><dir name="System"><file name="Args.php" hash="7f596269c4f2c524ba1897c88033186e"/><file name="Dirs.php" hash="e204ece33cf1eac95f9d37f4f4dfb11a"/><file name="Ftp.php" hash="543f8aa70d392454b6739c3f29396a09"/></dir><dir name="Xml"><file name="Generator.php" hash="dc74586a864fbc9901ae981aec967c99"/><file name="Parser.php" hash="5b6dd20e89f0aa8cda3c24a73df316bb"/></dir></dir><file name=".htaccess" hash="72617d60821288133a367f70bf39ad93"/></dir><file name="config.ini" hash="a52ba98e71ab19de387b3af1a04c6102"/><file name=".htaccess" hash="520cc012c84739584526b8a9ff098e23"/><file name="mage.php" hash="58571168f6ac531be694577b5c106823"/><file name="favicon.ico" hash="88733ee53676a47fc354a61c32516e82"/><file name="target.xml" hash="9037fc86de8dd2aea215ca3c3714e03b"/></dir><dir name="."><file name=".htaccess" hash="242b96ab8c820ff12b9e610a8f4352ec"/><file name="index.php" hash="1cdcc86d7ba78d75ac5a2169301e5f72"/><file name="mage" hash="30b755910b5f0149b0dc14e86475b875"/></dir></target></contents>
    <compatible/>
    <dependencies><required><php><min>5.2.0</min><max>6.0.0</max></php></required></dependencies>
</package>
