<?xml version="1.0"?>
<package>
    <name>Mage_Locale_en_US</name>
    <version>1.9.3.0</version>
    <stability>stable</stability>
    <license uri="http://opensource.org/licenses/afl-3.0.php">AFL v3.0</license>
    <channel>community</channel>
    <extends/>
    <summary>en_US locale</summary>
    <description>en_US locale</description>
    <notes>1.9.3.0</notes>
    <authors><author><name>Magento Core Team</name><user>core</user><email>core@magentocommerce.com</email></author></authors>
    <date>2016-10-04</date>
    <time>13:04:46</time>
    <contents><target name="magelocale"><dir name="en_US"><file name="Mage_AdminNotification.csv" hash="e240a88785e337747afb4d0bc83ccaba"/><file name="Mage_AmazonPayments.csv" hash="00494825779e0ae3f0db0abd30e666b7"/><file name="Mage_Api.csv" hash="5a8919e82128dbd894c8f22c8238384d"/><file name="Mage_Api2.csv" hash="bc4b31da02edb34d29274da37a0a0f60"/><file name="Mage_Authorizenet.csv" hash="56def78c56270d23b57c1c17d3304288"/><file name="Mage_Backup.csv" hash="7fb40353a4c161de2a92edd8dcb35587"/><file name="Mage_Bundle.csv" hash="8a0263be85d7ac77e54d6044dcfc6420"/><file name="Mage_Captcha.csv" hash="de6aef08396245ed644b213ecfcf309b"/><file name="Mage_Catalog.csv" hash="8cca8007283b4344f07fd489f90dd4f9"/><file name="Mage_CatalogInventory.csv" hash="d3692d562e917fd71b5944aa050648c7"/><file name="Mage_CatalogRule.csv" hash="c7dcdd7d6192fbbbee177aaeb56b1685"/><file name="Mage_CatalogSearch.csv" hash="9a4687677cd0ff4ce75ead38b69fc2fc"/><file name="Mage_Checkout.csv" hash="8a696bdea184cbb1b6c7da04f66bb339"/><file name="Mage_Cms.csv" hash="9a538e344acce7afa686fbed65082c63"/><file name="Mage_ConfigurableSwatches.csv" hash="8d9ad57fa2b4012dbb49e6dfebfeadba"/><file name="Mage_Connect.csv" hash="8cd1b22e3bb2b18a59b6bfb6a7e4e7f9"/><file name="Mage_Contacts.csv" hash="7e367e9a924c19b6df2fa5c8adca9be4"/><file name="Mage_Core.csv" hash="f93a11641f44bcfab39ac668f667c22a"/><file name="Mage_Cron.csv" hash="f963e0b41f877519fd8f6e723f25ee3c"/><file name="Mage_CurrencySymbol.csv" hash="2cc13530e2f9387349c6a162d4d22bc9"/><file name="Mage_Customer.csv" hash="ef6ba18824e652b6577a770dee35c5be"/><file name="Mage_Dataflow.csv" hash="02ddb4090005e6678f020ac96c2cbe81"/><file name="Mage_Directory.csv" hash="83f83f81a84aafce6f0d8e731e87653e"/><file name="Mage_Downloadable.csv" hash="05085f8d10c4df507ad96790a0f4f31a"/><file name="Mage_Eav.csv" hash="9b9e7506f519e45f5a9b44355425f04b"/><file name="Mage_GiftMessage.csv" hash="6cd672267af7f7183f47c58450c2779a"/><file name="Mage_GoogleAnalytics.csv" hash="c8a08b1e094bdf42d8222c97241296c2"/><file name="Mage_GoogleBase.csv" hash="453420e7b2a7c67d983436cd07c3f1c1"/><file name="Mage_GoogleCheckout.csv" hash="218bdb6351129bc11f5fbb7abeff7e18"/><file name="Mage_ImportExport.csv" hash="4a2aa89fcf08adc9616187465abf57a6"/><file name="Mage_Index.csv" hash="a12d6e56dec19a45380375e7ea3f7a7c"/><file name="Mage_Install.csv" hash="ff1231e1db62fc550cac4674d0ba5190"/><file name="Mage_Log.csv" hash="302d7736324e74584e23ea35289e5593"/><file name="Mage_Media.csv" hash="9d16c10b1ba6569a972018353d17f471"/><file name="Mage_Newsletter.csv" hash="85bd38e7b398fed22997f9bd87f7afa1"/><file name="Mage_Oauth.csv" hash="53c0c0f9390456fd1be2df79ed995a61"/><file name="Mage_Page.csv" hash="6bc4823d5da7038bbca8d34190e44010"/><file name="Mage_PageCache.csv" hash="365e8f2f9dace7313711e9a27d27cd97"/><file name="Mage_Paygate.csv" hash="311566b283975d5c481046346023026b"/><file name="Mage_Payment.csv" hash="4f42a6296fada9e8a3dbccf19d143fce"/><file name="Mage_Paypal.csv" hash="1df7ff2e0a9957243cdef854551fad70"/><file name="Mage_PaypalUk.csv" hash="d9d163d9c022d37e6bef2bf231469572"/><file name="Mage_Persistent.csv" hash="8df1299e4ddacadd638b7dd2f66749da"/><file name="Mage_Poll.csv" hash="01084dbcb43b1da9de35c5730fabd692"/><file name="Mage_ProductAlert.csv" hash="8ceb95248eeb2e4611d01767a7331840"/><file name="Mage_Rating.csv" hash="88db484c67afdb565255d210044bd034"/><file name="Mage_Reports.csv" hash="c49ae3155e93f7eff90b3058ec8e7b40"/><file name="Mage_Review.csv" hash="a251b73a3f358bcdd93cfde7f0a2f10f"/><file name="Mage_Rss.csv" hash="56b9be44d2cb98a43bf0e04007fa98d6"/><file name="Mage_Rule.csv" hash="a6a968b628d92b7f172801ce05755962"/><file name="Mage_Sales.csv" hash="d819588fd9a0eccc737b8a70ecac6cbc"/><file name="Mage_SalesRule.csv" hash="1703499a655a66855f2fa13597c09587"/><file name="Mage_Sendfriend.csv" hash="b1e310cf2fdaf674de1e7604826146e9"/><file name="Mage_Shipping.csv" hash="1c64b4423ab6fd12c0c9e2d05a80c570"/><file name="Mage_Sitemap.csv" hash="4837691c0e5c8cfbc4d75b10f196eb65"/><file name="Mage_Tag.csv" hash="d37771ca3a2321a6f1dd6c59a378981b"/><file name="Mage_Tax.csv" hash="a0665ad32147d01fec271dc8d2ee12d1"/><file name="Mage_Uploader.csv" hash="044e66927e4a70710e2d5e27105ad308"/><file name="Mage_Usa.csv" hash="30c85222f0c26a629e7235fe6d3dfa3e"/><file name="Mage_Weee.csv" hash="60f8a4821b2733ba6b16cba691d3ada6"/><file name="Mage_Widget.csv" hash="01127964a87c48113af4b8969e795aa6"/><file name="Mage_Wishlist.csv" hash="95cdb9f8dc1b8a96e0e8e54f7382ba93"/><dir name="template"><dir name="email"><file name="account_new.html" hash="c7516c316c9fd94aeb4a007adb42b47c"/><file name="account_new_confirmation.html" hash="c404affe58ec3947379beabf6cf2dee9"/><file name="account_new_confirmed.html" hash="19223ed36f7076dee12a8fc6f542f00f"/><file name="account_password_reset_confirmation.html" hash="d21f5b26557dfbafda0b5d0d29e78803"/><file name="admin_password_new.html" hash="e0cb7a16e03f1e57fc42fa3b60920bb2"/><file name="admin_password_reset_confirmation.html" hash="385547f1fd11e85b6cd818e91f519bfd"/><file name="contact_form.html" hash="ee7a957b249d9bf8d2f84787d9276958"/><file name="currency_update_warning.html" hash="be68b2b00692c3071942df42d206575f"/><dir name="html"><file name="footer.html" hash="72d4ef13825ca2143557f5baf67c27cf"/><file name="header.html" hash="739a3ea8e07bbe3be76e4c93237bc5d2"/></dir><file name="log_clean_warning.html" hash="36eb1af6eca088bdafe6e91c5a355a98"/><file name="newsletter_subscr_confirm.html" hash="cc7849aaa2ada032e0d0cbcdc4c15222"/><file name="newsletter_subscr_success.html" hash="83fc3c7d1cae23c24561f803e41ea988"/><file name="newsletter_unsub_success.html" hash="3bd611af2d1fae78622e6217ff2b189e"/><file name="password_new.html" hash="e633e5d80e81549e29b239960f5187cb"/><file name="password_or_email_changed.html" hash="26ce55df2b817a5ed2373c71feff3652"/><file name="payment_failed.html" hash="693051923f748ed9e695c0b300597034"/><file name="product_alert_cron_error.html" hash="8ea80affba71491f4371b0524d0c3399"/><file name="product_price_alert.html" hash="18ff254fcaea714647caf21b39d36e9b"/><file name="product_share.html" hash="02c76a3380f98aaaa9c3ac6a86da3545"/><file name="product_stock_alert.html" hash="6a0fc4ef5203e195d1a0957accc1fca3"/><dir name="sales"><file name="creditmemo_new.html" hash="c487a7c825477974835891019d2b55bd"/><file name="creditmemo_new_guest.html" hash="47dc131ea102b0cf72d1e8bb50df2514"/><file name="creditmemo_update.html" hash="4dd0fedbe075abc51dd3647bedbf051a"/><file name="creditmemo_update_guest.html" hash="d805b77120143a070d44a01866df8f3f"/><file name="invoice_new.html" hash="0bfd2645ebb5289edcef0ae6fc7f93de"/><file name="invoice_new_guest.html" hash="0bfd2645ebb5289edcef0ae6fc7f93de"/><file name="invoice_update.html" hash="1ced4397da53d8a73bfa854b1ce60c24"/><file name="invoice_update_guest.html" hash="f8e7d66c9d607f3a349a9c21544c9854"/><file name="order_new.html" hash="f3ce547016c4d497805360460c6c5ec3"/><file name="order_new_guest.html" hash="f3ce547016c4d497805360460c6c5ec3"/><file name="order_update.html" hash="8d8d3f6a5831909532984817afc81647"/><file name="order_update_guest.html" hash="04ffcc29c74931d5f46b6ecb25cc049e"/><file name="shipment_new.html" hash="1a8e314cada334caffe213efd1e5ce31"/><file name="shipment_new_guest.html" hash="6ba64b3b35a39bfcc4c3d0ff4acc6fad"/><file name="shipment_update.html" hash="4425c3dfceb25ea1a5b80fd054a0f79f"/><file name="shipment_update_guest.html" hash="45b6f10c6853a36879b17f86e761edbf"/></dir><file name="sitemap_generate_warning.html" hash="7eb47e4ddd7eab22272397cff8c9441d"/><file name="token.html" hash="71f392398f6f80481b2e0edba7cefc78"/><file name="wishlist_share.html" hash="8d4d4838c76468c2be6149f5314b27a6"/></dir></dir></dir></target></contents>
    <compatible/>
    <dependencies><required><php><min>5.2.0</min><max>6.0.0</max></php></required></dependencies>
</package>
