<?xml version="1.0"?>
<package>
    <name>Mage_Downloader</name>
    <version>1.9.2.0</version>
    <stability>stable</stability>
    <license uri="http://opensource.org/licenses/osl-3.0.php">OSL v3.0</license>
    <channel>community</channel>
    <extends/>
    <summary>Magento Downloader</summary>
    <description>Magento Downloader</description>
    <notes>1.9.2.0</notes>
    <authors><author><name>Magento Core Team</name><user>core</user><email>core@magentocommerce.com</email></author></authors>
    <date>2015-06-25</date>
    <time>13:12:22</time>
    <contents><target name="mage"><dir name="downloader"><dir name="js"><file name="prototype.js" hash="3766aeff5778b54f74f93670322ca0df"/></dir><dir name="Maged"><dir name="Connect"><file name="Frontend.php" hash="8a7558ec807fc41657dccba89cbebead"/></dir><file name="Connect.php" hash="97b7b02260e78d32e41135a9908e0147"/><file name="Controller.php" hash="28eca39cd3942e0f352e39d2db1646db"/><file name="Exception.php" hash="0ff1e9926e900d7d627ef6c349997e0e"/><dir name="Model"><dir name="Config"><file name="Abstract.php" hash="361ac973543d1c90cb062fa1da192ff9"/><file name="Community.php" hash="cce0f54be4688e53ba397f2b135c7f18"/><file name="Interface.php" hash="ee07933da8a035aaa297e5daba88052e"/></dir><file name="Config.php" hash="324c5925ff47b58c20cb230b3a617288"/><dir name="Connect"><file name="Request.php" hash="f2df0d5bf7ff9ac689d1bea3fa55424f"/></dir><file name="Connect.php" hash="fa89f5464a7308dd03dcc488c90582d4"/><file name="Dowloader.php" hash="3f8e4664e1a4f7f5281bb2ab2d984b39"/><file name="Session.php" hash="e0bd5b49ff22e30b225b5122b4d310c4"/></dir><file name="Model.php" hash="49a1a8edb4cd00e8fa5bd07cc7c79ab0"/><file name="View.php" hash="33ed2ddfe0058b9ed6409de1ccf1a8aa"/><file name=".htaccess" hash="72617d60821288133a367f70bf39ad93"/></dir><dir name="skin"><file name="boxes.css" hash="b3cfed6d508acbfc0ab4a7d78d8f32a7"/><file name="ie7boxes.css" hash="580970c0c4d81421101f5cb2a46664ad"/><file name="ieboxes.css" hash="9fd7303ac61979bb38768696ee28fe84"/><dir name="images"><file name="Magento_Connect.jpg" hash="20e1378c09506fdc5723abc0115d5f57"/><file name="ajax-loader-tr.gif" hash="1ae32bc8232ff2527c627e5b38eb319a"/><file name="btn_bg.gif" hash="37c51a4d48a92da9648dcd3ca011039f"/><file name="header_bg.gif" hash="8440b04c5cb6b1451bb886bfbef260a5"/><file name="logo.gif" hash="5eb089ecea67d82311d7c91898460104"/><file name="nav_bg.gif" hash="1cb1366f03a9efad6b17e4483aef20cf"/><file name="nav_separator.gif" hash="492011a7de2de84a9c7837bfd879ab95"/></dir><dir name="install"><file name="boxes.css" hash="d35399f0f8871ca6587751b7a99d2b04"/><file name="clears.css" hash="e44d8763d217583dd060862a928a56c5"/><file name="ie7minus.css" hash="48fb0b04af516d31fa2b4c96b880cccf"/><file name="iestyles.css" hash="6fce8557bb5b6933bfb4287bcc38da8a"/><dir name="images"><file name="error_msg_icon.gif" hash="e4f28607f075a105e53fa3113d84bd26"/><file name="footer_bg.gif" hash="d59784af16fd95ea82226e5708a89232"/><file name="footer_container_bg.gif" hash="d468e3943943cbbf711586e69d40ca42"/><file name="footer_info_separator.gif" hash="7da64eefaf4da3855ab6ee76dbced0c2"/><file name="footer_informational_bg.gif" hash="72d37f4b2ea747bf8969c2654ad1d1e0"/><file name="footer_left.gif" hash="2b15a54bea9409a75c142d14a62f0149"/><file name="footer_legality_bg.gif" hash="4eb1602e3369dccd901ffe98ea0fd4b3"/><file name="footer_right.gif" hash="a45eaf35c8797d299bd4d9b936528e8f"/><file name="header_bg.gif" hash="795c6de754d0d49717ed08d5cd8168c8"/><file name="header_nav_bg.gif" hash="80c6a18686eb0243e06d6176506a2502"/><file name="header_top_bg.jpg" hash="143f524392ee62fcc8183f5930d7258b"/><file name="header_top_container_bg.jpg" hash="294c18f3f6b838bba06ae41dd3c3d638"/><file name="logo.gif" hash="073a947a39b967af678455a5c7f66e90"/><file name="main_bg.gif" hash="cf18ba9f7c7e6b058b439cde1a897e9c"/><file name="main_container_bg.gif" hash="a8f5717873dc6cf8f6bd22924b5838fe"/><file name="note_msg_icon.gif" hash="e774ee481a2820789c1a77112377c4e0"/><file name="success_msg_icon.gif" hash="834dfafd5f8b44c4b24a4c00add56fcf"/><file name="validation_advice_bg.gif" hash="b85432906de8985a8b14eeb2dc652d3c"/></dir><file name="reset.css" hash="52fff087ff38e23bea649f54a6809d71"/></dir></dir><dir name="template"><dir name="connect"><file name="iframe.phtml" hash="7fbe2c71b65efac5f76fe2455e1ebf9a"/><file name="packages.phtml" hash="21e8ebe1a156287506873d5d40599cb9"/><file name="packages_prepare.phtml" hash="169d73db8fd8c37653886c885bd3d4b8"/></dir><file name="exception.phtml" hash="c0007d313041aabac221dcd74de1d420"/><file name="footer.phtml" hash="7fa6d0ad5639f61fefd368a17d16eed5"/><file name="header.phtml" hash="ec5f9050c75182150ae54828489ce476"/><file name="index.phtml" hash="5e47a18353c1eb343a2cb3cf1727940b"/><dir name="install"><file name="download.phtml" hash="64a4143c41d84f076f8aae1c6ba87912"/><file name="footer.phtml" hash="141fef1b4d96d407c70410941818a080"/><file name="header.phtml" hash="172b75bac60935cf2ca9e51e957c347b"/><file name="writable.phtml" hash="5812e08157e2ca7bac48074963903d77"/></dir><file name="login.phtml" hash="40c871d2ce69de5f730ae97857987ccb"/><file name="messages.phtml" hash="9dbb5e33c2a5e340018348698d017e69"/><file name="noroute.phtml" hash="8bce46afecced268c72d65b0c54fc3a3"/><file name="settings.phtml" hash="ab0de740adc1914be29304b430a249e7"/><file name="writable.phtml" hash="d6ce8ad6ab532e06834aabd45dfe646d"/><file name=".htaccess" hash="72617d60821288133a367f70bf39ad93"/></dir><file name="index.php" hash="89acb8846a129b0beed770d025776b31"/><dir name="lib"><dir name="Mage"><dir name="Archive"><file name="Abstract.php" hash="de4e571664fc07c3d9549f0fd267673c"/><file name="Bz.php" hash="2505695d644c59adc33e22a0e4b4026b"/><file name="Gz.php" hash="b1a8f824762096e9481c4cf867236e0f"/><dir name="Helper"><dir name="File"><file name="Bz.php" hash="4a7b8462adb092801fb5ac07c0b5bdc0"/><file name="Gz.php" hash="7f02f08015915d25220d065994ddc5d4"/></dir><file name="File.php" hash="83b65b9f0ac67451501a9c9637f5079b"/></dir><file name="Interface.php" hash="082498bdccf0768d5dd074493a570ebb"/><file name="Tar.php" hash="406100d23840bf7688fddc1a5f81984a"/></dir><file name="Archive.php" hash="e7329725aac0b37eefaa9e010cadea57"/><dir name="Autoload"><file name="Simple.php" hash="04fa4a1f39245e8290e02d089c4a9c56"/></dir><dir name="Backup"><file name="Abstract.php" hash="6dc4a21835d04a2b517d5c3fb097fa32"/><dir name="Archive"><file name="Tar.php" hash="b0ea407733eb0eddf2335eb04b6d4efd"/></dir><file name="Db.php" hash="82085d5187d2f98b3bba9843e13e9e73"/><dir name="Exception"><file name="CantLoadSnapshot.php" hash="5999c355894c14f1e2362f45a6ba057a"/><file name="FtpConnectionFailed.php" hash="7a1fa7df65b14879e06f416358e4bfe8"/><file name="FtpValidationFailed.php" hash="69af18f3940a28573735e51c09582906"/><file name="NotEnoughFreeSpace.php" hash="85aa48d06cbf0bbbff797dda79be5031"/><file name="NotEnoughPermissions.php" hash="66b048e085f4e22ff92165cf27eb154a"/></dir><file name="Exception.php" hash="faffb5273a8d7b3bc1ac23500b3738ed"/><dir name="Filesystem"><file name="Helper.php" hash="2324b69bdf203096fca3405d8560bb48"/><dir name="Iterator"><file name="File.php" hash="30cf1633496618f74849bc2374f031c8"/><file name="Filter.php" hash="1fe29804508aa85589ba1a8578f492a8"/></dir><dir name="Rollback"><file name="Abstract.php" hash="f9282d34c12a6030942554a80882bb4a"/><file name="Fs.php" hash="179ac7ecd47d54e9a5324d8c6dc27194"/><file name="Ftp.php" hash="e099af8415c2e445530de6483b725abb"/></dir></dir><file name="Filesystem.php" hash="7db5e5dc7ac0703bb4944092d19b8153"/><file name="Interface.php" hash="649acb82500c3aa25d789ede57b6d824"/><file name="Media.php" hash="d23badc8294f743242e831a1ee08a235"/><file name="Nomedia.php" hash="f67824816890655d383cc2f6bde37cfd"/><file name="Snapshot.php" hash="c8a1ca0ecd577783cc685560a929953a"/></dir><file name="Backup.php" hash="cb1bdf9d812811d0cf5478fb74d651d6"/><dir name="Connect"><file name="Backup.php" hash="70c2a863d51219f054fb1289feb239c0"/><dir name="Channel"><file name="Generator.php" hash="8779c3d0bd0349fb084ba014aeebef08"/><file name="Parser.php" hash="710308a0983877f5397324ccde29ec64"/><file name="VO.php" hash="d5e083cac4674e60f3576c7f9245079e"/></dir><dir name="Command"><file name="Channels.php" hash="64a28e0922b180efae0b1505eb3a23c8"/><file name="Channels_Header.php" hash="c8801d31616e14fd17544d8ad91d8c71"/><file name="Config.php" hash="4fd2e06c0548e321486d5704ef9c41d2"/><file name="Config_Header.php" hash="be5819b085c2c25406169cc69db91efc"/><file name="Install.php" hash="4f79b65aa8dd112e097d868aa35b0f78"/><file name="Install_Header.php" hash="b26353e14b18ca24135a8b3152eed832"/><file name="Package.php" hash="4855247a50fc6c41d02b7472b6bc09c2"/><file name="Package_Header.php" hash="9b4918737a25f3adf3ccad4dbe363ff1"/><file name="Registry.php" hash="e9899f5d8c6726d68f728f9797ae974d"/><file name="Registry_Header.php" hash="da47c27cf81858c28827bd7fcf05ba54"/><file name="Remote.php" hash="191e75a206dc9b85788ad74a5b563b42"/><file name="Remote_Header.php" hash="d9b41a55a61c5c1e52abaff7a53fcc67"/></dir><file name="Command.php" hash="fbd6e4393e10eda05df7c70ab227a180"/><file name="Config.php" hash="df2e9dab448890c60d2ed51c70b0d6a2"/><file name="Converter.php" hash="a133fb8a9a1bb27f562daa734fb9f660"/><dir name="Frontend"><file name="CLI.php" hash="70db827324e9e516ab4b0ae6ced74ced"/></dir><file name="Frontend.php" hash="fc8fd61535fc8f0c905c3ebfc511f6f4"/><file name="Ftp.php" hash="71b9dd4031601c44037d317f57c8e9f1"/><dir name="Loader"><file name="Ftp.php" hash="50a51101331004d4c06d9249acb46c60"/></dir><file name="Loader.php" hash="995b53964b3c477fa32621b3f7abb16b"/><dir name="Package"><file name="Extension.php" hash="710308a0983877f5397324ccde29ec64"/><file name="Hotfix.php" hash="ae834feb24bf36fc188afc11736681f1"/><file name="Maintainer.php" hash="710308a0983877f5397324ccde29ec64"/><file name="Reader.php" hash="c15f774cde56becedbdb3d363fac388c"/><file name="Target.php" hash="0e839847991ddaef741ae56daa936a6e"/><file name="VO.php" hash="cfbb4316314a742856bbe76e5d752512"/><file name="Writer.php" hash="ce48e48bb29afb25b5a08d79df6eccb6"/></dir><file name="Package.php" hash="622828a8f43950878715ab437cbe8e2e"/><file name="Packager.php" hash="c3630b38bd63bf2b254fef84a78b5c5b"/><dir name="Repository"><file name="Abstract.php" hash="710308a0983877f5397324ccde29ec64"/><dir name="Channel"><file name="Abstract.php" hash="710308a0983877f5397324ccde29ec64"/><file name="Commercial.php" hash="710308a0983877f5397324ccde29ec64"/><file name="Community.php" hash="710308a0983877f5397324ccde29ec64"/><file name="Core.php" hash="710308a0983877f5397324ccde29ec64"/></dir><file name="Channel.php" hash="710308a0983877f5397324ccde29ec64"/><file name="Local.php" hash="710308a0983877f5397324ccde29ec64"/></dir><file name="Repository.php" hash="710308a0983877f5397324ccde29ec64"/><dir name="Rest"><file name="Builder.php" hash="b49e93eab58754bb71d1f03da2af5c7b"/><file name="Factory.php" hash="6fccc584a96ce654a29cee74a000e1e2"/></dir><file name="Rest.php" hash="90011f7a6c06a9d7a61203de6129ae98"/><file name="Singleconfig.php" hash="d0cac97ec62c9f491fe3a9134d6a4dda"/><dir name="Structures"><file name="Graph.php" hash="1b983ae8aa539bb4ff21129b48cccffb"/><file name="Node.php" hash="80f04d92471471b1a04c8f719313fd26"/></dir><file name="Validator.php" hash="8ac3681718ddff1f19293aee13f2345c"/></dir><dir name="DB"><file name="Exception.php" hash="9b86c22405d6004bb564caba5a2cd73d"/><file name="Mysqli.php" hash="3faca89f2023931bfcdcdb68c26eceaf"/></dir><file name="Exception.php" hash="805aacf8a34617469ea42f29ef697193"/><dir name="HTTP"><dir name="Client"><file name="Curl.php" hash="ad6c5ab3c7081ee838d7ea238ca04613"/><file name="Socket.php" hash="094870f3dc66d9fda62d92bd7726bc30"/></dir><file name="Client.php" hash="3eddb16ab615e17240bc0f5a0f7525ed"/><file name="IClient.php" hash="e2fef2961c4e19ea6d0a32905a3f0cc9"/></dir><dir name="System"><file name="Args.php" hash="aa6e78d765e598733ea5b023ccc5fe28"/><file name="Dirs.php" hash="ce1c44b90a2f51cd027c022a2a71ddc9"/><file name="Ftp.php" hash="4c225af1a252f919284086261ab8fe62"/></dir><dir name="Xml"><file name="Generator.php" hash="7a00666dea843e96f828b721d7ea0968"/><file name="Parser.php" hash="7054f38ca1b3f84f9b0bbc58aa4798e2"/></dir></dir><file name=".htaccess" hash="72617d60821288133a367f70bf39ad93"/></dir><file name="config.ini" hash="a52ba98e71ab19de387b3af1a04c6102"/><file name=".htaccess" hash="520cc012c84739584526b8a9ff098e23"/><file name="mage.php" hash="89ca4e3123b2cf45fe6da97622ec0556"/><file name="favicon.ico" hash="88733ee53676a47fc354a61c32516e82"/><file name="target.xml" hash="ccdd39d43af10334cd9dd931c1f132d0"/></dir><dir name="."><file name=".htaccess" hash="7d69e28ca7c422e6de19ff51bb23dab1"/><file name="index.php" hash="129a8fa2110e9c2a39d45835b25a4aae"/><file name="mage" hash="04b6e584190bb7384b0740e07cd2c4f0"/></dir></target></contents>
    <compatible/>
    <dependencies><required><php><min>5.2.0</min><max>6.0.0</max></php></required></dependencies>
</package>
