<?xml version="1.0"?>
<package>
    <name>Mage_Compiler</name>
    <version>1.9.3.6</version>
    <stability>stable</stability>
    <license uri="http://opensource.org/licenses/osl-3.0.php">OSL v3.0</license>
    <channel>community</channel>
    <extends/>
    <summary>This module compiles all files of a Magento installation and creates a single include path to increase performance</summary>
    <description>This module compiles all files of a Magento installation and creates a single include path to increase performance</description>
    <notes>1.9.3.6</notes>
    <authors><author><name>Magento Core Team</name><user>core</user><email>core@magentocommerce.com</email></author></authors>
    <date>2017-09-14</date>
    <time>17:34:28</time>
    <contents><target name="magecore"><dir name="Mage"><dir name="Compiler"><dir name="Block"><file name="Process.php" hash="1b70e01de45fba78ed0c7ca075b75dde"/></dir><dir name="Helper"><file name="Data.php" hash="3a50b2afaecd624dfb620dfdb97106df"/></dir><dir name="Model"><file name="Process.php" hash="3d6085a72392b47b046a1cd2d0c47fe7"/></dir><dir name="controllers"><dir name="Adminhtml"><dir name="Compiler"><file name="ProcessController.php" hash="697a9b9598d901449c213afc9ffed47a"/></dir></dir><file name="ProcessController.php" hash="99adf4052d9fab34fbfbe4a02e0caf7d"/></dir><dir name="etc"><file name="adminhtml.xml" hash="d611063401fea3d1ae6d896991707e4a"/><file name="compilation.xml" hash="b2ff4af4f14df52e64378be5617edcd0"/><file name="config.xml" hash="e57a4cf9e3c99822d45374212c2cabf2"/></dir></dir></dir></target><target name="mage"><dir name="includes"><file name="config.php" hash="5e9263bb68a95513a4c33422f0de98af"/><file name=".htaccess" hash="72617d60821288133a367f70bf39ad93"/><file name=".htaccess" hash="72617d60821288133a367f70bf39ad93"/></dir></target><target name="mageetc"><dir name="modules"><file name="Mage_Compiler.xml" hash="aa5884ba3b7e33a1056e10b1d7dafbb0"/></dir></target><target name="magedesign"><dir name="adminhtml"><dir name="default"><dir name="default"><dir name="layout"><file name="compiler.xml" hash="8f2d31c4a622bb9879bb49ffe4047cdb"/></dir><dir name="template"><dir name="compiler"><file name="process.phtml" hash="a32d500e1227a266036d1fbca7de2b85"/></dir></dir></dir></dir></dir></target><target name="magelocale"><dir name="en_US"><file name="Mage_Compiler.csv" hash="caa1d67e6c508421a8c8c234ae204c5d"/></dir></target></contents>
    <compatible/>
    <dependencies><required><php><min>5.2.0</min><max>6.0.0</max></php><package><name>Mage_Core_Modules</name><channel>community</channel><min>1.9.3.6</min><max>1.9.3.6</max></package><package><name>Mage_Core_Adminhtml</name><channel>community</channel><min>1.9.3.6</min><max>1.9.3.6</max></package></required></dependencies>
</package>
