<?xml version="1.0"?>
<package>
    <name>Mage_Compiler</name>
    <version>1.9.3.1</version>
    <stability>stable</stability>
    <license uri="http://opensource.org/licenses/osl-3.0.php">OSL v3.0</license>
    <channel>community</channel>
    <extends/>
    <summary>This module compiles all files of a Magento installation and creates a single include path to increase performance</summary>
    <description>This module compiles all files of a Magento installation and creates a single include path to increase performance</description>
    <notes>1.9.3.1</notes>
    <authors><author><name>Magento Core Team</name><user>core</user><email>core@magentocommerce.com</email></author></authors>
    <date>2016-11-11</date>
    <time>15:21:09</time>
    <contents><target name="magecore"><dir name="Mage"><dir name="Compiler"><dir name="Block"><file name="Process.php" hash="f2dd4a6d812ccb29c30fa8549f2f02ac"/></dir><dir name="Helper"><file name="Data.php" hash="d6fc54c0b3282eb62a70813f90c002a4"/></dir><dir name="Model"><file name="Process.php" hash="5cd8179877218697942f4c051c91e286"/></dir><dir name="controllers"><dir name="Adminhtml"><dir name="Compiler"><file name="ProcessController.php" hash="f1f51775f993cb495f6e089209d70162"/></dir></dir><file name="ProcessController.php" hash="0b945c2b8702e09c7d102ee940b2deec"/></dir><dir name="etc"><file name="adminhtml.xml" hash="70e747cfd0a4dbd8527de464d6928ccd"/><file name="compilation.xml" hash="005e37d61ebb317c7e3535362053804e"/><file name="config.xml" hash="eff60fe26f2022dfbcdbe0928db07b43"/></dir></dir></dir></target><target name="mage"><dir name="includes"><file name="config.php" hash="d56609143778f048c068021e859ddc17"/><file name=".htaccess" hash="72617d60821288133a367f70bf39ad93"/><file name=".htaccess" hash="72617d60821288133a367f70bf39ad93"/></dir></target><target name="mageetc"><dir name="modules"><file name="Mage_Compiler.xml" hash="a52dc4115fb7ffb148c0386896d654cd"/></dir></target><target name="magedesign"><dir name="adminhtml"><dir name="default"><dir name="default"><dir name="layout"><file name="compiler.xml" hash="0b23c0dfce706a7179676a43657496c6"/></dir><dir name="template"><dir name="compiler"><file name="process.phtml" hash="ebcada3454b78adde37be6e59031199e"/></dir></dir></dir></dir></dir></target><target name="magelocale"><dir name="en_US"><file name="Mage_Compiler.csv" hash="caa1d67e6c508421a8c8c234ae204c5d"/></dir></target></contents>
    <compatible/>
    <dependencies><required><php><min>5.2.0</min><max>6.0.0</max></php><package><name>Mage_Core_Modules</name><channel>community</channel><min>1.9.3.1</min><max>1.9.3.1</max></package><package><name>Mage_Core_Adminhtml</name><channel>community</channel><min>1.9.3.1</min><max>1.9.3.1</max></package></required></dependencies>
</package>
