<?xml version="1.0"?>
<package>
    <name>Mage_Compiler</name>
    <version>1.9.2.0</version>
    <stability>stable</stability>
    <license uri="http://opensource.org/licenses/osl-3.0.php">OSL v3.0</license>
    <channel>community</channel>
    <extends/>
    <summary>This module compiles all files of a Magento installation and creates a single include path to increase performance</summary>
    <description>This module compiles all files of a Magento installation and creates a single include path to increase performance</description>
    <notes>1.9.2.0</notes>
    <authors><author><name>Magento Core Team</name><user>core</user><email>core@magentocommerce.com</email></author></authors>
    <date>2015-06-25</date>
    <time>13:12:14</time>
    <contents><target name="magecore"><dir name="Mage"><dir name="Compiler"><dir name="Block"><file name="Process.php" hash="d9ad0bce5a8a7731b2992670de7a0298"/></dir><dir name="Helper"><file name="Data.php" hash="56b7fe8bdb7326fcc689acbee5179231"/></dir><dir name="Model"><file name="Process.php" hash="5292839c5bd7ababd2df84f21fa564de"/></dir><dir name="controllers"><dir name="Adminhtml"><dir name="Compiler"><file name="ProcessController.php" hash="dbebc7b482ef3c763ce594b2e70cf6f1"/></dir></dir><file name="ProcessController.php" hash="e05f9748d8ab342c4485da45defe3e72"/></dir><dir name="etc"><file name="adminhtml.xml" hash="07dc55e80aa9c4efb1ce6a8e643280bb"/><file name="compilation.xml" hash="3a4af61965fb8230bfcf20b6103f2a91"/><file name="config.xml" hash="bf73d70894e2c88c5917a8de4cc9eb47"/></dir></dir></dir></target><target name="mage"><dir name="includes"><file name="config.php" hash="d04e346b7ebd9db86a7bc34c6ac408a6"/><file name=".htaccess" hash="72617d60821288133a367f70bf39ad93"/><file name=".htaccess" hash="72617d60821288133a367f70bf39ad93"/></dir></target><target name="mageetc"><dir name="modules"><file name="Mage_Compiler.xml" hash="a5fa15715df0bda74964d277031cea5b"/></dir></target><target name="magedesign"><dir name="adminhtml"><dir name="default"><dir name="default"><dir name="layout"><file name="compiler.xml" hash="4324e94b02f151fb51b71d6861582e21"/></dir><dir name="template"><dir name="compiler"><file name="process.phtml" hash="87dac1553883293128960c8180678b96"/></dir></dir></dir></dir></dir></target><target name="magelocale"><dir name="en_US"><file name="Mage_Compiler.csv" hash="caa1d67e6c508421a8c8c234ae204c5d"/></dir></target></contents>
    <compatible/>
    <dependencies><required><php><min>5.2.0</min><max>6.0.0</max></php><package><name>Mage_Core_Modules</name><channel>community</channel><min>1.9.2.0</min><max>1.9.2.0</max></package><package><name>Mage_Core_Adminhtml</name><channel>community</channel><min>1.9.2.0</min><max>1.9.2.0</max></package></required></dependencies>
</package>
