<?xml version="1.0"?>
<package>
    <name>Mage_Core_Adminhtml</name>
    <version>1.9.3.9</version>
    <stability>stable</stability>
    <license uri="http://opensource.org/licenses/osl-3.0.php">OSL v3.0</license>
    <channel>community</channel>
    <extends/>
    <summary>Magento Administration Panel</summary>
    <description>Magento Administration Panel</description>
    <notes>1.9.3.9</notes>
    <authors><author><name>Magento Core Team</name><user>core</user><email>core@magentocommerce.com</email></author></authors>
    <date>2018-05-16</date>
    <time>19:11:22</time>
    <contents><target name="magecore"><dir name="Mage"><dir name="Adminhtml"><dir name="Block"><file name="Abstract.php" hash="8806fa4ecf7bf067bbf1fcd7f1823c2d"/><dir name="Api"><file name="Buttons.php" hash="314177e483ba9bfcda54a53204655552"/><file name="Editroles.php" hash="a67fc165250ada3054e77c7b2b744d5a"/><file name="Edituser.php" hash="a2ffedd09bf0cf135b22c6923ce3191e"/><dir name="Grid"><file name="Role.php" hash="74a101ea38940feb0305b7634727e0ad"/></dir><dir name="Role"><dir name="Grid"><file name="User.php" hash="6524240d05cad8f8596e469da9f5c46f"/></dir></dir><file name="Role.php" hash="a664b5c117989ac16ce1764d90cda9f8"/><file name="Roles.php" hash="f3460089fc5aa7ffa7397c5b29fbe6da"/><dir name="Tab"><file name="Roleinfo.php" hash="e56f4c8e096e824470ccccee9cf51c43"/><file name="Rolesedit.php" hash="55c4f22af226e719d8d2b5eac16f80a2"/><file name="Rolesusers.php" hash="8822621843ff9f3418e8e4caaa03a295"/><file name="Userroles.php" hash="ea1f5256d1a622c51633e72f96b11926"/></dir><dir name="User"><dir name="Edit"><file name="Form.php" hash="b7f5c52dcc1ce3282dadc3eb0634097f"/><dir name="Tab"><file name="Main.php" hash="14e9bc7497923208e006460246adf99e"/><file name="Roles.php" hash="104d49f856280f8fed5a0f578eb3ece1"/></dir><file name="Tabs.php" hash="0604ea459c83ebf74c1e6a9c07a8ac1f"/></dir><file name="Edit.php" hash="bb6065d8bcb146ba1a5b592a9bbbaf65"/><file name="Grid.php" hash="eadf6097acdca68b33d657fd2da5c0a2"/></dir><file name="User.php" hash="27b8a4e95ce9787cd7186978f86d4bdb"/><file name="Users.php" hash="1037a64678b2b8cd122928935c2da5ab"/></dir><dir name="Backup"><file name="Dialogs.php" hash="036a1bd12bd784b6f93899c39d06b072"/><file name="Grid.php" hash="4751549b8d085c91b4f8d423cd116290"/></dir><file name="Backup.php" hash="d1e3ad3ed2cf8075616c88a7297b7d1d"/><dir name="Cache"><file name="Additional.php" hash="5ec255f6146e03b9024c3c99ea34f90a"/><file name="Grid.php" hash="a0184efcd8d09b943cc18936ca232133"/><file name="Notifications.php" hash="4bff39aeefd4f298502f9e3c13fc7b4a"/></dir><file name="Cache.php" hash="3d1fb11560c2c74aff649fa784599d90"/><dir name="Catalog"><dir name="Category"><file name="Abstract.php" hash="c952be2913085f69488927b8bb6f2f66"/><dir name="Checkboxes"><file name="Tree.php" hash="42830b006c7739c14deb63a25507c58c"/></dir><dir name="Edit"><file name="Form.php" hash="fdef9a0013f663496d88219074ebb010"/></dir><file name="Edit.php" hash="74c11841cdbb8078921abbc770e66c4f"/><dir name="Helper"><file name="Image.php" hash="6ee023da9f4558dccec489aa6909592e"/><file name="Pricestep.php" hash="e5410530e4d352ebf811800319178f1e"/><dir name="Sortby"><file name="Available.php" hash="a1d1966c139c466daad8841e388d900e"/><file name="Default.php" hash="12a0a94ca2aa87fdbe555007d7ff1b37"/></dir></dir><dir name="Tab"><file name="Attributes.php" hash="27dc928629025a551037c718a49cdd0d"/><file name="Design.php" hash="37da8d7465aee6246ead6a5f115f8848"/><file name="General.php" hash="484c9431aae47436419f49cfeb0d1e44"/><file name="Product.php" hash="32f1ff555c8f7111312b49c7b1c4844d"/></dir><file name="Tabs.php" hash="83c70ffb9629c8b58d703880b998f631"/><file name="Tree.php" hash="1d0b70578389e31df91ef29656ebc5f7"/><dir name="Widget"><file name="Chooser.php" hash="af29b5edf4ffd47a08e4f04930de2322"/></dir></dir><dir name="Form"><dir name="Renderer"><dir name="Attribute"><file name="Urlkey.php" hash="ff69c8e2daa9e63d3053f8de8e433717"/></dir><dir name="Config"><file name="DateFieldsOrder.php" hash="f4aa2523db0ec199b675826a276d4eef"/><file name="YearRange.php" hash="19eb0dc5aac7008aa158c20593fe1f73"/></dir><dir name="Fieldset"><file name="Element.php" hash="fe445f4119b469427d0ddb82ef6d0a5d"/></dir></dir></dir><file name="Form.php" hash="cc0529c03910aae1a4f8864b208835aa"/><dir name="Helper"><dir name="Form"><dir name="Wysiwyg"><file name="Content.php" hash="ed2b992dbb3e35d2b53908f3ae61f3fe"/></dir><file name="Wysiwyg.php" hash="78e8a96aa71401732436742d422ba41b"/></dir></dir><dir name="Product"><dir name="Attribute"><dir name="Edit"><file name="Form.php" hash="5ab50a6f32d205a2fd6b01853c526d1f"/><dir name="Tab"><file name="Front.php" hash="3de471c33114ff3c4356776558a27093"/><file name="Main.php" hash="1fe7c96d75aad50a7562dce2d38812b8"/><file name="Options.php" hash="1366c27c928649de43e5f60819a12f59"/><file name="System.php" hash="c4be263ded4c331c25dcb06bc8241121"/></dir><file name="Tabs.php" hash="32594f40561239d5739a05d6333d35d7"/></dir><file name="Edit.php" hash="8998b1ff611debb250c07675ebb25e1c"/><file name="Grid.php" hash="824acc4402594b5d668b0a2cc7693059"/><dir name="New"><dir name="Product"><file name="Attributes.php" hash="0d8df5753ec6395f6e040489fc924c53"/><file name="Created.php" hash="272b92f03dcb132bd93cbce18c4717e4"/></dir></dir><dir name="Set"><file name="Grid.php" hash="8235e7536fb95f457c7804bdb359e67e"/><dir name="Main"><file name="Formattribute.php" hash="72788cb0c35e83b16cd297c72816e271"/><file name="Formgroup.php" hash="1357da9d086b7cbea716beaeb4dae246"/><file name="Formset.php" hash="811159896ff795a3f0158e227534fecf"/><dir name="Tree"><file name="Attribute.php" hash="a0c77fed4a8649aa5fe6cfffc186edd2"/><file name="Group.php" hash="f94a1f39ee14d5abb5d8f44e2d97b700"/></dir></dir><file name="Main.php" hash="87425ca70751a94f82cbb131c043c10f"/><dir name="Toolbar"><file name="Add.php" hash="b6948be8c4e92b8ea10edce28dcef91c"/><dir name="Main"><file name="Filter.php" hash="764f4f5e7ed0c87e42f5d9f295ead025"/></dir><file name="Main.php" hash="8ac0042772c63c554242405a190924be"/></dir></dir></dir><file name="Attribute.php" hash="97a860d3c3875affd812362b8a1138dd"/><dir name="Composite"><file name="Configure.php" hash="536bb87840aceb2ad9b8351b8463f4cc"/><file name="Error.php" hash="6c3e478bbac4b301f5a0cf4073432c54"/><dir name="Fieldset"><file name="Configurable.php" hash="53c7bf96d856185b689a2f79514d33ae"/><file name="Grouped.php" hash="b53f2fe7e8686e8f5dfa9864bebf07ee"/><file name="Options.php" hash="2590d50c524e414fb9faaa2fb2dde011"/><file name="Qty.php" hash="2a00e29ed9077301533908d36ecfc770"/></dir><file name="Fieldset.php" hash="c10b07158433cf6139e498f6d220285c"/><dir name="Update"><file name="Result.php" hash="82ad1be2457016dc38a011c7e41e9b25"/></dir></dir><file name="Created.php" hash="5b1e14203080ccec46695956256e9e0c"/><dir name="Edit"><dir name="Action"><dir name="Attribute"><dir name="Tab"><file name="Attributes.php" hash="e7ec07231959a9f8b1021197e3b2b357"/><file name="Inventory.php" hash="7ef543269aa2349ce84f4e972405052d"/><file name="Websites.php" hash="4884477aeb158616d346b06f8cff3c6e"/></dir><file name="Tabs.php" hash="36ec4c5454d6a364028a1317f7de5f0d"/></dir><file name="Attribute.php" hash="b8e61c893d43d8ff7f44e01569292a37"/></dir><file name="Js.php" hash="62c4ec3a54f2e93abf767f332b2a3962"/><dir name="Tab"><dir name="Ajax"><file name="Serializer.php" hash="3b47cf7e093745798e144250c5162ae1"/></dir><dir name="Alerts"><file name="Price.php" hash="089e6bc761ed49c8ad2ec7ba26c7fb73"/><file name="Stock.php" hash="e06ce13d6445624469e8fd2206a29647"/></dir><file name="Alerts.php" hash="b61ffb81888eaa0316a81a604379e208"/><dir name="Attributes"><file name="Create.php" hash="3f7f954930e3e7b749ed292f309caa1c"/></dir><file name="Attributes.php" hash="d1bcd002acea03dca275a06f4cac16e4"/><file name="Categories.php" hash="40a692fe90176aabc59046e97654e401"/><file name="Crosssell.php" hash="664656ac9e319f86bfee33c97545a0f1"/><file name="Inventory.php" hash="64e56bcd189081003f4c395be263f6e2"/><dir name="Options"><file name="Option.php" hash="4582b6c3b2400202ed73a0930a40f8f2"/><dir name="Type"><file name="Abstract.php" hash="818f94de76f82a67d2471051d7442424"/><file name="Date.php" hash="39885b96f8723368ef77181a7b3fbf1c"/><file name="File.php" hash="0ab404bab696d9be91928566adabf3a6"/><file name="Select.php" hash="6a4d6248e19a61d9f5c7cac597dc719c"/><file name="Text.php" hash="096cc18189256a1e9f4a4e53806c4ea7"/></dir></dir><file name="Options.php" hash="9a7d5cb98581857bbe1d1e8ddb74ee7b"/><dir name="Price"><dir name="Group"><file name="Abstract.php" hash="e2ef8472cf860ec16800b34046922aa8"/></dir><file name="Group.php" hash="d16078959e29b11e60b1e76a82b506f9"/><file name="Recurring.php" hash="3d50b901f1d4f965dbc6cdb5eca5ff0a"/><file name="Tier.php" hash="aa66089b33d43ac4d7ad754e0ebd4b5f"/></dir><file name="Price.php" hash="17275003ff0c19185b1f722306b37031"/><file name="Related.php" hash="e72c8c2a39a4d3ae1c2968589fcbb1ff"/><file name="Reviews.php" hash="064f4b3853d3dad28f61b41082b027a9"/><file name="Settings.php" hash="e0950496755a9f8c0b9a55c9b54771ec"/><dir name="Super"><dir name="Config"><dir name="Grid"><dir name="Filter"><file name="Inventory.php" hash="10cbc7c845b97d17d9bd90e01a379ea6"/></dir><dir name="Renderer"><file name="Checkbox.php" hash="ae009d6f1acb453fcee25b40ad240506"/><file name="Inventory.php" hash="99daa1ecdc5ecc2747c0bbb8c7112fb5"/></dir></dir><file name="Grid.php" hash="c98440cb58cc470c261f108841134c9b"/><file name="Simple.php" hash="1ff50725fd2958d6e20eb5713e6e854a"/></dir><file name="Config.php" hash="190a6a40a05792bba2a01a4096dc74e5"/><file name="Group.php" hash="1cd62c22d540ee8e40e0119a7a5cb059"/><file name="Settings.php" hash="7b20ee5f3b058b9736e35d723b348029"/></dir><dir name="Tag"><file name="Customer.php" hash="1199cdb139ad8201214fe7a0419c685c"/></dir><file name="Tag.php" hash="352bb1e1d536cab57b4280de2ce456b8"/><file name="Upsell.php" hash="2e9663a201e50de3bfe3cc292d9e9189"/><file name="Websites.php" hash="9e9cfc3b81e640725be5b6e02c9d3cfd"/></dir><dir name="Tabs"><file name="Configurable.php" hash="6085e32381fb2612ddea1a54a89e1caf"/><file name="Grouped.php" hash="87da69d6b67def224e86326b19cd6ac5"/></dir><file name="Tabs.php" hash="3fdbe6b1b94dfb0ccbc56d7ffa7f4326"/></dir><file name="Edit.php" hash="b501e75c51e8204b9baa954d61848569"/><dir name="Frontend"><dir name="Product"><file name="Watermark.php" hash="c81c187cb29b659a6aef01f1ab535713"/></dir></dir><file name="Grid.php" hash="0f561a7c6f0a9aba3994922216f8ad24"/><dir name="Helper"><dir name="Form"><file name="Apply.php" hash="0f1363899f7655b233e826a7215d5f4f"/><file name="Boolean.php" hash="93bf215159eb1308e315ad8141b50053"/><file name="Config.php" hash="b43b82224566766034373156e313de21"/><dir name="Gallery"><file name="Content.php" hash="fb36c29a35890b693cdd7ffb36b1dbd7"/></dir><file name="Gallery.php" hash="3bb08d8826aa08bbaf6f0e5d689a41ab"/><file name="Image.php" hash="5c0a06796c738b29738b8f45d1afd5e6"/><dir name="Msrp"><file name="Enabled.php" hash="8248490c5c3151787744e04462032b82"/><file name="Price.php" hash="38d46e644e7f0db3e5b893f27f49f525"/></dir><file name="Price.php" hash="f278a7db25a13a027ea25e78d746f322"/><file name="Weight.php" hash="4f0b58df8846b52df64109ca55b08faf"/></dir></dir><file name="Price.php" hash="740839608dd1244d32ef2ca26810898e"/><dir name="Widget"><dir name="Chooser"><file name="Container.php" hash="d4c30a3faa5c3f73707d30c0b7d687cf"/></dir><file name="Chooser.php" hash="fdbb886262f31e134031d77a8311b886"/></dir></dir><file name="Product.php" hash="7c844629bb172d2a510d8549d5fcfb38"/><dir name="Search"><dir name="Edit"><file name="Form.php" hash="19ff5e62cde4d4f75585a6bd3f980660"/></dir><file name="Edit.php" hash="75ca1935d14c89d7b077924a543c0f15"/><file name="Grid.php" hash="95e20704a061de4ec65c3b4c048202f8"/></dir><file name="Search.php" hash="d95b820a68dee749892a655714b75a16"/></dir><file name="Catalog.php" hash="ce5a2cf9a034e0a8926b84811c9ce707"/><dir name="Checkout"><dir name="Agreement"><dir name="Edit"><file name="Form.php" hash="2870329f50e032ca3be556c587835dc3"/></dir><file name="Edit.php" hash="7aa00b6829c6aaa42517159e03ba8050"/><file name="Grid.php" hash="a344b7faf6cb198868305a6d0be42430"/></dir><file name="Agreement.php" hash="127799b649c14d8040be957b67711f19"/><file name="Formkey.php" hash="ccf7cfaeeea137f9ff13aab29179b0b0"/></dir><dir name="Cms"><dir name="Block"><dir name="Edit"><file name="Form.php" hash="ea5ca609d2e3df4e021f2cebb6b211ff"/></dir><file name="Edit.php" hash="4fbb998ae410ef1e4ee6d8090b61670a"/><file name="Grid.php" hash="c35edb4840d079cf660b8e2eab483044"/><dir name="Widget"><file name="Chooser.php" hash="8dc62a9dc661de869f69894f0d9807b1"/></dir></dir><file name="Block.php" hash="57712596a93b882e7cd7386bdc00f914"/><dir name="Page"><dir name="Edit"><file name="Form.php" hash="ed73c4aeaed92f0b8b804eafb9096763"/><dir name="Tab"><file name="Content.php" hash="8b0ff0d6694ecf4cb77aa407ebef3082"/><file name="Design.php" hash="2a6a997c15727a589982e858073ca71a"/><file name="Main.php" hash="13cd7cc038de4f5f7c160b6a12304512"/><file name="Meta.php" hash="3396c6a4d9bf9df78a4efe26a5f2057e"/></dir><file name="Tabs.php" hash="d7c653bc13f03ce9f38fb89d1c60097c"/></dir><file name="Edit.php" hash="413581f1521e0a3225bc30a1d5c9428b"/><dir name="Grid"><dir name="Renderer"><file name="Action.php" hash="82ee47503382870703952244e2293517"/></dir></dir><file name="Grid.php" hash="849ecd981f80b2b05a6fbcb402f93d14"/><dir name="Widget"><file name="Chooser.php" hash="e884ff798c9eef8364721ca9af87882f"/></dir></dir><file name="Page.php" hash="49cb99b5286dcd397e0af9e0b23250da"/><dir name="Wysiwyg"><dir name="Images"><dir name="Content"><file name="Files.php" hash="1163853c0068a0f6d227802fbe8dea70"/><file name="Newfolder.php" hash="e214bdce0908f034aebcb500080eaac8"/><file name="Uploader.php" hash="eb46366072c73eb7157bd539e3800405"/></dir><file name="Content.php" hash="c875dbec8d6ef0382538920d88b150a7"/><file name="Tree.php" hash="aa39816c696aaf7b681fd15034c0a731"/></dir></dir></dir><dir name="Customer"><dir name="Edit"><file name="Form.php" hash="0c289b4fd0a89bfec5a71772d3e6a453"/><dir name="Renderer"><file name="Adminpass.php" hash="32bf316dc52322a59510a83638bfb30c"/><dir name="Attribute"><file name="Group.php" hash="ea7c4d23b59371529440d060728c27d9"/></dir><file name="Newpass.php" hash="552b26b7d447881d577ceebdb594e015"/><file name="Region.php" hash="b3a5cf903c23e96d5387da1052943829"/></dir><dir name="Tab"><file name="Account.php" hash="cb80de35f033c6018df0aa07c5d58bfb"/><file name="Addresses.php" hash="c5ce493dd7d0f3ca64dedf6b46db1d6c"/><file name="Cart.php" hash="dbcd7a63f8a9d777014b7da117337709"/><file name="Carts.php" hash="760e68993751df9c568333bd13c40036"/><dir name="Newsletter"><dir name="Grid"><dir name="Filter"><file name="Status.php" hash="e32c86d186a0f9acd70344b4e1566c7b"/></dir><dir name="Renderer"><file name="Action.php" hash="0e431d80248283b2ae52707cbd397705"/><file name="Status.php" hash="1fe3941bc5f6f0736173e13bd059f1db"/></dir></dir><file name="Grid.php" hash="ec780b4c8ceaaa1f02ce48fbda58faeb"/></dir><file name="Newsletter.php" hash="202d74115632b72daa8f42d97a57b7a4"/><file name="Orders.php" hash="b651ce4f5c30c443b6a70b8e7b371d93"/><file name="Reviews.php" hash="0b6bbe5289881c0f5bd039ccef57dc9a"/><file name="Tag.php" hash="0764367a0636cb632b4103b95f487112"/><file name="Tags.php" hash="52c4a09334625c29534428b5af5c8d38"/><dir name="View"><file name="Accordion.php" hash="f81336d13723d8f527ec48c1ebdeb31a"/><file name="Cart.php" hash="f00d19890687bc12e83c27bbf2bdc329"/><dir name="Grid"><dir name="Renderer"><file name="Item.php" hash="19f6cf2f2d8e23b173e33b2b9d604258"/></dir></dir><file name="Orders.php" hash="23bb04733b29a2357b44e036653ee854"/><file name="Sales.php" hash="e11c52a84f4621d8e24a55596f03a05a"/><file name="Wishlist.php" hash="01601f4e626a08ab539a417396e3e616"/></dir><file name="View.php" hash="2a31077590dc4943008ba9d9ccbdf1b3"/><dir name="Wishlist"><dir name="Grid"><dir name="Renderer"><file name="Description.php" hash="e9ac1bf2699e79903cb6c811663dce32"/></dir></dir></dir><file name="Wishlist.php" hash="9a52b70a7788a3c425fb136978fc46c4"/></dir><file name="Tabs.php" hash="5fe3722dcb5d09048cc876d2c2a14d63"/></dir><file name="Edit.php" hash="42a26f8ed4e680031c6674d8731cb235"/><dir name="Form"><dir name="Element"><file name="Boolean.php" hash="4cbaac7ec7349ae54619ca89e459024e"/><file name="File.php" hash="7432ad033bd39dcec8b4584ddfb2aaab"/><file name="Image.php" hash="0e79379e17e64098679c4455f58deee3"/></dir></dir><dir name="Grid"><dir name="Filter"><file name="Country.php" hash="5f517b81692e7718e05fbc99ed7f84a6"/></dir><dir name="Renderer"><file name="Multiaction.php" hash="af4c89a70fbe4d26dc8db4279f97dbf0"/></dir></dir><file name="Grid.php" hash="06ba05f38c0b4a8883ead63482cb4ecf"/><dir name="Group"><dir name="Edit"><file name="Form.php" hash="0cadbc7ebb1df472f28c54dbb44fe5e6"/></dir><file name="Edit.php" hash="2ba18d42fe16ffacd748ed7534f7d343"/><file name="Grid.php" hash="5bb20efe160ad515ed3ae642ec6a397a"/></dir><file name="Group.php" hash="6ca9df8630e23750c0340f6c3639936b"/><dir name="Online"><file name="Filter.php" hash="25def0b452913c29fdada85b28cedcca"/><dir name="Grid"><dir name="Renderer"><file name="Ip.php" hash="b994acd83317e6d3a39950b7893f0a67"/><file name="Type.php" hash="16aa8fbdc1cdeb0bb3cc2bed78a0b878"/><file name="Url.php" hash="6d9181705db8e74742bb7e9490de76d1"/></dir></dir><file name="Grid.php" hash="3132fde935fcf5f91033d985c3c7dcd9"/></dir><file name="Online.php" hash="89bdbc6f33a15036792e717dfda4a4a0"/><dir name="Sales"><dir name="Order"><dir name="Address"><dir name="Form"><dir name="Renderer"><file name="Vat.php" hash="62836393b817252569217cec61e3584e"/></dir></dir></dir></dir></dir><dir name="System"><dir name="Config"><file name="Validatevat.php" hash="f905c4557329ce6802c8a8abc2d9fff3"/></dir></dir></dir><file name="Customer.php" hash="425fe36c6debba08b77538f26a5c1adf"/><dir name="Dashboard"><file name="Abstract.php" hash="d55265571d05fe5c6ec98d585838bd2e"/><file name="Bar.php" hash="7f89a11678c6787547cffe13fe7e4ae7"/><file name="Diagrams.php" hash="9c207f0bc1d304d761a80df2e88c4093"/><file name="Graph.php" hash="6deb593ae9e725e80d60e7f6b6bc4671"/><file name="Grid.php" hash="1fb286a315624cd1f055bbc03724a820"/><file name="Grids.php" hash="60f08bc998bab01615e814a1c960b6eb"/><dir name="Orders"><file name="Grid.php" hash="b475871f31c7cf78de7e57236f203f94"/></dir><file name="Sales.php" hash="24f1f6bdaeb1729d52faf720b72ae122"/><dir name="Searches"><file name="Last.php" hash="c171fc44097e31c7bc6575b328e55552"/><dir name="Renderer"><file name="Searchquery.php" hash="d9a796c5175fff8e1dfddf94f6f7bffc"/></dir><file name="Top.php" hash="436c2ff96aa9d9c44e5f3a4242f0fa95"/></dir><dir name="Tab"><file name="Amounts.php" hash="f28f8d6d84eab07f116592e855818181"/><dir name="Customers"><file name="Most.php" hash="943e9f0f6a332e2004154d7fdc860a71"/><file name="Newest.php" hash="4d5b87b861a60722148b9157d085ce91"/></dir><file name="Orders.php" hash="b7d58a1db078a8ab9f88988ee82516d0"/><dir name="Products"><file name="Ordered.php" hash="9fbb836a88175a252e1eed16855d7aa7"/><file name="Viewed.php" hash="21892723be536c455108696c030708c7"/></dir></dir><file name="Totals.php" hash="b35bf6bc86642181329d7c6a4063b0d6"/></dir><file name="Dashboard.php" hash="4330555661b77277854314fd963bfc0d"/><file name="Denied.php" hash="f18754e566f29562164e9f4f2154fb7e"/><dir name="Html"><file name="Date.php" hash="b867dbb838bb7b751c9ab4fadd0691d5"/><file name="Select.php" hash="b90d108fbdc632fecec28f588d3c4957"/></dir><dir name="Media"><file name="Editor.php" hash="904734bc8d1f1d535b8446b1cb7bc96e"/><file name="Uploader.php" hash="75fb544b5db702c425830692e3111891"/></dir><file name="Messages.php" hash="63b9051e067080a4484d3254509e2d32"/><dir name="Newsletter"><dir name="Problem"><dir name="Grid"><dir name="Filter"><file name="Checkbox.php" hash="bfb315eba5ce6c24c43aa390f824a2c8"/></dir><dir name="Renderer"><file name="Checkbox.php" hash="b6e6018adfb853dd8f972922467d01de"/></dir></dir><file name="Grid.php" hash="77c982c969880ccc4ec3b3279f890eab"/></dir><file name="Problem.php" hash="d7a5e625ada05d38e9411a54957e0cec"/><dir name="Queue"><dir name="Edit"><file name="Form.php" hash="3a98c1bc08af3bcc66eabdeb1c9488b0"/></dir><file name="Edit.php" hash="eeadc81a388ca892c208e5543d2dc4b4"/><dir name="Grid"><dir name="Renderer"><file name="Action.php" hash="41b2bc208c4cf354065eb4ecc7e8c341"/></dir></dir><file name="Grid.php" hash="2dd9bdbee8a13adc9324de14902a9385"/><dir name="Preview"><file name="Form.php" hash="ec12b9117a9317db74cfc4a62b625ec3"/></dir><file name="Preview.php" hash="e33127ab0fc2ade9df1e5acfd251842c"/></dir><file name="Queue.php" hash="687a80234a6c6942500ce0e355b4bec7"/><dir name="Subscriber"><dir name="Grid"><dir name="Filter"><file name="Checkbox.php" hash="f2b020b52cb5f5d27cc1df8379837db5"/><file name="Website.php" hash="cb5e07f6f075ba08702d08c6c149d995"/></dir><dir name="Renderer"><file name="Checkbox.php" hash="85451acc8b0f56496a7259cd8dd76bc6"/></dir></dir><file name="Grid.php" hash="7260f65c291f4082d70978fdb45a3e12"/></dir><file name="Subscriber.php" hash="547980b120f86a0bdc71af6ea5e4b4df"/><dir name="Template"><dir name="Edit"><file name="Form.php" hash="f2b1549dd92e6883471640646cf3d5ee"/></dir><file name="Edit.php" hash="7f3cafdead3fbf1b353b9f75159a4c8e"/><dir name="Grid"><dir name="Renderer"><file name="Action.php" hash="2de17948babba3255185e824e0df2851"/><file name="Sender.php" hash="e0440c6f3f2af1c5b32ef17d41fc04ef"/></dir></dir><file name="Grid.php" hash="04c90d12653da962e4fac7b33f14594b"/><dir name="Preview"><file name="Form.php" hash="16aa35c3b2e48806625dcaba43c92bad"/></dir><file name="Preview.php" hash="09ed9ad8baa66d06a1fd6faa669717af"/></dir><file name="Template.php" hash="21d5eb58e09ac5096fd92600977fd431"/></dir><dir name="Notification"><file name="Baseurl.php" hash="dfdbc60d946f5666c3495190679cba42"/><file name="Curl.php" hash="2aeba6a2273f8f1e54d81c86ac535917"/><dir name="Grid"><dir name="Renderer"><file name="Actions.php" hash="99a94b2f0aae40f9c7ef88a665d45d67"/><file name="Notice.php" hash="fd90524ee4ae1d2bc16d31c71a532516"/><file name="Severity.php" hash="6745a90e7b990b7daa5618e00dc264c9"/></dir></dir><file name="Grid.php" hash="a18fbdf6a400a9fc1e3872cfea9518e1"/><file name="Inbox.php" hash="cf44b0a8760660ebd8a961a65773f14c"/><file name="Security.php" hash="af74cf2e1c7751d665a4375a0399a8f4"/><file name="Survey.php" hash="ec3650219b7d776c0e8026e3b7bd5ece"/><file name="Symlink.php" hash="6c427d602e5fca949d7813184a9b8b8a"/><file name="Toolbar.php" hash="08f588920aac56a603ea779b467489b2"/><file name="Window.php" hash="7bf40a4df88fc777eb2e2af91ef78043"/></dir><dir name="Page"><file name="Footer.php" hash="3246770f5c748b3a50476211edf75517"/><file name="Head.php" hash="874ebbe5de14ccdd458a6facbb4bd546"/><file name="Header.php" hash="c873bb0587722ff87379791184feac28"/><file name="Menu.php" hash="415744d581de429acd2fea5afe9ab0fa"/><file name="Notices.php" hash="316fd9052641e58b0d703ee36b4976a5"/></dir><file name="Page.php" hash="cb89a371f55974997804de0a61cd5c19"/><dir name="Permissions"><dir name="Block"><dir name="Edit"><file name="Form.php" hash="fb8bb9a6a88d6366eb7bc0647203963a"/></dir><file name="Edit.php" hash="b09be0bc7a515f481e47ba4f563018ab"/><file name="Grid.php" hash="870323bc27cb8b5ec696b2603092b079"/></dir><file name="Block.php" hash="12e30bdf3fef18eb300b4c7bc40764a4"/><file name="Buttons.php" hash="32dd7dbce23d365e0a022bb3f294dd82"/><file name="Editroles.php" hash="09b493890c89039d4ce406b00be0fef6"/><file name="Edituser.php" hash="c855e11269a374c41edd871a19e6bfad"/><dir name="Grid"><file name="Role.php" hash="4524df7249ad6d3b164b5f0fbaf3f585"/><file name="User.php" hash="d0a4baae760877f7ac8587775087f925"/></dir><dir name="Role"><dir name="Grid"><file name="User.php" hash="33a129c9a6b5f2194496773ac7ab70ac"/></dir></dir><file name="Role.php" hash="2a13665d50a202158cc0590fced555d0"/><file name="Roles.php" hash="6bfcc3c0348274b0870b113f4736d260"/><dir name="Tab"><file name="Roleinfo.php" hash="403d663ef771f3611a0a2b50d46b3a4c"/><file name="Rolesedit.php" hash="225662e07a6ab6609c5bbd6f08cf6871"/><file name="Rolesusers.php" hash="8832cde896965e2b7bbca4638c8a9758"/><file name="Useredit.php" hash="e5e881c0790bfc3c6a2710c5fb8a0105"/><file name="Userroles.php" hash="57a5356934d115e47f563c5125848dd0"/></dir><dir name="User"><dir name="Edit"><file name="Form.php" hash="0c708883ce210d0a8b5b4d586a7cf06e"/><dir name="Tab"><file name="Main.php" hash="e6be40174f8206f0daac5d468316e4e3"/><file name="Roles.php" hash="64c25dec02a40da001b119a3dfa7b00e"/></dir><file name="Tabs.php" hash="f0da88dab2504dc3c6c0f5b86a53bbc5"/></dir><file name="Edit.php" hash="5b03bb8145164d560b1bdc8a269ac289"/><file name="Grid.php" hash="0b65eb7f5427cd22b346bfd87b503aca"/></dir><file name="User.php" hash="e5b81acde5072e754b5b28af7900ec03"/><file name="Usernroles.php" hash="6edb8570724b449437e59f067277ece9"/><file name="Users.php" hash="d597744c70b346f88dea87e87305942e"/><dir name="Variable"><dir name="Edit"><file name="Form.php" hash="2026b495af14aa9a56935ba57498c1a3"/></dir><file name="Edit.php" hash="4298ed569a07d89bd75179a682d8c535"/><file name="Grid.php" hash="b019d3c19f49d30dd777d0bf311e4e43"/></dir><file name="Variable.php" hash="c894064b0ddd8ac81e92ab56363626a2"/></dir><dir name="Poll"><dir name="Answer"><dir name="Edit"><file name="Form.php" hash="382d5a97737db8c2b165f281d76f48ac"/></dir><file name="Edit.php" hash="63aed220b152cc116e59543729d73929"/></dir><dir name="Edit"><file name="Form.php" hash="cc568467e30577a1b9b9653d98392907"/><dir name="Tab"><dir name="Answers"><file name="Form.php" hash="27425239a41955cbcad44f5fad907bdf"/><file name="Grid.php" hash="9c52e51b0b0b1d2e1631790bc202a4f4"/><file name="List.php" hash="735a97e401819d79378fea03fb127d8a"/></dir><file name="Answers.php" hash="04540a47671baf275a8c1192197a15a1"/><file name="Form.php" hash="79c421116b0fc45445c5a8b0919a26a2"/></dir><file name="Tabs.php" hash="de583a3f18d5cbc2e1c250fecf7509db"/></dir><file name="Edit.php" hash="6f26bf3bc3d58f827958e2e3519c8c45"/><file name="Grid.php" hash="59be5ee15ed795e564c1c8a4397f81eb"/><file name="Poll.php" hash="9ccf39497025aba7d2ae8dfccbd5048f"/></dir><dir name="Promo"><dir name="Catalog"><dir name="Edit"><file name="Form.php" hash="99b4ccc6c993b3c6f785b90f867d3286"/><file name="Js.php" hash="3567b880caf3424119d21545467a0b6f"/><dir name="Tab"><file name="Actions.php" hash="639c36fe333c0b4193cdb5c858d244d7"/><file name="Conditions.php" hash="1dd1f6afcbc83cf24c8a4a57cd89e41a"/><file name="Main.php" hash="30be5eec578636204e4e2ac749c16fc9"/></dir><file name="Tabs.php" hash="ee13898b58f837d4a850213a450a6e19"/></dir><file name="Edit.php" hash="dc6c584c7b1bf07baceb80f9d9ccc251"/><file name="Grid.php" hash="3b3e748c0d9392fa1d22e851bd520ccd"/></dir><file name="Catalog.php" hash="9e83da3d00dfa31dd27beee92f629fbe"/><dir name="Quote"><dir name="Edit"><file name="Form.php" hash="a3ef7be928573c95300e3a686d109123"/><dir name="Tab"><file name="Actions.php" hash="af80c52b8840ac59e521cc184107f45b"/><file name="Conditions.php" hash="4e6013b559b2d106fa6823e5503b8a7b"/><dir name="Coupons"><file name="Form.php" hash="38a5ba623107f5359a63be333ecc8b52"/><dir name="Grid"><dir name="Column"><dir name="Renderer"><file name="Used.php" hash="c10c900978716e683a88c74865e0bb9c"/></dir></dir></dir><file name="Grid.php" hash="6f12f7a7ac883537a91a868f8f046e8a"/></dir><file name="Coupons.php" hash="90eeb30e7bb308223d170325cfa82973"/><file name="Labels.php" hash="9149c4273f7724d18f6921d692399686"/><dir name="Main"><dir name="Renderer"><file name="Checkbox.php" hash="e24fd8ad3fcf1007293d9788db115ea6"/></dir></dir><file name="Main.php" hash="362533a6e487384930fbc9d31eb2c873"/></dir><file name="Tabs.php" hash="e8efb78f4bbcf33bc6b1f1475c8381a6"/></dir><file name="Edit.php" hash="0eed49127243c460ecf20717fc7c72f6"/><file name="Grid.php" hash="a981de2b2f84900d3aac8e5747d9e4b6"/></dir><file name="Quote.php" hash="cbdd154035e54141097f3f244ae5b698"/><dir name="Widget"><dir name="Chooser"><file name="Daterange.php" hash="817943af923130c019901eb371edd6fa"/><file name="Sku.php" hash="b94cf844cc52ef513213fdf36d4e2c31"/></dir><file name="Chooser.php" hash="85f891c66376974cacb1b94591f97fea"/></dir></dir><dir name="Rating"><dir name="Edit"><file name="Form.php" hash="85bb893fe11569f779e2a2002635cae7"/><dir name="Tab"><file name="Form.php" hash="f52e225c22a0cb338139511210bdf8cd"/><file name="Options.php" hash="d742244d9ede8bc8c1811958c8672940"/></dir><file name="Tabs.php" hash="fab29a2465c8f83d8229ed9a4e12a457"/></dir><file name="Edit.php" hash="57154b7f9692dc1b5fe294151ef7c4c6"/><file name="Grid.php" hash="af5b428dfd715c2488a50a8db6635ed8"/><file name="Rating.php" hash="2063e6bd12dd2154657cfc6a4fd38fae"/></dir><dir name="Report"><dir name="Config"><dir name="Form"><dir name="Field"><file name="MtdStart.php" hash="e8274e4f8675746412d39e424a212177"/><file name="YtdStart.php" hash="d8365453d33234dae3dbac4c4164ad40"/></dir></dir></dir><dir name="Customer"><dir name="Accounts"><file name="Grid.php" hash="4ee062a10a1fd6dd3250751e9387cb1c"/></dir><file name="Accounts.php" hash="1a1511fabb29de8780686d3e9e65a28a"/><dir name="Orders"><file name="Grid.php" hash="0656ce7c9cd7c61d1ed7a0d6356d3638"/></dir><file name="Orders.php" hash="c5d12fb3cb26d20e3de3b10ba69df1a6"/><dir name="Totals"><file name="Grid.php" hash="ff882af980ae3c8811b0aa7b5bea0a83"/></dir><file name="Totals.php" hash="8aa59ae89284d2145650c437279e2afa"/></dir><dir name="Filter"><file name="Form.php" hash="69cd30e782441d2c20e2f7d086b578a4"/></dir><dir name="Grid"><file name="Abstract.php" hash="1259838520e97e6f5e5a86142f960068"/><dir name="Column"><dir name="Renderer"><file name="Blanknumber.php" hash="99b1c0c07fa555fea0cddae25f6a888f"/><file name="Currency.php" hash="fe2d288dfb099ceb914baa95a5ee92ac"/><file name="Customer.php" hash="b1a5250946c49aa2e921c9abb30999a7"/><file name="Product.php" hash="a4ad3eacf672977d5fa6c5213c666b65"/></dir></dir><file name="Shopcart.php" hash="d990aa64540f38084994c55e16b66a36"/></dir><file name="Grid.php" hash="11b7bd61129d0b5f03b5bd26ada47fb8"/><dir name="Product"><dir name="Downloads"><file name="Grid.php" hash="b2c62eb8f8d6cd91686eb418731546aa"/><dir name="Renderer"><file name="Purchases.php" hash="81d96bd5944b7b723fbd69c6fe0fad34"/></dir></dir><file name="Downloads.php" hash="11e4f461607717faf3742492139d97ed"/><file name="Grid.php" hash="a3328280fbfdc1286dadd5695003d2f4"/><dir name="Lowstock"><file name="Grid.php" hash="49ea6e217dfd12742f9f4526fbcf6df5"/></dir><file name="Lowstock.php" hash="f7a0fda9bc65400bcb201ce8c57b4fea"/><dir name="Ordered"><file name="Grid.php" hash="fbe565a94ef00aa0713d3c0676b28455"/></dir><file name="Ordered.php" hash="d0d5a77d45cc05a1cc9d9c6184dce2d5"/><dir name="Sold"><file name="Grid.php" hash="06b8bb8d3fb23fe3fed95f9af6c26110"/></dir><file name="Sold.php" hash="dbc26917ddaf6bd398ec2fe38346a626"/><dir name="Viewed"><file name="Grid.php" hash="c8f127e3f7ba9c1f584a0c6fb6a08471"/></dir><file name="Viewed.php" hash="076655e8c23b29dfc968fd652c46e40c"/></dir><file name="Product.php" hash="6b7d0556f28ddf0816b5fa1723a818a5"/><dir name="Refresh"><dir name="Statistics"><file name="Grid.php" hash="7339559d1a5feb5a317d214026b59714"/></dir><file name="Statistics.php" hash="081553d681795450853d378022096aa4"/></dir><dir name="Review"><dir name="Customer"><file name="Grid.php" hash="9840725cb756a7bb302650784adf2848"/></dir><file name="Customer.php" hash="507272f138c912e8401773ebebfbf601"/><dir name="Detail"><file name="Grid.php" hash="835c153225918f2e3134f03d459528d5"/></dir><file name="Detail.php" hash="bbe8bb058d5edbd4880064ad03892932"/><dir name="Product"><file name="Grid.php" hash="27cb7517a1fb42e1466071023ddae3f5"/></dir><file name="Product.php" hash="6941c4daa613b5975ba3a9d897f7347a"/></dir><dir name="Sales"><dir name="Bestsellers"><file name="Grid.php" hash="b56131a4f69109a4163812880f70fc7e"/></dir><file name="Bestsellers.php" hash="1c7b5ac4ac82eaa2c76efada815ba43b"/><dir name="Coupons"><file name="Grid.php" hash="a25de7482812b4d9bd89713e75c4b540"/></dir><file name="Coupons.php" hash="dea9d22ce3a45989bff418452b474c95"/><dir name="Grid"><dir name="Column"><dir name="Renderer"><file name="Date.php" hash="99724f69d6decef56c305e07c7e56add"/></dir></dir></dir><dir name="Invoiced"><file name="Grid.php" hash="1a23290dd7d7719b94287ee8556d1e94"/></dir><file name="Invoiced.php" hash="d213c1742bceb0e8760cf6c51f122c15"/><dir name="Refunded"><file name="Grid.php" hash="ebe3ac2ca0f2981e4fe6031f82ac4c60"/></dir><file name="Refunded.php" hash="27740811a81123285c6d78bb9f799576"/><dir name="Sales"><file name="Grid.php" hash="5c0dd665a3a92566c3b9ee9b170c095d"/></dir><file name="Sales.php" hash="011f528457f654222487ddc1db15e85b"/><dir name="Shipping"><file name="Grid.php" hash="ea48519fa084857ca4f44c967fe9d667"/></dir><file name="Shipping.php" hash="1cddda3d784b12525d836ac9a3357df0"/><dir name="Tax"><file name="Grid.php" hash="0a2340a418b896d8603f08d132f55b19"/></dir><file name="Tax.php" hash="fb277822cea2f0bb5b71c9d025d559f7"/></dir><dir name="Search"><file name="Grid.php" hash="407e420f3debfe639ae256e2d827b579"/></dir><file name="Search.php" hash="e9cb7352e3b233d5076926b67ae9f03b"/><dir name="Shopcart"><dir name="Abandoned"><file name="Grid.php" hash="932cab762e243101a7c3265dfa599c0c"/></dir><file name="Abandoned.php" hash="c933314669acd2fdbd63defd475d3984"/><dir name="Customer"><file name="Grid.php" hash="25089e52822291d522c42108810ab86f"/></dir><file name="Customer.php" hash="913294130b1a3dc25b0621df903bbd06"/><dir name="Product"><file name="Grid.php" hash="84d16caa0efd06af1d8cbca172e8992b"/></dir><file name="Product.php" hash="3f64b234f73486d662344cd9f52c4ae2"/></dir><dir name="Tag"><dir name="Customer"><dir name="Detail"><file name="Grid.php" hash="dd0c9252e4a70a0c3cb7e8e7c6c23639"/></dir><file name="Detail.php" hash="ebace1ece804b3c606020f8213f8b950"/><file name="Grid.php" hash="2260b6800e4c19ade24115f3f24fa907"/></dir><file name="Customer.php" hash="5ba6e846aababc182b25981aeb4c6f8e"/><dir name="Popular"><dir name="Detail"><file name="Grid.php" hash="818be0e011d29f75be00fa306b1b0c3d"/></dir><file name="Detail.php" hash="0ab400fc8641201ece75a65f1c93b809"/><file name="Grid.php" hash="ada614aaf421a6b35aee85a34d2d0d12"/></dir><file name="Popular.php" hash="54b7e0c887f64b16740869503de14a92"/><dir name="Product"><dir name="Detail"><file name="Grid.php" hash="7f1be567ae5d674f3875e1ba19e9c19d"/></dir><file name="Detail.php" hash="f0b90f22e066edbb5144b3a473ba074e"/><file name="Grid.php" hash="0dbc47e8afe260f1775f64f5abd5f284"/></dir><file name="Product.php" hash="a71f9d9003f52b69af346eff9143bc6c"/></dir><dir name="Wishlist"><file name="Grid.php" hash="0e63d4f557b29ee22ad74e25ab128bf1"/></dir><file name="Wishlist.php" hash="cbca56b25a8b586f64db6c91a538e029"/></dir><dir name="Review"><dir name="Add"><file name="Form.php" hash="912a68c3599baebbfd849d990a78ede3"/></dir><file name="Add.php" hash="c4ef9a8285531f848ef7ec85bd4b0865"/><dir name="Edit"><file name="Form.php" hash="aab9573c34402260a1b8abdb002bc703"/></dir><file name="Edit.php" hash="4bdfe952dff327bbde7c35d9956d8f6d"/><dir name="Grid"><dir name="Filter"><file name="Type.php" hash="dae987db69eb9e6d7e0c6d3e3a4d0d2f"/></dir><dir name="Renderer"><file name="Type.php" hash="6e8026cd79021d31ee978b4ffafe30f0"/></dir></dir><file name="Grid.php" hash="5928d0b988c6dbbbaafd5c36efbd1b87"/><file name="Main.php" hash="4291581219eebb26a55d2c1b250171e2"/><dir name="Product"><file name="Grid.php" hash="eec163557bf71f8f22480bdd57a6c8a4"/></dir><dir name="Rating"><file name="Detailed.php" hash="e30faedc70008b47b14826e323947aea"/><file name="Summary.php" hash="2b8d5dc65e99660833e11b73344ce76e"/></dir></dir><dir name="Sales"><dir name="Creditmemo"><file name="Grid.php" hash="5717b8caec95d79d53baebf5665da23c"/></dir><file name="Creditmemo.php" hash="27fc256b67712baa22a6473e880681c7"/><dir name="Invoice"><file name="Grid.php" hash="bbca8c45b3055dab5327eb7e3f005bdf"/></dir><file name="Invoice.php" hash="f2a31a60dd248d1d023b82fe1ac14987"/><dir name="Items"><file name="Abstract.php" hash="467e9e7ca2f98b0051f3c8e361344439"/><dir name="Column"><file name="Default.php" hash="56d115ca0b116f68e404ef68807d20af"/><dir name="Name"><file name="Grouped.php" hash="4a2f8c476589e2b32af2ac01cafc96dd"/></dir><file name="Name.php" hash="c62de2bf8718a9c2ece2ce7e23e03bef"/><file name="Qty.php" hash="454a94edbe2c5b7a75f00737e170c3a0"/></dir><dir name="Renderer"><file name="Configurable.php" hash="28c70473cbe8350e442b54507dee18a1"/><file name="Default.php" hash="45fb1f4d18d3a3819459366afd873f94"/></dir></dir><dir name="Order"><file name="Abstract.php" hash="9968c36de59df2d73f7ab177ce99ad50"/><dir name="Address"><file name="Form.php" hash="c9f5836acbf4ff81427a9560722144f4"/></dir><file name="Address.php" hash="8b694ca709abe5f2dea49126dad372d2"/><dir name="Comments"><file name="View.php" hash="bd2304e9e8a63a912d132e93b5a121ee"/></dir><dir name="Create"><file name="Abstract.php" hash="ace23380dd4337893be6cd9f8fcc5edd"/><dir name="Billing"><file name="Address.php" hash="c7d6cdf4678e5d2f0961827501dea8a0"/><dir name="Method"><file name="Form.php" hash="729e963ab3ddf852c6aaeb4c374a701b"/></dir><file name="Method.php" hash="1cbda88628683510167d23bf158846ec"/></dir><file name="Comment.php" hash="107d8c6c1434f3e5ed365ae59e37ab52"/><dir name="Coupons"><file name="Form.php" hash="2dfc0a5002b07842e410ccf2710e610e"/></dir><file name="Coupons.php" hash="b9c757d33a7803b0415a9f0c213afb53"/><dir name="Customer"><file name="Grid.php" hash="5748a330e8dcc17699f3c6a1d3a589c4"/></dir><file name="Customer.php" hash="ea07e49bb04b3d7170ce2e5c42b5e85d"/><file name="Data.php" hash="8a086a74430cf27d5815f93b9c71071c"/><dir name="Form"><file name="Abstract.php" hash="994ad1483341a924d7a6c5d19a5e4726"/><file name="Account.php" hash="f14c220d593b0f06003bce684b140068"/><file name="Address.php" hash="87fc0f93e4be39fc0ba54f880490dcc4"/></dir><file name="Form.php" hash="e9879907839a7a810f58ed38e7ec4171"/><dir name="Giftmessage"><file name="Form.php" hash="98d63f507a64efaab99a500a9da71b86"/></dir><file name="Giftmessage.php" hash="2a3f37bf5c3723668344a3f7f2812267"/><file name="Header.php" hash="03f6dad30227f5d473400a7944e1a6d4"/><dir name="Items"><file name="Grid.php" hash="02bb5f83884bc84a82cea8902709e7f6"/></dir><file name="Items.php" hash="c29d6bd3003f80e1ea57b05141b09ea9"/><file name="Load.php" hash="f7a2aa5ea6bec7e254e873bcc82548eb"/><file name="Messages.php" hash="d87bea0103f77041cb81b75113675413"/><dir name="Newsletter"><file name="Form.php" hash="811887cae15aa522b1e358c3dc018507"/></dir><file name="Newsletter.php" hash="c0d9eff723feb880ed235a2a5b17abb5"/><dir name="Search"><dir name="Grid"><dir name="Renderer"><file name="Giftmessage.php" hash="7f9829c812972394931e019e2e96a90b"/><file name="Price.php" hash="ee6ce6908ae15c4407942a7d60fef978"/><file name="Product.php" hash="5d56f384c81931c32853f3d2bc5bb163"/><file name="Qty.php" hash="7611c0b8a7c2d1c7f129304348570ca2"/></dir></dir><file name="Grid.php" hash="649fc59c39244b2f974d15023caa47f1"/></dir><file name="Search.php" hash="e89f2e794055c5df0694a34c8e29ab60"/><dir name="Shipping"><file name="Address.php" hash="0ac0de15586744ec0bf5d671fc97e172"/><dir name="Method"><file name="Form.php" hash="ffb7b1b8af92e0020165271929d97684"/></dir><file name="Method.php" hash="621774bf02b03098d7681f9c81a2c5b1"/></dir><dir name="Sidebar"><file name="Abstract.php" hash="33c186eeb0dd61dc526a27ead10f280a"/><file name="Cart.php" hash="8203cb25f99eaf6fb607469872cd27b6"/><file name="Compared.php" hash="d2472fd4624fc3ba0a068537b5564bd9"/><file name="Pcompared.php" hash="50e6571e0b3a723f220cfc7c7fd3017a"/><file name="Pviewed.php" hash="f224ecc703e61de7704c720cbdb01742"/><file name="Reorder.php" hash="e30c333e309b362b99144de107caf2dd"/><file name="Viewed.php" hash="d188f15e1e330bb9cee987bb96139d47"/><file name="Wishlist.php" hash="3cfd84ed855acc1158825c4bac1eee07"/></dir><file name="Sidebar.php" hash="bb85cb56273718a438e470d3766102d8"/><dir name="Store"><file name="Select.php" hash="e568f34b8ee37902fd1ef5fceeeffa89"/></dir><file name="Store.php" hash="bd028b48bafff28a45141a8c213f7de7"/><dir name="Totals"><file name="Default.php" hash="0c06a5f6f9c9289fc0ec8e8f9bd38ab7"/><file name="Discount.php" hash="4b765ae9160306840358099712ca8f26"/><file name="Grandtotal.php" hash="0b140da78932cb339289247d737bef68"/><file name="Shipping.php" hash="2975332020d0faf31570e401f7431aa8"/><file name="Subtotal.php" hash="ef046c50436c16f9b71a9e13115bfae8"/><file name="Table.php" hash="10249cf6ca8666193e6c83994db02875"/><file name="Tax.php" hash="aaabef204e3c77f6acab7c5a02789c44"/></dir><file name="Totals.php" hash="703be91c809df96bc4e3f33a1a96e536"/></dir><file name="Create.php" hash="c1e4a9b052977322d863ac4bece32f62"/><dir name="Creditmemo"><dir name="Create"><file name="Adjustments.php" hash="89ab6b4a8002d8951b775059f6415d60"/><file name="Form.php" hash="cd6438633514cdf345d4c8a57f6a51aa"/><file name="Items.php" hash="a5ec6e06117c6858ef06d1ca25677597"/></dir><file name="Create.php" hash="c193123a808daf28acbc8793717ac6d3"/><file name="Totals.php" hash="c857b4b6cc5974c75e3a29eea2149009"/><dir name="View"><file name="Comments.php" hash="9135aa72b4bcbe7d3bb6013a2f04f016"/><file name="Form.php" hash="de15ef7c6f249fb9e4678a398011157e"/><file name="Items.php" hash="9a4e4ea401dcb83db60d1ca905d05640"/></dir><file name="View.php" hash="5682c3b6d957fffbe51f65638b6fae57"/></dir><file name="Grid.php" hash="332d48760a7984a6b00207543b88a4f7"/><dir name="Invoice"><dir name="Create"><file name="Form.php" hash="a6fb9792408416068988787f592374bd"/><file name="Items.php" hash="e97830b26af9f6f1bd1d141004ab7056"/><file name="Tracking.php" hash="8ea313eb2289113213c139295c4ea21e"/></dir><file name="Create.php" hash="df68552af456ece05b9d808479763178"/><file name="Totals.php" hash="ec44a68fb16b9222074f70b8392523bc"/><dir name="View"><file name="Comments.php" hash="1745fae306ac48cd9b60d7862253c263"/><file name="Form.php" hash="1cbcadc2e0a5f881c7916867115957c7"/><file name="Items.php" hash="bf1a848f21b8070e35e753ed50e7ddf8"/></dir><file name="View.php" hash="0508c53f38f6668267ff9c5e1e402847"/></dir><file name="Payment.php" hash="2f7d0a7edabb339ecf91426b9b67f204"/><dir name="Shipment"><dir name="Create"><file name="Form.php" hash="bdf8d97c42fd4225b4e7c50f41cb3a3d"/><file name="Items.php" hash="4dd1603a9ce555349c2a144b6448ff00"/><file name="Tracking.php" hash="ce1b2714096f0b2b4b64d020142ada9a"/></dir><file name="Create.php" hash="8a17f9a552ac4043c5ba695b5c2e7f28"/><dir name="Packaging"><file name="Grid.php" hash="c5dc315aa4a10b392647849647f8124f"/></dir><file name="Packaging.php" hash="4bbe680d38e5929c7196bbb26bac3350"/><dir name="Tracking"><file name="Info.php" hash="d1fc1232607baf4f133ec48ca0fae04a"/></dir><dir name="View"><file name="Comments.php" hash="12dfc224b8bd352eeb60d2b9b41a5c4f"/><file name="Form.php" hash="107bd71d65ca52e4fe59c148ff43d059"/><file name="Items.php" hash="0c2c02258238c04d35f8302f208dd5f6"/><file name="Tracking.php" hash="8d41c1e65ba0e3ec6945782957fcee9b"/></dir><file name="View.php" hash="dd4f42d11ffe1ea196bf1b82cd1f8ca2"/></dir><dir name="Status"><dir name="Assign"><file name="Form.php" hash="00cc48e6f0c3d2d8f5a9d276784dfa11"/></dir><file name="Assign.php" hash="9fb13f56dcfc8d5232fe57d729688837"/><dir name="Edit"><file name="Form.php" hash="e1e4a528c760069606a3288eefe9b53e"/></dir><file name="Edit.php" hash="878b0973508b56b3f373f8194cb70a07"/><file name="Grid.php" hash="f829cbd7178db37bf77b765af156f722"/><dir name="New"><file name="Form.php" hash="d0604be68b108b02af082bc7c65cace8"/></dir><file name="New.php" hash="29c01cd2f0e19af5e6250251b31267e9"/></dir><file name="Status.php" hash="6550dc33999e72773eab9478f52cc302"/><file name="Totalbar.php" hash="52aa0b423bcb1141c77b9458737b18c3"/><dir name="Totals"><file name="Item.php" hash="f43a219863c76c571205d832d0b43b45"/><file name="Tax.php" hash="184791b93aca13bd09ffb655f132ad01"/></dir><file name="Totals.php" hash="210db83b7c9a4c7cceb377b80f2a9c10"/><dir name="View"><file name="Form.php" hash="23d9c4ca41d10ae38b587c51450bc3e3"/><file name="Giftmessage.php" hash="42f341de5ae707b247a53424a1b67ed1"/><file name="History.php" hash="1d88d4967c4dc6b0d734e9e0aa4ac2d4"/><file name="Info.php" hash="d7ee83014d4bbab3a24e16d3f1d12eb7"/><dir name="Items"><dir name="Renderer"><file name="Default.php" hash="0a4e91ab3a575dc4e4bb02a74395d6b8"/></dir></dir><file name="Items.php" hash="c989206236501dc8b092d8d84e4f1d1a"/><file name="Messages.php" hash="4025d28ee095a9cd3f8ac60c1233f071"/><dir name="Tab"><file name="Creditmemos.php" hash="059adadd24b70299eccc487a536ab2c5"/><file name="History.php" hash="8e51c6f8901d81383fc8e3b937762f0e"/><file name="Info.php" hash="e2864c503f989daa5798cba16dde2a71"/><file name="Invoices.php" hash="0f308282d18b8193b98229f6b3058953"/><file name="Shipments.php" hash="ba3116e89be4121c316ee8ee87b0909b"/><file name="Transactions.php" hash="6cf7a8da63fbf6303692b0cb94799443"/></dir><file name="Tabs.php" hash="f13f47bc04d78d5c12b2ec834b00c680"/></dir><file name="View.php" hash="e118d98b266f83b7371f3bb2cb0495fc"/></dir><file name="Order.php" hash="7267a7a37d11673f68f0ee372cf3de7e"/><dir name="Reorder"><dir name="Renderer"><file name="Action.php" hash="3af81617dc8d3a5642079c2df2afc4ba"/></dir></dir><dir name="Shipment"><file name="Grid.php" hash="89b8634c717d62fe3b6487c15c8d107e"/></dir><file name="Shipment.php" hash="bf55854c2ea635e3a427a5031bba1125"/><file name="Totals.php" hash="0f2bb0aa24c61390e2727bf485214697"/><dir name="Transactions"><dir name="Child"><file name="Grid.php" hash="9b417be1aa074dc24de8680634ee2476"/></dir><dir name="Detail"><file name="Grid.php" hash="a42a03de4a8a788f02a845047c670db2"/></dir><file name="Detail.php" hash="86cca3beb4a511f8094cf5314a925468"/><file name="Grid.php" hash="da014699b42c2b4c1c81c17044d27da6"/></dir><file name="Transactions.php" hash="320be0527560fed342f9c811b8255bf9"/></dir><file name="Sales.php" hash="a1dc1bd628e8fedfa54aefac97bb41b4"/><dir name="Shipping"><dir name="Carrier"><dir name="Tablerate"><file name="Grid.php" hash="10e83ee8dde4582807a45d69f9acf679"/></dir></dir></dir><dir name="Sitemap"><dir name="Edit"><file name="Form.php" hash="b8d105362b3adf6c03d6a69d45bbc3a5"/></dir><file name="Edit.php" hash="e07b39397eb1286e1fcbc44139bc7e32"/><dir name="Grid"><dir name="Renderer"><file name="Action.php" hash="29bde8080647225153100af893c7a4ce"/><file name="Link.php" hash="fbc71a5ef95188f366fe84ab75516a1e"/><file name="Time.php" hash="a630f3e816cba54341ea826e0509be10"/></dir></dir><file name="Grid.php" hash="c02fabf9285882e6bb1b9395d38053ac"/></dir><file name="Sitemap.php" hash="50481db275cd12bbe56fcf5d8e78950b"/><dir name="Store"><dir name="Switcher"><dir name="Form"><dir name="Renderer"><dir name="Fieldset"><file name="Element.php" hash="c5251b386f061d7e76f9102870e48bb7"/></dir><file name="Fieldset.php" hash="28815718840b9cd9aa3a8f11dc704f75"/></dir></dir></dir><file name="Switcher.php" hash="4045caa8d0fa2303fbe04f26a9d6e1ef"/></dir><dir name="System"><dir name="Account"><dir name="Edit"><file name="Form.php" hash="99dd4d9afb439c78e66a74ea5b77a9e8"/></dir><file name="Edit.php" hash="d93d39b44e99f8c6f8a53fabeb8fe03c"/></dir><dir name="Cache"><file name="Edit.php" hash="3ed6b9c007cf377ff9f564ef281ec1fe"/><file name="Form.php" hash="8b387aa81ddff180e4c927b2fc9dbcd9"/></dir><dir name="Config"><file name="Dwstree.php" hash="949f0304d9a0c5c2a65cec4a491209a0"/><file name="Edit.php" hash="9fe688fa2b68a609bc8718838235da67"/><dir name="Form"><dir name="Field"><dir name="Array"><file name="Abstract.php" hash="3784a47ebc6bf8e201a94fb18bb25336"/></dir><file name="Datetime.php" hash="d9229f22e994bc820057e87cfec90598"/><file name="Export.php" hash="868fd289fe1c6f57ee6c2d056d1fccea"/><file name="File.php" hash="7d37626d158c4372bb3b7cc81f3a02d9"/><file name="Heading.php" hash="4ef6ca5626a72c022e3e8137596add5f"/><file name="Image.php" hash="22fca830060d1394a85da41db05964e0"/><file name="Import.php" hash="fbcca2bd1276efe49f513045592b2e45"/><file name="Notification.php" hash="1cdad5e7436b453245bcdd0489224628"/><file name="Regexceptions.php" hash="758807d54a62f6f61f611e767ec4ecf9"/><dir name="Select"><file name="Allowspecific.php" hash="ac58da8a22ee314eb89068718dbf4626"/><file name="Flatcatalog.php" hash="68c82c41e376b507816ce3ddb07e914a"/><file name="Flatproduct.php" hash="da237d35272d4dfe79fd5c83799205c6"/></dir></dir><file name="Field.php" hash="aea846b299b3399033354483361ee31f"/><dir name="Fieldset"><dir name="Modules"><file name="DisableOutput.php" hash="ce58e2732915fac2fb8936a79088c203"/></dir><dir name="Order"><file name="Statuses.php" hash="1316ef1399463d26d20611e802b998b4"/></dir></dir><file name="Fieldset.php" hash="b1cc5488a485e8c2397af2228dcfe0d6"/></dir><file name="Form.php" hash="e03e58aa776c049e11cc9856964593f1"/><file name="Switcher.php" hash="bd6f6c5dbf6eba1e0a936ac49942514e"/><dir name="System"><dir name="Storage"><dir name="Media"><file name="Synchronize.php" hash="411e489880f2a7d436823e46eb6c2030"/></dir></dir></dir><file name="Tabs.php" hash="6d01b907c1f3cb31132ab5c92902b56b"/></dir><dir name="Convert"><dir name="Gui"><dir name="Edit"><file name="Form.php" hash="51512ab6495c12ae7e521a0b220b5a18"/><dir name="Tab"><file name="Upload.php" hash="d193afda3f613e188d0515ecc19ba6fc"/><file name="View.php" hash="b599ad8fd48be28aab0995b125220b02"/><file name="Wizard.php" hash="b02afe7d66fee207a1f09d8812cf7a99"/></dir><file name="Tabs.php" hash="b9cc2ef30b98b610937b03fc02d8b497"/></dir><file name="Edit.php" hash="5e9488fca79a80b5234f5445e23a6e44"/><file name="Grid.php" hash="810689efe57896fb238e124faae811e9"/></dir><file name="Gui.php" hash="e089b93dd30284819d2d5d62d7d3b0d3"/><dir name="Profile"><dir name="Edit"><dir name="Filter"><file name="Action.php" hash="b7560fbdf0a5611d036ff11d2bbb51cd"/></dir><file name="Form.php" hash="3e3dd0fa111cb965b5752ae71d277c9d"/><dir name="Renderer"><file name="Action.php" hash="cd87651e0cb2e6ded77c76399783089d"/></dir><dir name="Tab"><file name="Edit.php" hash="1123d89a65d5a5aa17a8f23f6970de45"/><file name="History.php" hash="55f3d4c7b3701f990fa8195770dfefcc"/><file name="Run.php" hash="c4904951931aac62dcf658a47d81f40f"/></dir><file name="Tabs.php" hash="e1eb71d164447ccb5ed30d1c0b063895"/></dir><file name="Edit.php" hash="3e03e042fbe826d42fe3227f20f68e21"/><file name="Grid.php" hash="8b8d2d9532fbcc5669e306fe4f178cd5"/><file name="Run.php" hash="566d290a8b18f8d92f4c50ced8167774"/></dir><file name="Profile.php" hash="e98bc3dd91d4f33bb7066fbf16165afa"/></dir><dir name="Currency"><dir name="Edit"><file name="Form.php" hash="20b70301bec0b388197efc08843ae404"/><dir name="Tab"><file name="Main.php" hash="cb4ce996cedb2d09aeba5f7c301e0c77"/><file name="Rates.php" hash="20e20e6398fb25ce0aaabd296808f55c"/></dir><file name="Tabs.php" hash="9106b6dd6120dd32699b7c4d83ee275c"/></dir><dir name="Rate"><file name="Matrix.php" hash="6cae30f47d90546322f9f51feec24de7"/><file name="Services.php" hash="ac762568e16500cd45d3693cd45e73c4"/></dir></dir><file name="Currency.php" hash="c3cffe38d8d44a187ad756ccd7a930a9"/><dir name="Design"><dir name="Edit"><dir name="Tab"><file name="General.php" hash="6bbbf832832b30bbf63fc9d5c3bb2e50"/></dir><file name="Tabs.php" hash="c3d46a8b734ce44adf1afd9a78bad9be"/></dir><file name="Edit.php" hash="146be0ed03e144eb87aa89786f974786"/><file name="Grid.php" hash="41df1e7f4a7f1a310c934ac5c90bac99"/></dir><file name="Design.php" hash="63c84ac10dffefa4a60cb5a16ab2e9c6"/><dir name="Email"><dir name="Template"><dir name="Edit"><file name="Form.php" hash="ba60cf33870466147529540389a098fa"/></dir><file name="Edit.php" hash="fbff822e31d9fd4bfa74c21bd85c675a"/><dir name="Grid"><dir name="Filter"><file name="Type.php" hash="06db8032ae98bcaf02dde31fda26ae20"/></dir><dir name="Renderer"><file name="Action.php" hash="977b2671b09737d77bb76efd8d1d140b"/><file name="Sender.php" hash="365125a25246d9c8698bfa6ee5e1df51"/><file name="Type.php" hash="7e587342637179a910cd521cb3f65d0a"/></dir></dir><file name="Grid.php" hash="0fb16af553465674f16de207b6a00a99"/><file name="Preview.php" hash="f71f27da9dde5eaf2683c98b8e7486bc"/></dir><file name="Template.php" hash="f961a2a3c8f6cb13aa8ed68be9d0ffb7"/></dir><dir name="Store"><dir name="Delete"><file name="Form.php" hash="86e76fd0c747b41a5611d16ef362da4f"/><file name="Group.php" hash="8a9875278ed5c2a1d7cbe2de0c8b5d3e"/><file name="Website.php" hash="02df4f06380e4b90bb36c44512f5f7fc"/></dir><file name="Delete.php" hash="bbf25320410cff2c1347ac4430b3b482"/><dir name="Edit"><file name="Form.php" hash="644b1a2848629900483e4f559d78a986"/></dir><file name="Edit.php" hash="1c26d15fa15443cbdaf7fa10d1c46595"/><dir name="Grid"><dir name="Render"><file name="Group.php" hash="d51172f385ad735d8edc971780ec3058"/><file name="Store.php" hash="56cc10240fdd3478e3d1062d72475360"/><file name="Website.php" hash="5f66c00e4522c40d5bf1b2d546224fe0"/></dir></dir><file name="Grid.php" hash="c75c238c07093f60b02ec4fa919fd7b7"/><file name="Store.php" hash="bc472fb0f06a390b255e9b3592d2ddfd"/><file name="Tree.php" hash="c23e3717d291a812964a9fb8ee916696"/></dir><dir name="Variable"><dir name="Edit"><file name="Form.php" hash="d0d122ec389b0fd702287db9dc6763c1"/></dir><file name="Edit.php" hash="c604fffda2a18a7f112a68aa77baa4cb"/><file name="Grid.php" hash="7bab6ec5c65c3ed970df42674af1002f"/></dir><file name="Variable.php" hash="ce8ece090b8411742f92abc9edb3fdf9"/></dir><dir name="Tag"><dir name="Assigned"><file name="Grid.php" hash="289c2b672a9b03140c00aaf95cc09b5c"/></dir><dir name="Customer"><file name="Grid.php" hash="076b8a64dc03af267c456946d88dae9f"/></dir><file name="Customer.php" hash="5d0e98ae573372eeffa364b4f5e93eb4"/><dir name="Edit"><file name="Accordion.php" hash="3e633cddebf3f7c502d8d69b52b57092"/><file name="Assigned.php" hash="46657200625bbea8f17017cead2a8be4"/><file name="Form.php" hash="096d4192c6b03f86ec7113dc90b38ddb"/></dir><file name="Edit.php" hash="8138bcd7f37fb77365f1f19f813969ca"/><dir name="Grid"><file name="All.php" hash="03f5a39a97b773f8e30a3eb927cc0cf9"/><file name="Customers.php" hash="94dbb5abc8ae1dfa7ac16f4686810a7e"/><file name="Pending.php" hash="046f08f11632ab88da628d54ad428b91"/><file name="Products.php" hash="27039aeb2501fa5d6379524a52297bcb"/></dir><file name="Pending.php" hash="f9d75d43dcf71766ce2624f04fc7f9c3"/><dir name="Product"><file name="Grid.php" hash="74954d069ab71d4efbe262a1c4915684"/></dir><file name="Product.php" hash="d434e1282792816df00779a41b77c097"/><dir name="Store"><file name="Switcher.php" hash="5c832d5e5f1fb28ca6f8c5d250fd0f58"/></dir><dir name="Tag"><dir name="Edit"><file name="Form.php" hash="e3870d4338a56ddc333fadec6488624f"/></dir><file name="Edit.php" hash="3e9552841cb0486f1b07bca133e5cfc2"/><file name="Grid.php" hash="41e8a6118367c742b9180173e8daf02e"/></dir><file name="Tag.php" hash="6e74a75383b9ac5467cdfea6c6672f75"/></dir><file name="Tag.php" hash="dd0d9b1fe5544f616c0f47ac59657180"/><dir name="Tax"><dir name="Class"><dir name="Edit"><file name="Form.php" hash="c4a5a09202ec85a8a5217fb3dd1c9b38"/></dir><file name="Edit.php" hash="dec0c0a5429dd6277e6235f5446de4db"/><file name="Grid.php" hash="01a33ccb33459383a59f288e3242c2aa"/></dir><file name="Class.php" hash="a5c4e0fa6c3fae6e9a67e895a263462e"/><dir name="Rate"><file name="Form.php" hash="3c2e61a925169c6a4f4b2c49f0ddb863"/><dir name="Grid"><dir name="Renderer"><file name="Country.php" hash="ab49dfe7ae7318f2cd4c19f428ff65b3"/><file name="Data.php" hash="ee564a26a28e6c672dc70283b8727156"/></dir></dir><file name="Grid.php" hash="4311cef68b093dd21a464444bb04f182"/><file name="ImportExport.php" hash="51749ab5623e4499e50e534836a571e0"/><dir name="Title"><file name="Fieldset.php" hash="e1d2275ed3ef0683fc2576fa5e4faf57"/></dir><file name="Title.php" hash="4aab833771581272d1ba200432ea00bd"/><dir name="Toolbar"><file name="Add.php" hash="cab32f30562274448ccc28d8d278c037"/><file name="Save.php" hash="97907b0978b7665d45cd8a75acda4b40"/></dir></dir><dir name="Rule"><dir name="Edit"><file name="Form.php" hash="d3117202c01e13c77630fe521b520431"/></dir><file name="Edit.php" hash="075f674a17a8822f20b0d2e7d51ea788"/><file name="Grid.php" hash="d52779e77fc997d22937255d0c6aad1d"/></dir><file name="Rule.php" hash="9312e570058a660557588246e50f1628"/></dir><file name="Template.php" hash="048e4d58a8abf8e3a4c8f5677cf6def7"/><dir name="Text"><file name="List.php" hash="41726f17baf4ba05ceaa79953a0bd611"/></dir><dir name="Urlrewrite"><dir name="Category"><file name="Tree.php" hash="1e01061dac93dcc890e36246ae60b758"/></dir><dir name="Edit"><file name="Form.php" hash="3d703104e5d5e0dc7c2dbd8bdcbba50c"/></dir><file name="Edit.php" hash="abebcb24862a597d023dc47e55e06175"/><file name="Grid.php" hash="951283f25d355557d77ff3fc232c30ca"/><file name="Link.php" hash="a082c052dd2d63e8b47b452090ad7752"/><dir name="Product"><file name="Grid.php" hash="c21688b10e691b43d3c2be26e33068b4"/></dir><file name="Selector.php" hash="42efc1c2c979c7234684da85d0c5f4bc"/></dir><file name="Urlrewrite.php" hash="f6bed2492f4348c239a56b93c2c8cd3e"/><dir name="Widget"><dir name="Accordion"><file name="Item.php" hash="1ac375fb0ad1148f1a3486f1c7dad763"/></dir><file name="Accordion.php" hash="fa8c5ee4d9a67c62860c7995a2f5facd"/><file name="Breadcrumbs.php" hash="f2b60b95e58b36adeb63552424ec00b8"/><file name="Button.php" hash="6dfb5f9a54fcab22606043bdd04d461c"/><file name="Container.php" hash="701d273ac0551c92a87451631ec94cf1"/><dir name="Form"><file name="Container.php" hash="2647161b6a37509a84fc08bff6ce23de"/><dir name="Element"><file name="Dependence.php" hash="12bb49d958b0121ea0bdf6cd3b47a66a"/><file name="Gallery.php" hash="1a9b799b5f8b060be9775a01d7626799"/></dir><file name="Element.php" hash="f0b4276a0c30ecd0f89362c138667690"/><dir name="Renderer"><file name="Element.php" hash="29d1418f521ddb89e24943921c76c4bd"/><dir name="Fieldset"><file name="Element.php" hash="b419b410919759ab61f58dbd86212a2d"/></dir><file name="Fieldset.php" hash="de6bc5059042f678be9014401c1140d8"/></dir></dir><file name="Form.php" hash="8e07b8961c116fdfa109f548c0963b73"/><dir name="Grid"><file name="Block.php" hash="d3415dd6d043edcb8236bcb202a93bdc"/><dir name="Column"><dir name="Filter"><file name="Abstract.php" hash="b99f0dbfe4f3685d8609c3e5e62e2a23"/><file name="Checkbox.php" hash="41eb6bbe5bd4bea08725ade2b9bc254d"/><file name="Country.php" hash="23f713e16b15e7b2b1e8b8202b6aab22"/><file name="Date.php" hash="c143657c6b6b7ebe15abe233e5523918"/><file name="Datetime.php" hash="0b5ec21288cb134916b2a55c07fba169"/><file name="Interface.php" hash="f8709f395b919353186d3a28b2427d12"/><file name="Massaction.php" hash="b0d958db2d2f897510813a0b418e0319"/><file name="Price.php" hash="9d948fa21d31cb67e65a27b60706892a"/><file name="Radio.php" hash="fd316ceb4e867d192ef45382019c54a1"/><file name="Range.php" hash="aa954a9524813a18e450671de7be2a35"/><file name="Select.php" hash="312ac65d14fe5808b94cf01693e73683"/><file name="Store.php" hash="c479999fdd7f63e62a4a2ed7a8b7e85f"/><file name="Text.php" hash="498b987ce2efc08c96c9daf982c7ad93"/><file name="Theme.php" hash="f2f91007375d651411cbfb5d9d31f5d6"/></dir><dir name="Renderer"><file name="Abstract.php" hash="0877927202ba8cb3c007f1e998846c38"/><file name="Action.php" hash="c693f237ebf99daa9d0847253904dce2"/><file name="Checkbox.php" hash="9ffcfeb3859943bf8e21e5ed901f7eb6"/><file name="Concat.php" hash="a0f3dba0a2f719b9d231f5fd6112e9de"/><file name="Country.php" hash="c3ce0bcd5d39be75574ce3014b50874f"/><file name="Currency.php" hash="5381176d3cdfe77c2948bf5b534f402d"/><file name="Date.php" hash="dd112ba85cb251c4ce4acefebcc6d77e"/><file name="Datetime.php" hash="44037bdde740944a80b5d7c67b085155"/><file name="Input.php" hash="c3ca64db8371066aa2313e9d5ae9a2fe"/><file name="Interface.php" hash="9fec60d6ae235d4f050a48f8891397f0"/><file name="Ip.php" hash="a3bc5003397174eee0c4580e522ee5ba"/><file name="Longtext.php" hash="a42d8268677431d06f23b18b73ff0484"/><file name="Massaction.php" hash="48780753058340dcb7d2ad0799886d32"/><file name="Number.php" hash="da8225e2a1282a1966c46e7ac87d61aa"/><file name="Options.php" hash="15ee3eef0f1be48f83e543fd4fddb10d"/><file name="Price.php" hash="e695c582e86897a2b71c8796eb45e370"/><file name="Radio.php" hash="1784e361f47d188c995f7349ee425854"/><file name="Select.php" hash="7445e830f03632a9d4dda2021a3d1cf2"/><file name="Store.php" hash="a29e258b9963d847cffe16577223ee1c"/><file name="Text.php" hash="2f297552e7f0749c75efde13500a75f9"/><file name="Theme.php" hash="282f1e4dcd4833515de87ab0393f6b9b"/><file name="Wrapline.php" hash="2bdb2a2d417fc7d405ee911c40c4b578"/></dir></dir><file name="Column.php" hash="5f37c1b21f74a74aafa9179e95fbfe12"/><file name="Container.php" hash="58fc2e07119b5e4145fefcc4f749118a"/><dir name="Massaction"><file name="Abstract.php" hash="b6413f2cae8f706488344d4263d07d31"/><dir name="Item"><dir name="Additional"><file name="Default.php" hash="6879cf65e66b360f2163f250e4a3562c"/><file name="Interface.php" hash="04db948fdb1ad2ae5243674869f24b5f"/></dir></dir><file name="Item.php" hash="d6541c34b3d94aece64cf57478569330"/></dir><file name="Massaction.php" hash="0649c03624c79c444cf054ce49d08ba3"/><file name="Serializer.php" hash="cd93824ccd3b24bdb97636cec9bd6013"/></dir><file name="Grid.php" hash="542b30e8c9d360df1160e520137b1a3e"/><dir name="Tab"><file name="Interface.php" hash="61ac6f75ef55994b9409212b7c068fbe"/></dir><file name="Tabs.php" hash="bf410f1dcd6ec5792599d8513eb65e0e"/><file name="Tree.php" hash="8fcf0d8894270461592a1b996a3a1e22"/><dir name="View"><file name="Container.php" hash="48702822606edbc1752eaf8797e2fdb7"/></dir></dir><file name="Widget.php" hash="decb2e463a8f908e4e43245698a6f614"/></dir><dir name="Controller"><file name="Action.php" hash="3ba8923155131f165de4b24cab8b1f34"/><dir name="Report"><file name="Abstract.php" hash="93735d32568b1f392b5fa4a10937392d"/></dir><dir name="Rss"><file name="Abstract.php" hash="b06747180f1212b557f862b729fb4217"/></dir><dir name="Sales"><file name="Creditmemo.php" hash="af189622ec813cf6949cf892dcf6125a"/><file name="Invoice.php" hash="bc00214eeb245421bda96153aafaf19d"/><file name="Shipment.php" hash="5f5cac08a0dfec54a7c4c7039b0e4074"/></dir></dir><file name="Exception.php" hash="44207ed4e9b5d888465e3ec342951647"/><dir name="Helper"><file name="Addresses.php" hash="5efa1e819fa6b6b3276491b040d77283"/><dir name="Catalog"><dir name="Product"><file name="Composite.php" hash="372f822324ef3743ebdaa85a95c68eb2"/><dir name="Edit"><dir name="Action"><file name="Attribute.php" hash="95045d72c50603435d4bb8f7155deb36"/></dir></dir></dir></dir><file name="Catalog.php" hash="e952f09baa412d512b078d855b9f4209"/><dir name="Dashboard"><file name="Abstract.php" hash="30093b0860aabc91f5536fd4804a8a99"/><file name="Data.php" hash="e427b0c5ec57baf11297906ed754b0a4"/><file name="Order.php" hash="103df9c0158567427030a687d228d1f4"/></dir><file name="Data.php" hash="e6d9960369cb287adbaf16cc224f7b15"/><dir name="Help"><file name="Mapping.php" hash="ab759adbe2f9e3187c94c212d4747abe"/></dir><file name="Js.php" hash="82fd6176dd872e8bfa46a4943e6636d1"/><dir name="Media"><file name="Js.php" hash="a7c77ea8858c7a35a545c6f3ae883147"/></dir><file name="Rss.php" hash="a9a4d7bdd91e9d10560205da8ffeacfc"/><file name="Sales.php" hash="8b6034ee70156b8824960f25cacaa4e4"/></dir><dir name="Model"><dir name="Config"><file name="Data.php" hash="4c4206478a3a5b7065481a359dff797e"/></dir><file name="Config.php" hash="2363b4cc646330ce48602ec95cf20dd0"/><dir name="Customer"><dir name="Renderer"><file name="Region.php" hash="e64f33d24ce1acb1fccaf089082930e5"/></dir></dir><dir name="Email"><file name="Template.php" hash="79bfb7dcd80fbb41fecd493c298e2868"/></dir><file name="Extension.php" hash="05c31b0713d19ce57c2b4d05dd9a18f7"/><dir name="Giftmessage"><file name="Save.php" hash="2849a3df15792e773ee0236a353e0692"/></dir><dir name="LayoutUpdate"><file name="Validator.php" hash="157ab499c820b6800c123ee7071acd86"/></dir><dir name="Newsletter"><dir name="Renderer"><file name="Text.php" hash="36fa1832ba5ee4a5f2f86290cda582f1"/></dir></dir><file name="Observer.php" hash="8101ea47383903954f922bcac3050022"/><dir name="Report"><file name="Item.php" hash="249bc4d6c2fe209b5ea8f3872ba04f04"/></dir><dir name="Sales"><dir name="Order"><file name="Create.php" hash="c91499f785f4f39191f978de174b1722"/><file name="Random.php" hash="b40e6c27f9283f934d4f655839126740"/></dir><file name="Order.php" hash="0b7e17e6569bf6dd8c8d26374143b2f2"/></dir><dir name="Search"><file name="Catalog.php" hash="0b11e59e0c4950dfe25e90b0bfe11829"/><file name="Customer.php" hash="5e9563a1ae7abc810c1621305a2903f0"/><file name="Order.php" hash="055f3e4100dd905f559c60a5be7f703c"/></dir><dir name="Session"><file name="Quote.php" hash="ba05387fc32960d10cb0e45286a0447f"/></dir><file name="Session.php" hash="a543f20db68121a0906bebec3ad957dd"/><dir name="System"><dir name="Config"><dir name="Backend"><dir name="Admin"><file name="Custom.php" hash="9a72fab9ce9caa8ef04cf76993160b3e"/><file name="Custompath.php" hash="8ed95aff9688c352ed5def2cc7216375"/><file name="Observer.php" hash="aabc9c2fc39b41823f62c2eebd2544af"/><dir name="Password"><dir name="Link"><file name="Expirationperiod.php" hash="fa69226978a7cc41f139c5efb1da14a7"/></dir></dir><file name="Usecustom.php" hash="52e66d90f8d2aec0c183c5d58457cea6"/><file name="Usecustompath.php" hash="c5f888363c830e0e3546f6826465bce0"/><file name="Usesecretkey.php" hash="8dc5317f4ab19d2265fa1a6b4b69addb"/></dir><file name="Baseurl.php" hash="d883ba04c5294208ca5f739dc4a40567"/><file name="Cache.php" hash="217a5687dd3286d9c9b3cf58f2a35830"/><dir name="Catalog"><dir name="Inventory"><file name="Managestock.php" hash="14a89ee0b26f3dc5b4aff4090eadda51"/></dir><dir name="Search"><file name="Type.php" hash="e923c27c02f96e7915510b6fab3ff6fc"/></dir></dir><file name="Category.php" hash="f944e70e5a075e9f65219f9b37bcceb4"/><file name="Cookie.php" hash="beecbc456b5bcb505cacaecf28fc006a"/><dir name="Currency"><file name="Abstract.php" hash="1fc00525e31cda957aade1c6aeee2338"/><file name="Allow.php" hash="a2c5c466f9b413a072a7976e2fe8b967"/><file name="Base.php" hash="55deb651b2ebd1c0eeaadcc3030847df"/><file name="Cron.php" hash="e223ac8233823981444109ac69ace335"/><file name="Default.php" hash="1220941f500c43c66c9f429ab95a5ac6"/></dir><dir name="Customer"><dir name="Address"><file name="Street.php" hash="2e20de0df187cd66849517466dc3f503"/></dir><dir name="Password"><dir name="Link"><file name="Expirationperiod.php" hash="c73debbe5529ce484eee2a6664764dcf"/></dir></dir><dir name="Show"><file name="Address.php" hash="38b00bdf10d963fbf5be9a0302406861"/><file name="Customer.php" hash="01d91dd5d8eb028c717f319dde677ff2"/></dir></dir><file name="Datashare.php" hash="4bef7e9f6e915c869b7bb3e468415b19"/><dir name="Design"><file name="Exception.php" hash="1b418434347b54e91ea11a94fd07ed74"/><file name="Package.php" hash="6fad5ac9269998768a13ebf7c8f28b90"/></dir><dir name="Email"><file name="Address.php" hash="3ae26dc5453b9cab12263b65f83c2373"/><file name="Logo.php" hash="b4b055cddcbc6f93fa43af8a88421c52"/><file name="Sender.php" hash="d4a0fb1773ca96fa86526799495c1bd5"/></dir><file name="Encrypted.php" hash="a5e3bc1539ffbddcf6ee650bb753c978"/><file name="File.php" hash="f269d665f3a8c7b735ba8e8d63672d31"/><file name="Filename.php" hash="70979f965510f26276c850fce788eea7"/><dir name="Image"><file name="Favicon.php" hash="19d8f4d5d67d9a17ff836fe335d16f34"/><file name="Pdf.php" hash="73076a7f18b04d75c2fc4977687c4137"/></dir><file name="Image.php" hash="eb5e3b2a99384b679d28a5ecb65bcc89"/><dir name="Layer"><file name="Children.php" hash="7f15e3acc71388478f5fe0368c88b497"/></dir><dir name="Locale"><file name="Timezone.php" hash="2a26d9f5e3338e4f0f8e3af45832e940"/></dir><file name="Locale.php" hash="0fec654a0ada04afe93fa53959108a29"/><dir name="Log"><file name="Cron.php" hash="0f3ca3e8ab5ed5bd5346e3b8178367d8"/></dir><dir name="Price"><file name="Scope.php" hash="21f54c017337fec999765785ee93adb8"/></dir><dir name="Product"><dir name="Alert"><file name="Cron.php" hash="fbe701dca5435bca0298b3594efdd397"/></dir></dir><file name="Secure.php" hash="75f06d5e3930f731d1810ecf4040fa6d"/><dir name="Seo"><file name="Product.php" hash="eacb28940d8f1943ddd0bc6a5c6c98bf"/></dir><dir name="Serialized"><file name="Array.php" hash="465549589b59f486e1a2b1610e8c51f8"/></dir><file name="Serialized.php" hash="c60d1f2514fb51c45eb4583581b2ef2a"/><dir name="Shipping"><file name="Tablerate.php" hash="b3b3bd3ee066e48345883bc8c7284b3d"/></dir><dir name="Sitemap"><file name="Cron.php" hash="cd84f70fb65f34de1d7bb105b1d70914"/></dir><file name="Sitemap.php" hash="6fbef301ebe14e2c91eeef01f44f7d9a"/><dir name="Storage"><dir name="Media"><file name="Database.php" hash="9b9502d9ec58868fa6b83e5fc79d5ca3"/></dir></dir><file name="Store.php" hash="aca8ee0d6c7e407ec55570cc18ff272b"/><file name="Symlink.php" hash="9a15c42ff3c5353ed55f5137b8c3e796"/><file name="Translate.php" hash="0a9f0eadbdf8223c9fd630d59a48f1ce"/><dir name="Web"><dir name="Secure"><file name="Offloaderheader.php" hash="21d6657417a1e98b1dbd50cd3c965894"/></dir></dir></dir><dir name="Clone"><dir name="Media"><file name="Image.php" hash="3ac1b8c7a8f63980de8bf747394272c0"/></dir></dir><dir name="Source"><dir name="Admin"><file name="Page.php" hash="2dcd8a52513a711883876224ee6c5e64"/></dir><file name="Allregion.php" hash="1fbac9de5b026fd601b86fdc0e5cd58d"/><dir name="Catalog"><file name="GridPerPage.php" hash="02a52c0d61285b60c32d5681a973289b"/><file name="ListMode.php" hash="0346d08fd7779d3e706cc20a14a39091"/><file name="ListPerPage.php" hash="b9d11b022b805d53a35f3c5be95b9bd1"/><file name="ListSort.php" hash="59aca29e311b6f4cd73a3fdafa32835c"/><dir name="Search"><file name="Type.php" hash="55d156c930a534251dab32395757e997"/></dir><file name="TimeFormat.php" hash="e78f4a50376da5f4bb0d55ecb63324c5"/></dir><file name="Category.php" hash="d310a3a31ba0f8c63b023dd8c7f1fcc8"/><file name="Checktype.php" hash="e523e27f8adab92bc27d85edb7cef249"/><dir name="Cms"><file name="Page.php" hash="d3aeae3a5594dca7bd16b10ad89e55ef"/><dir name="Wysiwyg"><file name="Enabled.php" hash="dc15aa7402520623ff7a993d04a82e7a"/></dir></dir><dir name="Country"><file name="Full.php" hash="48122c72c4eb34afe1471a74e78dc3fb"/></dir><file name="Country.php" hash="1f5754ff1b70ca47a601ec9d6b6221f9"/><dir name="Cron"><file name="Frequency.php" hash="a5175f4b297eb2e465f457c76292cfab"/></dir><dir name="Currency"><file name="Service.php" hash="9804a1f449d3773a0b0071484620217f"/></dir><file name="Currency.php" hash="fbb2930a737860ccb3636136ffe1db4f"/><dir name="Customer"><dir name="Address"><file name="Type.php" hash="aee20f87bab8d750bfc597346ca72eba"/></dir><file name="Forgotpassword.php" hash="2445b9c83a9f6e55be856106c85cd3fd"/><dir name="Group"><file name="Multiselect.php" hash="8e1d29c961825cda6e8865db042e100b"/></dir><file name="Group.php" hash="1e53c280a342b4cae999d831b8ddd412"/></dir><dir name="Date"><file name="Short.php" hash="8b278bb72c56c244210a3ece4c3054c7"/></dir><dir name="Design"><file name="Package.php" hash="baaaecb855ab9c7d44126082c831e18f"/><file name="Robots.php" hash="a2e8c8e61692be022b41524e35415bbc"/></dir><dir name="Dev"><file name="Dbautoup.php" hash="4b1941d1d306dc6af2be43ca1bfdefb4"/></dir><dir name="Email"><file name="Identity.php" hash="64bc2e8b4d778a6d8e20558330d2f7b6"/><file name="Method.php" hash="473ca797528be3d9e133527597f54f05"/><file name="Smtpauth.php" hash="0f6270d9b19fbb06f6d5a3cc4b3a2a68"/><file name="Template.php" hash="b29b38261dd91671497cb8663b0853b7"/></dir><file name="Enabledisable.php" hash="81a7d243afb7a7ae4127325b6d2cb108"/><file name="Frequency.php" hash="575e6895daf761d17ee4bab4906243bb"/><file name="Language.php" hash="7fa90774ae2df6b2e431b8ed01c9b911"/><dir name="Locale"><file name="Country.php" hash="aba15c361ac56c3cd2adff69a5b45ac8"/><dir name="Currency"><file name="All.php" hash="e3f7e6c5a6d52a6bc85b40523a35db6c"/></dir><file name="Currency.php" hash="0a9b47da3e0bd3c9f277b54d8d3808c8"/><file name="Timezone.php" hash="51cc07904fd1608929f11e5b85835081"/><file name="Weekdaycodes.php" hash="a5cf00ad125276e4fd3f86242d7c042d"/><file name="Weekdays.php" hash="fe0043fa190b1f10528b8c9d56139d47"/></dir><file name="Locale.php" hash="724b6cd609273d70290113043a27a91e"/><file name="Nooptreq.php" hash="1f7970e10a3ad304da21fee21c0950a9"/><dir name="Notification"><file name="Frequency.php" hash="7c80b49e84d43ce34794043c8dd15109"/></dir><dir name="Order"><dir name="Status"><file name="New.php" hash="7bcab1d9d7a8b7793ae8da948bf23648"/><file name="Newprocessing.php" hash="e8075d23d12f396b8e0428894af86a2b"/><file name="Processing.php" hash="fd497df34e5ac49d4d62048ade815327"/></dir><file name="Status.php" hash="25d6948207ca120b11b3651ff644535a"/></dir><dir name="Payment"><file name="Allmethods.php" hash="4629ac4f9088842d403525d176690dfa"/><file name="Allowedmethods.php" hash="96675da1c82b3e146cd392f3a1bb0784"/><file name="Allspecificcountries.php" hash="d14af35b787aeaf3f2633f4d66304ce7"/><file name="Cctype.php" hash="62612bd003831821a1602d4ce49b1e9a"/></dir><dir name="Price"><file name="Scope.php" hash="1356d00f77d0fa6dbdb90a0d974285e7"/><file name="Step.php" hash="1dab2a57491b2839ac7716ef88b7cdc7"/></dir><dir name="Product"><dir name="Options"><file name="Price.php" hash="a0c84ce8ba978ef630156959e0b5dc03"/><file name="Type.php" hash="c20c44dbf8063c885e388de0eb2ad17b"/></dir><file name="Thumbnail.php" hash="46491c9be5ecd85337b33b51b26d3de8"/></dir><dir name="Reports"><file name="Scope.php" hash="c6bfc67c88d84f4b30adb94f83bba1e2"/></dir><dir name="Security"><file name="Domainpolicy.php" hash="7631bf64d39e1b68bf05d0cb76a01abc"/></dir><dir name="Shipping"><file name="Allmethods.php" hash="ab9885dde13694d5065544c0edc456bb"/><file name="Allowedmethods.php" hash="40913be5db1f2ec9e239eb4927926bc7"/><file name="Allspecificcountries.php" hash="5242e43b0c2f4907c5dccd05492ae57a"/><file name="Flatrate.php" hash="f5613b3d84039ce90a30fc928a0d8202"/><file name="Tablerate.php" hash="afdeebe2642b148d9e90e9e622096ad8"/><file name="Taxclass.php" hash="0f45581cf3adda47ff3889f0a1727df4"/></dir><dir name="Storage"><dir name="Media"><file name="Database.php" hash="d96400c2e2ced0dd3008ccaf364757d4"/><file name="Storage.php" hash="16e591b972f4b3841cbcf1ce885790d4"/></dir></dir><file name="Store.php" hash="10232c48d66e2644549735eb4606145e"/><dir name="Tax"><dir name="Apply"><file name="On.php" hash="bdb39dce24184d09d50b5e35cef6f060"/></dir><file name="Basedon.php" hash="592c6788bd5390f4ad4826a38487600d"/><file name="Catalog.php" hash="e9b90621307905f9452faaccb13b0cb4"/></dir><dir name="Watermark"><file name="Position.php" hash="d3e2d17de2b2d57534aca4f79f055102"/></dir><dir name="Web"><file name="Protocol.php" hash="1dea95ca27e52decdbd8a338dc8d2762"/><file name="Redirect.php" hash="7ba5f78ac4f044216f3b9aceb808b9ba"/></dir><file name="Website.php" hash="96665c120351a344ec3fdd8a6598fa4c"/><file name="Yesno.php" hash="600ed8f96c7eba056e21612547377b6d"/><file name="Yesnocustom.php" hash="42e39a4459cce6aba6eeb83a76ce540d"/></dir></dir><file name="Store.php" hash="cb173d714c1ec6e7e5ff5d7c90ff4689"/></dir><file name="Url.php" hash="310cc90a9fd659ef641fbc2267080df3"/></dir><dir name="controllers"><file name="AjaxController.php" hash="5a7b3797e9ef2ca0097c83fe868a1d09"/><dir name="Api"><file name="RoleController.php" hash="ebe531ce21f3d9b30a0678f81fabeb47"/><file name="UserController.php" hash="c934a1d0da97db4b20d3b989d34c5eb0"/></dir><file name="CacheController.php" hash="2d17c0b6e2f6c18c2d247c29f230c0af"/><dir name="Catalog"><dir name="Category"><file name="WidgetController.php" hash="8b35918f9a2a3d9c7129baad74e12086"/></dir><file name="CategoryController.php" hash="0a9de0f30a4a37149cd6a19f99812aa2"/><dir name="Product"><dir name="Action"><file name="AttributeController.php" hash="b85ad6500bf470aee94b456189fcd8eb"/></dir><file name="AttributeController.php" hash="74164d7406c1b367c3b066db9c6ef582"/><file name="DatafeedsController.php" hash="6cfd6e07d7e6fd7bda424e9106791bc8"/><file name="GalleryController.php" hash="fd148c927b5922e1f168c7fdcff7a128"/><file name="GroupController.php" hash="a0fb677802ae528c6b9bbf1bfe2c9109"/><file name="ReviewController.php" hash="a6b3116e4bcb42a6119782f6638dd217"/><file name="SetController.php" hash="c0b759fee4fd5a39f2d6550f73506b1c"/><file name="WidgetController.php" hash="ccacb960146224f12e3439fb8d97a1f1"/></dir><file name="ProductController.php" hash="30e1f52ad0a6550a1ec8eea4834e72c7"/><file name="SearchController.php" hash="daea0f73460b35816d90afba238563c9"/></dir><file name="CatalogController.php" hash="7fb997bbd75d5d4e97f51c5605a7e5f0"/><dir name="Checkout"><file name="AgreementController.php" hash="4ac302738f4aa364651c58a1a57e70fb"/></dir><dir name="Cms"><dir name="Block"><file name="WidgetController.php" hash="6fe67533f2254d868ab074d71ebd877c"/></dir><file name="BlockController.php" hash="7c377e4d27e00f6ac25906131c572dee"/><dir name="Page"><file name="WidgetController.php" hash="539881fe06abf63fd2c185f71c6b71f1"/></dir><file name="PageController.php" hash="3d7454e5afc07d7c722e0f34e76b7d9b"/><dir name="Wysiwyg"><file name="ImagesController.php" hash="fdc9fc35ed49619bb784acd1867f3d05"/></dir><file name="WysiwygController.php" hash="6873086a0cfbc59ffe9ba56a9dd78927"/></dir><dir name="Customer"><dir name="Cart"><dir name="Product"><dir name="Composite"><file name="CartController.php" hash="d596bbc829a10f20a379ffaf63ef65f2"/></dir></dir></dir><file name="ConfigController.php" hash="e67ab7bac05f8eb96cf158b25540ee03"/><file name="GroupController.php" hash="21fed18ba095a75d46a54f64c3835353"/><file name="OnlineController.php" hash="ef4965523714e1e78fa9919f7101ce27"/><dir name="System"><dir name="Config"><file name="ValidatevatController.php" hash="552587306f03e52da672b74f3026d869"/></dir></dir><dir name="Wishlist"><dir name="Product"><dir name="Composite"><file name="WishlistController.php" hash="7de9d8c532581e4f0672f489e4a79f15"/></dir></dir></dir></dir><file name="CustomerController.php" hash="0c4f66abdcea9c6d9b7f440d78edc5c5"/><file name="DashboardController.php" hash="cb1ba21fa9317cc15ca1b814e90de69a"/><file name="IndexController.php" hash="bb7b651d76c8a875428f3c7911cf94c7"/><file name="JsonController.php" hash="0ca170d1505a2a4fb59af02408361f2d"/><dir name="Media"><file name="EditorController.php" hash="a2302405c906005930299086871fa603"/><file name="UploaderController.php" hash="3fa26d34f883159eabf0d2d1ff2c1a2c"/></dir><dir name="Newsletter"><file name="ProblemController.php" hash="a172b61ad356aabaa4b256608be0e594"/><file name="QueueController.php" hash="e420ddab5547b9df574c5139f5b9f836"/><file name="SubscriberController.php" hash="2388c51a7ff508cbce6179b011d177c4"/><file name="TemplateController.php" hash="b3e2fa20241263496b8eaa2b7266c7f2"/></dir><file name="NotificationController.php" hash="976071f7083b095a328e5622eee442cc"/><dir name="Permissions"><file name="BlockController.php" hash="2608dd88b73bc04f96fe70e076c7da51"/><file name="RoleController.php" hash="019952509d4dae9fafd3fa1024af27f1"/><file name="UserController.php" hash="d6644854ef1c1d3833ce0ea0cf8fdafa"/><file name="VariableController.php" hash="d01073a431417791526ad818b4371493"/></dir><dir name="Poll"><file name="AnswerController.php" hash="7376ba3ba1ebf8e7a18e5a03286e9f60"/></dir><file name="PollController.php" hash="c6d10f8210ea4d04fe311c7671e6d1a4"/><dir name="Promo"><file name="CatalogController.php" hash="5eb839a68d088fc7025f02a1a0001a47"/><file name="QuoteController.php" hash="226f6f88feda67f894caab6332f9d206"/><file name="WidgetController.php" hash="7cf2e09f792a292900207bd082e1aeac"/></dir><file name="PromoController.php" hash="e30837333c4c67d8165007aa2feab35b"/><file name="RatingController.php" hash="edaa7a0e1a01f826aa268ae40a46945f"/><dir name="Report"><file name="CustomerController.php" hash="31b219ae4ba50f4231c4cb45b9feabbd"/><file name="ProductController.php" hash="ab4e8d0060b1c77d08c4db7973b8b376"/><file name="ReviewController.php" hash="460aaa889e3ec75932cf01de98be083c"/><file name="SalesController.php" hash="378fc9ffcaf9477a2f6a85a7fab449b2"/><file name="ShopcartController.php" hash="22390ff4c733f3a3b9671b009d76ddd2"/><file name="StatisticsController.php" hash="5d30167b6686d1ff8f10da6ef6ff5833"/><file name="TagController.php" hash="195c825b6d52f786752d2264210df4ab"/></dir><file name="ReportController.php" hash="bc571493b15f2aeddbbc8b5fc9756a20"/><dir name="Rss"><file name="CatalogController.php" hash="e455ca6991a22325abf3a8b81570c237"/><file name="OrderController.php" hash="ad9f3e5b18868092ba0ae2c2a7fd59ea"/></dir><dir name="Sales"><dir name="Billing"><file name="AgreementController.php" hash="9171c69e6ebe23335ec9f06f24ab53f4"/></dir><file name="CreditmemoController.php" hash="b6facb6394f9ffb6b8007396702243f5"/><file name="InvoiceController.php" hash="3ee8a06cf0fb4328e2dd29f7a681c7eb"/><dir name="Order"><file name="CreateController.php" hash="e604a188139e556fee16e67a8d7ca68f"/><file name="CreditmemoController.php" hash="4187e62788a9f3159cea9d59b3543cf6"/><file name="EditController.php" hash="2eca9986b069dedf221126f5fd02e706"/><file name="InvoiceController.php" hash="a74dc269179ba77c8685254adf24b2ad"/><file name="ShipmentController.php" hash="1736e79b4f69023b576fe9196b81b1dd"/><file name="StatusController.php" hash="336fa850f4d08f34ba23957a0ac51bf4"/><dir name="View"><file name="GiftmessageController.php" hash="14b10af7a53b27f709dda510855c61cf"/></dir></dir><file name="OrderController.php" hash="0664c0fe82684bd4e6d30f9bfdec6693"/><dir name="Recurring"><file name="ProfileController.php" hash="0a1ef81ae9c69e4b8a7d4bdc3b474b64"/></dir><file name="ShipmentController.php" hash="f77a07dd2aaffdb419b128dcd7a43ff5"/><file name="TransactionsController.php" hash="ff60fb56c197aa26edb66d09dc485d97"/></dir><file name="SalesController.php" hash="c491e545c8b8333953489a787cdf2312"/><file name="SitemapController.php" hash="c0c57823745bde275c2116ba771c9489"/><file name="SurveyController.php" hash="22851083d8c816676d22d45ad652c609"/><dir name="System"><file name="AccountController.php" hash="dc2449b19bc120ada582b010a65bf244"/><file name="BackupController.php" hash="48357cccbae6f116ee5ddb9e03083671"/><file name="CacheController.php" hash="6e3c92ae2fb7f8dd70e7913d04733530"/><dir name="Config"><dir name="System"><file name="StorageController.php" hash="adb18b1a46d36eb7e3b76aec6e23724a"/></dir></dir><file name="ConfigController.php" hash="430e0be3cf04c2675ef8677aecfb3864"/><dir name="Convert"><file name="GuiController.php" hash="02f545c596531dafa55d5a0f03898271"/><file name="ProfileController.php" hash="c2e94de74c9dd4fb980bd8bda1abf0e0"/></dir><file name="CurrencyController.php" hash="47f3d181cd6c7d376196cb174c40ae4f"/><file name="DesignController.php" hash="ca36818c226ec2f9e9026ab5199e1fd9"/><dir name="Email"><file name="TemplateController.php" hash="482681d27a4f62dc03377abe8ac96518"/></dir><file name="StoreController.php" hash="b81f6c51aa31f996916ed2d229a9e293"/><file name="VariableController.php" hash="bb26c6bde2237af3075522df35f9f16c"/></dir><file name="SystemController.php" hash="df9e8a4ca6fdda1873fc9140500dd305"/><file name="TagController.php" hash="b7094e346feb452ff4f2edffd88c5664"/><dir name="Tax"><dir name="Class"><file name="CustomerController.php" hash="44181464b9076b6efb12d42c503cb754"/><file name="ProductController.php" hash="af1043ce13870b6930d619d65d02da54"/></dir><file name="ClassController.php" hash="599c1e9515eceeb6327a13240afb5e35"/><file name="RateController.php" hash="613f78cd5df1b03a1c98fd3a6ba74657"/><file name="RuleController.php" hash="4e9877e2fa290b25f206549f7f7f1389"/></dir><file name="TaxController.php" hash="ba5cef021e3bee1f5aa6600fdbe3da2f"/><file name="UrlrewriteController.php" hash="2509696e2d596e38acadf0c9946afb3e"/></dir><dir name="etc"><file name="adminhtml.xml" hash="c9e5ea72c70800629306e7f1eccced0b"/><file name="config.xml" hash="bbb642035084e4ada11b6824f6889de0"/><file name="jstranslator.xml" hash="0c888565406549cc72904a636ffdcd63"/></dir></dir></dir></target><target name="magelocale"><dir name="en_US"><file name="Mage_Adminhtml.csv" hash="59cbd9d4829d010146ce92f282e1b8ad"/></dir></target></contents>
    <compatible/>
    <dependencies><required><php><min>5.2.0</min><max>6.0.0</max></php><package><name>Mage_Core_Modules</name><channel>community</channel><min>1.9.3.9</min><max>1.9.3.9</max></package><package><name>Lib_Js_Calendar</name><channel>community</channel><min>1.51.1.15</min><max>1.51.1.15</max></package><package><name>Lib_Js_Ext</name><channel>community</channel><min>1.9.3.9</min><max>1.9.3.9</max></package><package><name>Lib_LinLibertineFont</name><channel>community</channel><min>2.8.14.15</min><max>2.8.14.15</max></package><package><name>Lib_Js_TinyMCE</name><channel>community</channel><min>3.5.11.14</min><max>3.5.11.14</max></package></required></dependencies>
</package>
