<?xml version="1.0"?>
<package>
    <name>Mage_Downloader</name>
    <version>1.9.3.9</version>
    <stability>stable</stability>
    <license uri="http://opensource.org/licenses/osl-3.0.php">OSL v3.0</license>
    <channel>community</channel>
    <extends/>
    <summary>Magento Downloader</summary>
    <description>Magento Downloader</description>
    <notes>1.9.3.9</notes>
    <authors><author><name>Magento Core Team</name><user>core</user><email>core@magentocommerce.com</email></author></authors>
    <date>2018-05-16</date>
    <time>19:11:29</time>
    <contents><target name="mage"><dir name="downloader"><dir name="js"><file name="prototype.js" hash="3766aeff5778b54f74f93670322ca0df"/></dir><dir name="Maged"><dir name="BruteForce"><file name="Validator.php" hash="e069b1af7148efe26a918ac9225deb81"/></dir><dir name="Connect"><file name="Frontend.php" hash="4fb58e748e68dc9a724f20e94b9f3f29"/></dir><file name="Connect.php" hash="886dc69525312ea3588bfd6b2e2c9505"/><file name="Controller.php" hash="3362c4b077a649437deb53b69b93c7ca"/><file name="Exception.php" hash="22bdaa1e2923c77b8d1aabc7767d2875"/><dir name="Model"><dir name="BruteForce"><file name="ConfigIni.php" hash="1935321c98f6be5748e39c0cb4905848"/><file name="ModelConfigInterface.php" hash="7a84c5ce27d4ede6ed9190040b7f4ed2"/><dir name="Resource"><file name="FTP.php" hash="94985f1c1548daa07cdd26aecbf4fbd3"/><file name="File.php" hash="8515b75daceed039dfdcab1c697c1ac0"/><file name="ResourceInterface.php" hash="1c217ef936960724b1e3b2de11232be2"/></dir></dir><dir name="Config"><file name="Abstract.php" hash="30365c47b1af63f6d6b3c392ce78e845"/><file name="Community.php" hash="a6b79a5a248b11b51fa6a05e963fe919"/><file name="Interface.php" hash="33d921215bfb8e9ff7214bfc355b2c19"/></dir><file name="Config.php" hash="a1f3bbb64503cad2a5801c24cc7b9e90"/><dir name="Connect"><file name="Request.php" hash="113c3d2e0afbdf9b1e7bdc9e67ae6f45"/></dir><file name="Connect.php" hash="1fd793d4642826abbdc1517816353934"/><file name="Dowloader.php" hash="fa0e99055534c6c6cbc2c2dd6dc555d0"/><file name="Session.php" hash="264b1c5fd12013f082fb0384508e7ef8"/></dir><file name="Model.php" hash="4387f98b652d73716e2432827d82ebe3"/><file name="View.php" hash="fc141538b3aaa91540d8b876465fe2e9"/><file name=".htaccess" hash="72617d60821288133a367f70bf39ad93"/></dir><dir name="skin"><file name="boxes.css" hash="c11c2a895c4059441b2c8ebcccbe7886"/><file name="ie7boxes.css" hash="336ffbdd43e7a06700ee92034b343b14"/><file name="ieboxes.css" hash="c178c04d5d5aece3e538740a1fc955c6"/><dir name="images"><file name="Magento_Connect.jpg" hash="20e1378c09506fdc5723abc0115d5f57"/><file name="ajax-loader-tr.gif" hash="1ae32bc8232ff2527c627e5b38eb319a"/><file name="btn_bg.gif" hash="37c51a4d48a92da9648dcd3ca011039f"/><file name="header_bg.gif" hash="8440b04c5cb6b1451bb886bfbef260a5"/><file name="logo.gif" hash="5eb089ecea67d82311d7c91898460104"/><file name="nav_bg.gif" hash="1cb1366f03a9efad6b17e4483aef20cf"/><file name="nav_separator.gif" hash="492011a7de2de84a9c7837bfd879ab95"/></dir><dir name="install"><file name="boxes.css" hash="b8699cb958c92555b463cda59fc3caa7"/><file name="clears.css" hash="2e7bd70ec9da32330f44ffba7a6f1e3d"/><file name="ie7minus.css" hash="a3481034dce2436323f6876a925007b8"/><file name="iestyles.css" hash="ea88e14c32cced73fce9c8a357f346d2"/><dir name="images"><file name="error_msg_icon.gif" hash="e4f28607f075a105e53fa3113d84bd26"/><file name="footer_bg.gif" hash="d59784af16fd95ea82226e5708a89232"/><file name="footer_container_bg.gif" hash="d468e3943943cbbf711586e69d40ca42"/><file name="footer_info_separator.gif" hash="7da64eefaf4da3855ab6ee76dbced0c2"/><file name="footer_informational_bg.gif" hash="72d37f4b2ea747bf8969c2654ad1d1e0"/><file name="footer_left.gif" hash="2b15a54bea9409a75c142d14a62f0149"/><file name="footer_legality_bg.gif" hash="4eb1602e3369dccd901ffe98ea0fd4b3"/><file name="footer_right.gif" hash="a45eaf35c8797d299bd4d9b936528e8f"/><file name="header_bg.gif" hash="795c6de754d0d49717ed08d5cd8168c8"/><file name="header_nav_bg.gif" hash="80c6a18686eb0243e06d6176506a2502"/><file name="header_top_bg.jpg" hash="143f524392ee62fcc8183f5930d7258b"/><file name="header_top_container_bg.jpg" hash="294c18f3f6b838bba06ae41dd3c3d638"/><file name="logo.gif" hash="073a947a39b967af678455a5c7f66e90"/><file name="main_bg.gif" hash="cf18ba9f7c7e6b058b439cde1a897e9c"/><file name="main_container_bg.gif" hash="a8f5717873dc6cf8f6bd22924b5838fe"/><file name="note_msg_icon.gif" hash="e774ee481a2820789c1a77112377c4e0"/><file name="success_msg_icon.gif" hash="834dfafd5f8b44c4b24a4c00add56fcf"/><file name="validation_advice_bg.gif" hash="b85432906de8985a8b14eeb2dc652d3c"/></dir><file name="reset.css" hash="51580e87ff713eec672a0b364e00121b"/></dir></dir><dir name="template"><dir name="connect"><file name="iframe.phtml" hash="5518f6d1624388e512fe3d20a75e6d30"/><file name="packages.phtml" hash="4802a619698604407e1b2f7f0720edc6"/><file name="packages_prepare.phtml" hash="1ccf6ef001d1d72378d41a10bad27563"/></dir><file name="exception.phtml" hash="d7559437cea821c2b4ab8504767cea24"/><file name="footer.phtml" hash="20e012f224e187ae9f049e59e04ecd35"/><file name="header.phtml" hash="9e7a1da616e1fc788031892d14d0e1eb"/><file name="index.phtml" hash="aa3aa55f6015dc87dc4aa1eff5cabeb1"/><dir name="install"><file name="download.phtml" hash="f5628e0b9cfd0d2758e0417e24d4072d"/><file name="footer.phtml" hash="9de8976ea003732961478c3eca63c51e"/><file name="header.phtml" hash="7c1d89aeda59b956ad3520f0394d3ee8"/><file name="writable.phtml" hash="55142cd8f6d2198e276292d6975a1c01"/></dir><file name="login.phtml" hash="54831d9f4445d88bc7e6e14e4f40a660"/><file name="messages.phtml" hash="e5bfd22e6cb409a894e995d5fefda56a"/><file name="noroute.phtml" hash="6968e31c6e7de3dde2e45910f9601a07"/><file name="settings.phtml" hash="89d4b871915adac450a41ccf24603e79"/><file name="writable.phtml" hash="eb76e591e645ec017d98a197002c982d"/><file name=".htaccess" hash="72617d60821288133a367f70bf39ad93"/></dir><file name="index.php" hash="74e1f933c81ebcd5b07b31b8c9aaae4f"/><dir name="lib"><dir name="Mage"><dir name="Archive"><file name="Abstract.php" hash="7219e31d44a1ad2263795f24f80fd557"/><file name="Bz.php" hash="ddda0a3dfbb7b81ce9a6e69c6b44e540"/><file name="Gz.php" hash="385b2740aacefcd317273448ed95ef83"/><dir name="Helper"><dir name="File"><file name="Bz.php" hash="e6066c9ad90a71d015329ee2ad342702"/><file name="Gz.php" hash="13c15537156d0293cc86588cca629267"/></dir><file name="File.php" hash="314284e414f094c7e7ea81ffe8f6a9ee"/></dir><file name="Interface.php" hash="212679c1c16ad7e35eff39e55c2ec510"/><file name="Tar.php" hash="1387e79bba7f05f479062113d9c74b49"/></dir><file name="Archive.php" hash="4c21f386cc1e86939e2ef13d6b5944c1"/><dir name="Autoload"><file name="Simple.php" hash="3d7ff27e8bc9e9fbb6acc94d710ed3f0"/></dir><dir name="Backup"><file name="Abstract.php" hash="c3de48d5961070832d1ed0f7177ee4a2"/><dir name="Archive"><file name="Tar.php" hash="8bd53f96d6ba93d5887b0e7aa72f9269"/></dir><file name="Db.php" hash="89f62bd52b21db1dd708a02ae4347248"/><dir name="Exception"><file name="CantLoadSnapshot.php" hash="4f53c1142257ab85784198a402d2f425"/><file name="FtpConnectionFailed.php" hash="5fefd3d3b8be727781a6f5fdb138852f"/><file name="FtpValidationFailed.php" hash="cec68f36cf698a50e41471d46722d57c"/><file name="NotEnoughFreeSpace.php" hash="ccdd5e27479a58a1b3866c64533822c1"/><file name="NotEnoughPermissions.php" hash="3afd5fa76513cc11b55082bab2ebeb26"/></dir><file name="Exception.php" hash="d75dc453d7950a04329ba6309da002a9"/><dir name="Filesystem"><file name="Helper.php" hash="6a1f92a6c37f2c7cc19f5cd17a5a7b24"/><dir name="Iterator"><file name="File.php" hash="c85c788b168fc0a4645a4cdaf10caa80"/><file name="Filter.php" hash="174deec59e7fe57014725a3a623b074c"/></dir><dir name="Rollback"><file name="Abstract.php" hash="271c9e6032f86e8d71e660b9778e71a9"/><file name="Fs.php" hash="c6ca689d7bfd4c0fe4101ccb74a96c97"/><file name="Ftp.php" hash="413393e9b1ba8402a584e0236b839232"/></dir></dir><file name="Filesystem.php" hash="a2ac0ad741f06e862da5cc2a8d0c3a36"/><file name="Interface.php" hash="2550d86498a20a3d5d83672415ae7f91"/><file name="Media.php" hash="dd1f7d5304b53206c6d770ae668d254b"/><file name="Nomedia.php" hash="1d7f11e8507fbba3893be459d331891b"/><file name="Snapshot.php" hash="d3b7c974ed49905937cde4b69075ab4e"/></dir><file name="Backup.php" hash="951e7982ed239d7799e7722ac67435eb"/><dir name="Connect"><file name="Backup.php" hash="09eb3c5d221813cc7c2d57e4314a1722"/><dir name="Channel"><file name="Generator.php" hash="b3dbdf1fdd1d5a462a522c68627d2bba"/><file name="Parser.php" hash="f4bd67eec5dc2f2deb2c0a800521662f"/><file name="VO.php" hash="38e61a3a3b877639cdeb427f8746ced1"/></dir><dir name="Command"><file name="Channels.php" hash="c13a8190309ee8b816eb044422d02dc4"/><file name="Channels_Header.php" hash="ef497284ed4c24aa7234dbfe48d238dc"/><file name="Config.php" hash="491a98103bd35dbb31a2fb23c55518e4"/><file name="Config_Header.php" hash="11b772152974cbd6be72b76335a91896"/><file name="Install.php" hash="73e0ac5946823c865427df4625e0622f"/><file name="Install_Header.php" hash="5bd1465e62f45dc30cb8f249c399a65e"/><file name="Package.php" hash="e7f21efe6fd8cc46f78d5ab5d6dc40cc"/><file name="Package_Header.php" hash="5997e0606e551537d7f08c32f1a19135"/><file name="Registry.php" hash="1d542d1ed603f768470e70759e63b2e6"/><file name="Registry_Header.php" hash="99724f9b7288ce74ba690b440cbdfe5f"/><file name="Remote.php" hash="49196c939723bc4accca3a54ceb7a804"/><file name="Remote_Header.php" hash="27419e6e322ce60848994cc45bc71bcd"/></dir><file name="Command.php" hash="74cf48a2aa1e2df9e12d1a6c2fdb5b7c"/><file name="Config.php" hash="744d7c6fad41ca12b6e7536b07f6ebeb"/><file name="Converter.php" hash="fea5425f9074136c9fc10d6d7b15a4f8"/><dir name="Frontend"><file name="CLI.php" hash="12ca52168cf666fcdd676d84d2131c9f"/></dir><file name="Frontend.php" hash="dc3c8f852c7c455659010d5073ceceff"/><file name="Ftp.php" hash="24de96a815ff507fb1292fbb4dd69418"/><dir name="Loader"><file name="Ftp.php" hash="fd0e1437083204dfb19f927844a1041d"/></dir><file name="Loader.php" hash="774dfb7d205c130982d6fa6d9894ed4f"/><dir name="Package"><file name="Extension.php" hash="f4bd67eec5dc2f2deb2c0a800521662f"/><file name="Hotfix.php" hash="31f281c8485a8c010230eebc64d2fdc9"/><file name="Maintainer.php" hash="f4bd67eec5dc2f2deb2c0a800521662f"/><file name="Reader.php" hash="94dd06082e803182e7d54a9b6a3a9117"/><file name="Target.php" hash="3769c486343cee9e9c20ab0a7d211288"/><file name="VO.php" hash="bfbe38745c9f36fe9b79aa1c0bf3c106"/><file name="Writer.php" hash="eed2a978a7a7b38aa996116e46a5a6d3"/></dir><file name="Package.php" hash="57bf1ef36925720afee7772a1a8e4d83"/><file name="Packager.php" hash="031af74dbbf15c06446d8a217af83f22"/><dir name="Repository"><file name="Abstract.php" hash="f4bd67eec5dc2f2deb2c0a800521662f"/><dir name="Channel"><file name="Abstract.php" hash="f4bd67eec5dc2f2deb2c0a800521662f"/><file name="Commercial.php" hash="f4bd67eec5dc2f2deb2c0a800521662f"/><file name="Community.php" hash="f4bd67eec5dc2f2deb2c0a800521662f"/><file name="Core.php" hash="f4bd67eec5dc2f2deb2c0a800521662f"/></dir><file name="Channel.php" hash="f4bd67eec5dc2f2deb2c0a800521662f"/><file name="Local.php" hash="f4bd67eec5dc2f2deb2c0a800521662f"/></dir><file name="Repository.php" hash="f4bd67eec5dc2f2deb2c0a800521662f"/><dir name="Rest"><file name="Builder.php" hash="479d68770edd8163ad7f74f5d6d8bb4c"/><file name="Factory.php" hash="474f3a6be5b6d615cb00d81f75e05823"/></dir><file name="Rest.php" hash="e0654ec5cf5fdf39371c5d93096d9656"/><file name="Singleconfig.php" hash="8b736510d2f16c7d33badcc386dd8e5d"/><dir name="Structures"><file name="Graph.php" hash="907ec31e395ed931d3468bab30c8a865"/><file name="Node.php" hash="bfa5cc71b8e0787ddf41917faaa8d859"/></dir><file name="Validator.php" hash="f7dd429ef7b6d3495745377d94506af7"/></dir><dir name="DB"><file name="Exception.php" hash="1651c02af32d13cb09f18e55fe41a454"/><file name="Mysqli.php" hash="1afea21a74a5c95afb3aa0fac88dd8f1"/></dir><file name="Exception.php" hash="77e6ab75c4d3375d41ab444205a401be"/><dir name="HTTP"><dir name="Client"><file name="Curl.php" hash="05ae5ab9cdd02bbee50db4f35108bf44"/><file name="Socket.php" hash="2403f0c937a01759262eca2bd838b13a"/></dir><file name="Client.php" hash="8370d8998e874e5833747eb0085775ca"/><file name="IClient.php" hash="1bb87d5c7b0027db0288a58d2691c1f8"/></dir><dir name="System"><file name="Args.php" hash="c95ce3451a31af33ed0a0987fc007a80"/><file name="Dirs.php" hash="3069e59e595fdd0b30d953c7ea0a291d"/><file name="Ftp.php" hash="044097653f0fad93fdacd5e2a3fe777e"/></dir><dir name="Xml"><file name="Generator.php" hash="dbbf15cac6bef48830f921ece90b4382"/><file name="Parser.php" hash="4dab68fb16c447bf58897b57a9e7f589"/></dir></dir><file name=".htaccess" hash="72617d60821288133a367f70bf39ad93"/></dir><file name="config.ini" hash="a52ba98e71ab19de387b3af1a04c6102"/><file name=".htaccess" hash="520cc012c84739584526b8a9ff098e23"/><file name="mage.php" hash="24b532702775ce1ce3ae1646047d861e"/><file name="favicon.ico" hash="88733ee53676a47fc354a61c32516e82"/><file name="target.xml" hash="b0f5bc47ce412f7ba12303676dbfce37"/></dir><dir name="."><file name=".htaccess" hash="242b96ab8c820ff12b9e610a8f4352ec"/><file name="index.php" hash="8e678a85bf749549a1f507374bedc273"/><file name="mage" hash="24869e556de9dd46ec8fda89e649af79"/></dir></target></contents>
    <compatible/>
    <dependencies><required><php><min>5.2.0</min><max>6.0.0</max></php></required></dependencies>
</package>
