<?xml version="1.0"?>
<package>
    <name>Phoenix_Moneybookers</name>
    <version>1.9.3.9</version>
    <stability>stable</stability>
    <license>mixed</license>
    <channel>community</channel>
    <extends/>
    <summary>Moneybookers payment gateway integration</summary>
    <description>Moneybookers payment gateway official integration, implemented by Phoenix Medien GmbH. Provides integration for payment options powered by Moneybookers, as separate payment methods:
All Credit Cards / Visa, Mastercard, AMEX, JCB, Diners - International
CartaSi - Italy
Lastschrift (ELV) - Germany
Dankort - Denmark
Nordea Solo - Sweden
eNETS - Singapore
Carte Bleue - France
Giropay - Germany
iDeal - Netherlands
Laser - Ireland
EPS Online-&#xDC;berweisung - Austria
POLi - Australia
Postepay - Italy
Przelewy24 - Poland
Sofort&#xFC;berweisung - Germany
Nordea Solo - Finland
Moneybookers eWallet</description>
    <notes>1.9.3.9</notes>
    <authors><author><name>Magento Core Team</name><user>core</user><email>core@magentocommerce.com</email></author></authors>
    <date>2018-05-16</date>
    <time>19:11:30</time>
    <contents><target name="magecommunity"><dir name="Phoenix"><dir name="Moneybookers"><dir name="Block"><file name="Form.php" hash="eeb9f4cbf40ad3f8ea246949df42f20f"/><file name="Info.php" hash="60f403368d869fb9bf981481183caf81"/><file name="Jsinit.php" hash="57b2647a06c41529a39fbb8267304426"/><file name="Payment.php" hash="3241b0e2e8fd1044e99b26d4417fb896"/><file name="Placeform.php" hash="55cdc50e646485e6add807906edfd9bd"/><file name="Redirect.php" hash="a74bdf41523e0f5b7f112a672bc35c0f"/></dir><dir name="Helper"><file name="Data.php" hash="405dd62f4d5034fbdd50c97c5811198a"/></dir><dir name="Model"><file name="Abstract.php" hash="a2183c3e41570d18d3fb15622f849e54"/><file name="Acc.php" hash="b336c73a891716054e731cfab7f8b82f"/><file name="Csi.php" hash="6d1bc7db413067924845ede03ef471e3"/><file name="Did.php" hash="5ecd119d337421684527d4cf6325626a"/><file name="Dnk.php" hash="81b6e59112fc18529ecfae11be4c2ade"/><file name="Ebt.php" hash="0495a2003b91cf1a618539754e721e92"/><file name="Ent.php" hash="99b33941105262ea72cf542264c25299"/><file name="Event.php" hash="8b541b7549244a79b582c63ae258016d"/><file name="Gcb.php" hash="da261d1db5ad469514d64ea5294f0b44"/><file name="Gir.php" hash="ccd8d7f1156367b82de68c495f4577e7"/><file name="Idl.php" hash="420ad97f061ccccd7649dfbd173d7b58"/><file name="Lsr.php" hash="f25ec4b47251ea8169df227a476a0475"/><file name="Mae.php" hash="438caefcb78939ea0bd484103bed860b"/><file name="Npy.php" hash="a6b60d739312b6f6c3e53060c1db0fe4"/><file name="Obt.php" hash="0e54d523afa9e0638d95e76742bc475b"/><file name="Pli.php" hash="be52cfaf911d86185da583ecd2433173"/><file name="Psp.php" hash="b8dcb8feb62b25b57982bfb23fc8d17d"/><file name="Pwy.php" hash="a5fa1665f2acf05775bb8dcdca99438f"/><file name="Sft.php" hash="5330414049131f7c889b4d7f6b95f18c"/><file name="So2.php" hash="dcc30139c5758812c42d1e90b5af5c83"/><file name="Wlt.php" hash="2fa4aafc62988eb84d2764922a23a5f5"/></dir><dir name="controllers"><file name="MoneybookersController.php" hash="bcc56ba3c6792864ba14fb8908762736"/><file name="ProcessingController.php" hash="c0550d579088c6c0c082c95f7c8899e8"/></dir><dir name="etc"><file name="config.xml" hash="dac9f28a414ad9bf9cd029e5f0ad1c79"/><file name="system.xml" hash="00d8a898760e1a18870f08cec00e9342"/></dir><dir name="sql"><dir name="moneybookers_setup"><file name="install-1.6.0.0.php" hash="15cfc5aa9d469e45eb276d5eb5226116"/><file name="mysql4-upgrade-1.2-1.2.0.1.php" hash="33737aa54286d733e363cc94b12aefba"/></dir></dir></dir></dir></target><target name="mageetc"><dir name="modules"><file name="Phoenix_Moneybookers.xml" hash="a0715f3a3f42397529d8952ee1c03491"/></dir></target><target name="magedesign"><dir name="adminhtml"><dir name="default"><dir name="default"><dir name="template"><dir name="moneybookers"><file name="info.phtml" hash="a630df889916a60485b8f95a034888f7"/><file name="jsinit.phtml" hash="410d8d395f085fa8d305dafc25c0593b"/><dir name="pdf"><file name="info.phtml" hash="3cb1f4ba8ba6d8fefb9f3103115a059a"/></dir></dir></dir><dir name="layout"><file name="moneybookers.xml" hash="16ab3cdfd84ecac3bd2707d577a7625c"/></dir></dir></dir></dir><dir name="frontend"><dir name="base"><dir name="default"><dir name="template"><dir name="moneybookers"><file name="blank.phtml" hash="d9f6fea50514645e5b55ed217c58b603"/><file name="form.phtml" hash="8b2d2d8a0798aeb04584a1691f483c7c"/><file name="info.phtml" hash="54f4bed61d0540555616d3f586491503"/><file name="payment.phtml" hash="57cdfee41897ee704578d5321e0f3e6a"/><file name="placeform.phtml" hash="85abb1fb706056a43c400ee9f4a2a3fb"/><file name="redirect.phtml" hash="a17c5ed6c574f55f46e16f756b0df224"/></dir></dir><dir name="layout"><file name="moneybookers.xml" hash="773b844ae29d9eeadbd5e16a9744084b"/></dir></dir></dir></dir></target><target name="magelocale"><dir name="en_US"><file name="Phoenix_Moneybookers.csv" hash="c92cee5c0ca36fdedfbab70e95a91983"/><dir name="template"><dir name="email"><file name="moneybookers_activateemail.html" hash="035d73b26c54c8042e03e7551df49457"/></dir></dir></dir></target><target name="mageskin"><dir name="frontend"><dir name="base"><dir name="default"><dir name="images"><dir name="moneybookers"><file name="banner_120_de.gif" hash="74815117bf378543e5b3496bb5bc4e8a"/><file name="banner_120_de.png" hash="6c3f708fcb6dac92e53472d4c2246c68"/><file name="banner_120_dk.gif" hash="2106bd994d188d40474bf2a2e8d62a8d"/><file name="banner_120_fr.gif" hash="a84241eef7bc38fb38567e7aa8ca245a"/><file name="banner_120_fr.png" hash="8994d1dc3b4f5c9e5efc67ce3f9f55a9"/><file name="banner_120_int.gif" hash="e23ddcf71e15f0a9300062ef9cdea512"/><file name="banner_120_int.png" hash="f9dfbc26041e52b34eea65348707d64f"/><file name="banner_120_pl.gif" hash="44313c7d27cdcf59c2f66708c6c5abd5"/><file name="banner_120_pl.png" hash="67d3385f93bc9113880305ee7c7da9de"/><file name="banner_120_sp.gif" hash="a003ed8db63620672ae945682b1e1e39"/><file name="banner_120_sp.png" hash="f9c4a653d6814ab3f8c535da706f5f77"/><file name="moneybookers_acc.png" hash="a3e639a68fafdffaca81e91985127735"/><file name="moneybookers_csi.gif" hash="4eec4ed7c494d01d518a3c6c691128e9"/><file name="moneybookers_did.gif" hash="6a3a3365894e9cdb199647a5b74ba35b"/><file name="moneybookers_dnk.gif" hash="7d4b8d27784f8a6fa6ef81c4e911831b"/><file name="moneybookers_ebt.gif" hash="9911d8cc223e7f3d9ec12f50c280ec61"/><file name="moneybookers_ent.gif" hash="704e9551ed4aff82b67114242b9fba1a"/><file name="moneybookers_gcb.gif" hash="e2e7c0f501e5ab0136f859ca5f57abc2"/><file name="moneybookers_gir.gif" hash="f16e949bc60bbd812f803d5e377d47f6"/><file name="moneybookers_idl.gif" hash="fe0ad1efc12d43df6c9ff3ffdd9dd59b"/><file name="moneybookers_lsr.gif" hash="58cdadfa20b6d37aeaa19e50995e4baf"/><file name="moneybookers_mae.gif" hash="4d4b5f0cf3377939c7738fc7e416d25f"/><file name="moneybookers_npy.gif" hash="01242c5ad7bc667e7493b550b6397fab"/><file name="moneybookers_obt_de.png" hash="ce44fd2974b8d279401778292e2c4484"/><file name="moneybookers_obt_dk.png" hash="2985e8cb472d1886d584fa31d56bee92"/><file name="moneybookers_obt_ee.png" hash="cb186be1c7595544f61d3737c7bf85aa"/><file name="moneybookers_obt_en.png" hash="eee098a06e3ea34f33e276724b084774"/><file name="moneybookers_obt_fl.png" hash="6c3766df052d875ce399e62ad8a435f8"/><file name="moneybookers_obt_lt.png" hash="adf61f248fc6d5985840db3e0c23391e"/><file name="moneybookers_obt_lv.png" hash="4e7f16b4988ea30f049942d4dcdb5f78"/><file name="moneybookers_obt_pl.png" hash="fb2c43c18ba73d390e5b5f5261261f4a"/><file name="moneybookers_obt_se.png" hash="9028412e9c3f25d114bf40bb2049d225"/><file name="moneybookers_pli.gif" hash="93989e85caff760af7a61838db0300bf"/><file name="moneybookers_psp.gif" hash="7abffc2246f172625be2ce31f4315cb2"/><file name="moneybookers_pwy.gif" hash="b4a0b9db9a031855e6e3899592012fae"/><file name="moneybookers_sft.gif" hash="e9e774163c99a8ab4deb18d37feaf658"/><file name="moneybookers_so2.gif" hash="9911d8cc223e7f3d9ec12f50c280ec61"/><file name="moneybookers_wlt.gif" hash="4b9cbc5aa5c32f3015ce7bec98da2670"/></dir></dir></dir></dir></dir><dir name="adminhtml"><dir name="default"><dir name="default"><dir name="images"><dir name="moneybookers"><file name="banner.jpg" hash="382b1eea5550ce6c1b88cd4444058362"/></dir></dir></dir></dir></dir></target><target name="mageweb"><dir name="js"><dir name="mage"><dir name="adminhtml"><file name="moneybookers.js" hash="c9581fb17c9aa5d406c698788336cebd"/></dir></dir></dir></target></contents>
    <compatible/>
    <dependencies><required><php><min>5.2.0</min><max>6.0.0</max></php><package><name>Mage_Core_Modules</name><channel>community</channel><min>1.9.3.9</min><max>1.9.3.9</max></package></required></dependencies>
</package>
