<?xml version="1.0"?>
<package>
    <name>Phoenix_Moneybookers</name>
    <version>1.9.3.1</version>
    <stability>stable</stability>
    <license>mixed</license>
    <channel>community</channel>
    <extends/>
    <summary>Moneybookers payment gateway integration</summary>
    <description>Moneybookers payment gateway official integration, implemented by Phoenix Medien GmbH. Provides integration for payment options powered by Moneybookers, as separate payment methods:
All Credit Cards / Visa, Mastercard, AMEX, JCB, Diners - International
CartaSi - Italy
Lastschrift (ELV) - Germany
Dankort - Denmark
Nordea Solo - Sweden
eNETS - Singapore
Carte Bleue - France
Giropay - Germany
iDeal - Netherlands
Laser - Ireland
EPS Online-&#xDC;berweisung - Austria
POLi - Australia
Postepay - Italy
Przelewy24 - Poland
Sofort&#xFC;berweisung - Germany
Nordea Solo - Finland
Moneybookers eWallet</description>
    <notes>1.9.3.1</notes>
    <authors><author><name>Magento Core Team</name><user>core</user><email>core@magentocommerce.com</email></author></authors>
    <date>2016-11-11</date>
    <time>15:21:17</time>
    <contents><target name="magecommunity"><dir name="Phoenix"><dir name="Moneybookers"><dir name="Block"><file name="Form.php" hash="8e830af135b921c251415af24d2ada87"/><file name="Info.php" hash="aba6c222dfdd80584bc1542ca6c6ccb0"/><file name="Jsinit.php" hash="d9c5e46c430ee40fe742cffef0ace5cd"/><file name="Payment.php" hash="9f528440054d6990c0db6a58f7f7b6fe"/><file name="Placeform.php" hash="df892932292d56988a6928ad612bb5b0"/><file name="Redirect.php" hash="db2ddbeae5355e0e573739f581f6bb13"/></dir><dir name="Helper"><file name="Data.php" hash="fe3619afb6ccbf7336a7823a1b2d1cc0"/></dir><dir name="Model"><file name="Abstract.php" hash="f292c4baa4df900f4c025770c2380b4a"/><file name="Acc.php" hash="664de8a4fb4e08e30e984dff1bc21139"/><file name="Csi.php" hash="1babc0170ce5e7122ca3186e34af98f8"/><file name="Did.php" hash="dbec4c51c0045652624e88d83aa79711"/><file name="Dnk.php" hash="4f8a7d3bbd2d5116f10efca7b4614af0"/><file name="Ebt.php" hash="c5afa07c68b9797b8266b87e58c2b792"/><file name="Ent.php" hash="8d2d123a6fe27f338a40d4062f27e1da"/><file name="Event.php" hash="013265dcbcd3176c76097c5f68834a8f"/><file name="Gcb.php" hash="89863f221e9da20717c0fc1187abe924"/><file name="Gir.php" hash="317fb3127eed8c24cbaaad25706b92e0"/><file name="Idl.php" hash="321698014c39a98295f74e018679fa80"/><file name="Lsr.php" hash="12cfc1551df2698467e01826abf9fc14"/><file name="Mae.php" hash="a90e19b312875b518f55479cb76af15c"/><file name="Npy.php" hash="e08c835b55d5018fdc9c6c63c16b94d1"/><file name="Obt.php" hash="485b1315c662c53e6fdfd4c37969a52e"/><file name="Pli.php" hash="f461d45d85a0d951afe377c9155d1c0a"/><file name="Psp.php" hash="5158dade06661e9396c98ceefb76244b"/><file name="Pwy.php" hash="cfd8c27e4473b08b6b7a16db98d53f09"/><file name="Sft.php" hash="1333762b4cd8ec512800f2e20b4d13f2"/><file name="So2.php" hash="912945b207c837724b9973fb5f92fb8b"/><file name="Wlt.php" hash="122fed1c546dfad35d7154a559902ee8"/></dir><dir name="controllers"><file name="MoneybookersController.php" hash="57fa5179c586f9bb03906e88c70671a4"/><file name="ProcessingController.php" hash="9e811a90d95cea60b7cc2b6d16a073c5"/></dir><dir name="etc"><file name="config.xml" hash="05085e65389d58e1cc22608cb3228a13"/><file name="system.xml" hash="5ff189f9e05e1c9c133295c208210f6d"/></dir><dir name="sql"><dir name="moneybookers_setup"><file name="install-1.6.0.0.php" hash="2b662b92583718b2a70a2b8cb9f8e056"/><file name="mysql4-upgrade-1.2-1.2.0.1.php" hash="58e9d84555dd7bc90c807f1d433f5df8"/></dir></dir></dir></dir></target><target name="mageetc"><dir name="modules"><file name="Phoenix_Moneybookers.xml" hash="9d0fe2d717c21fedf543b5376f1ca681"/></dir></target><target name="magedesign"><dir name="adminhtml"><dir name="default"><dir name="default"><dir name="template"><dir name="moneybookers"><file name="info.phtml" hash="70cfafbe1533f199150a08fad76248ff"/><file name="jsinit.phtml" hash="050f4b74ca7dc39305c0c06455cd2e23"/><dir name="pdf"><file name="info.phtml" hash="baf77b77063fe647a41a8f19f07356c0"/></dir></dir></dir><dir name="layout"><file name="moneybookers.xml" hash="49f1914134743f5e2b0064b02133b786"/></dir></dir></dir></dir><dir name="frontend"><dir name="base"><dir name="default"><dir name="template"><dir name="moneybookers"><file name="blank.phtml" hash="25d1c6ff0ec7b4986f5e9972f056dacd"/><file name="form.phtml" hash="30cd49e0ef1462c172594cf265021cc0"/><file name="info.phtml" hash="c092f94c6189e2437397b259eb46ca30"/><file name="payment.phtml" hash="05742d853497deafa195d8316d9037cd"/><file name="placeform.phtml" hash="189a893db15a4fe7eff2ddd26028eb94"/><file name="redirect.phtml" hash="e66e86cf15e6057bc30a5b05729bb996"/></dir></dir><dir name="layout"><file name="moneybookers.xml" hash="23c332379149e0d170312137583d3145"/></dir></dir></dir></dir></target><target name="magelocale"><dir name="en_US"><file name="Phoenix_Moneybookers.csv" hash="c92cee5c0ca36fdedfbab70e95a91983"/><dir name="template"><dir name="email"><file name="moneybookers_activateemail.html" hash="035d73b26c54c8042e03e7551df49457"/></dir></dir></dir></target><target name="mageskin"><dir name="frontend"><dir name="base"><dir name="default"><dir name="images"><dir name="moneybookers"><file name="banner_120_de.gif" hash="74815117bf378543e5b3496bb5bc4e8a"/><file name="banner_120_de.png" hash="6c3f708fcb6dac92e53472d4c2246c68"/><file name="banner_120_dk.gif" hash="2106bd994d188d40474bf2a2e8d62a8d"/><file name="banner_120_fr.gif" hash="a84241eef7bc38fb38567e7aa8ca245a"/><file name="banner_120_fr.png" hash="8994d1dc3b4f5c9e5efc67ce3f9f55a9"/><file name="banner_120_int.gif" hash="e23ddcf71e15f0a9300062ef9cdea512"/><file name="banner_120_int.png" hash="f9dfbc26041e52b34eea65348707d64f"/><file name="banner_120_pl.gif" hash="44313c7d27cdcf59c2f66708c6c5abd5"/><file name="banner_120_pl.png" hash="67d3385f93bc9113880305ee7c7da9de"/><file name="banner_120_sp.gif" hash="a003ed8db63620672ae945682b1e1e39"/><file name="banner_120_sp.png" hash="f9c4a653d6814ab3f8c535da706f5f77"/><file name="moneybookers_acc.png" hash="a3e639a68fafdffaca81e91985127735"/><file name="moneybookers_csi.gif" hash="4eec4ed7c494d01d518a3c6c691128e9"/><file name="moneybookers_did.gif" hash="6a3a3365894e9cdb199647a5b74ba35b"/><file name="moneybookers_dnk.gif" hash="7d4b8d27784f8a6fa6ef81c4e911831b"/><file name="moneybookers_ebt.gif" hash="9911d8cc223e7f3d9ec12f50c280ec61"/><file name="moneybookers_ent.gif" hash="704e9551ed4aff82b67114242b9fba1a"/><file name="moneybookers_gcb.gif" hash="e2e7c0f501e5ab0136f859ca5f57abc2"/><file name="moneybookers_gir.gif" hash="f16e949bc60bbd812f803d5e377d47f6"/><file name="moneybookers_idl.gif" hash="fe0ad1efc12d43df6c9ff3ffdd9dd59b"/><file name="moneybookers_lsr.gif" hash="58cdadfa20b6d37aeaa19e50995e4baf"/><file name="moneybookers_mae.gif" hash="4d4b5f0cf3377939c7738fc7e416d25f"/><file name="moneybookers_npy.gif" hash="01242c5ad7bc667e7493b550b6397fab"/><file name="moneybookers_obt_de.png" hash="ce44fd2974b8d279401778292e2c4484"/><file name="moneybookers_obt_dk.png" hash="2985e8cb472d1886d584fa31d56bee92"/><file name="moneybookers_obt_ee.png" hash="cb186be1c7595544f61d3737c7bf85aa"/><file name="moneybookers_obt_en.png" hash="eee098a06e3ea34f33e276724b084774"/><file name="moneybookers_obt_fl.png" hash="6c3766df052d875ce399e62ad8a435f8"/><file name="moneybookers_obt_lt.png" hash="adf61f248fc6d5985840db3e0c23391e"/><file name="moneybookers_obt_lv.png" hash="4e7f16b4988ea30f049942d4dcdb5f78"/><file name="moneybookers_obt_pl.png" hash="fb2c43c18ba73d390e5b5f5261261f4a"/><file name="moneybookers_obt_se.png" hash="9028412e9c3f25d114bf40bb2049d225"/><file name="moneybookers_pli.gif" hash="93989e85caff760af7a61838db0300bf"/><file name="moneybookers_psp.gif" hash="7abffc2246f172625be2ce31f4315cb2"/><file name="moneybookers_pwy.gif" hash="b4a0b9db9a031855e6e3899592012fae"/><file name="moneybookers_sft.gif" hash="e9e774163c99a8ab4deb18d37feaf658"/><file name="moneybookers_so2.gif" hash="9911d8cc223e7f3d9ec12f50c280ec61"/><file name="moneybookers_wlt.gif" hash="4b9cbc5aa5c32f3015ce7bec98da2670"/></dir></dir></dir></dir></dir><dir name="adminhtml"><dir name="default"><dir name="default"><dir name="images"><dir name="moneybookers"><file name="banner.jpg" hash="382b1eea5550ce6c1b88cd4444058362"/></dir></dir></dir></dir></dir></target><target name="mageweb"><dir name="js"><dir name="mage"><dir name="adminhtml"><file name="moneybookers.js" hash="3de02bdc830d4709f146c69cb5060ee7"/></dir></dir></dir></target></contents>
    <compatible/>
    <dependencies><required><php><min>5.2.0</min><max>6.0.0</max></php><package><name>Mage_Core_Modules</name><channel>community</channel><min>1.9.3.1</min><max>1.9.3.1</max></package></required></dependencies>
</package>
