<?xml version="1.0"?>
<package>
    <name>Phoenix_Moneybookers</name>
    <version>1.9.3.6</version>
    <stability>stable</stability>
    <license>mixed</license>
    <channel>community</channel>
    <extends/>
    <summary>Moneybookers payment gateway integration</summary>
    <description>Moneybookers payment gateway official integration, implemented by Phoenix Medien GmbH. Provides integration for payment options powered by Moneybookers, as separate payment methods:
All Credit Cards / Visa, Mastercard, AMEX, JCB, Diners - International
CartaSi - Italy
Lastschrift (ELV) - Germany
Dankort - Denmark
Nordea Solo - Sweden
eNETS - Singapore
Carte Bleue - France
Giropay - Germany
iDeal - Netherlands
Laser - Ireland
EPS Online-&#xDC;berweisung - Austria
POLi - Australia
Postepay - Italy
Przelewy24 - Poland
Sofort&#xFC;berweisung - Germany
Nordea Solo - Finland
Moneybookers eWallet</description>
    <notes>1.9.3.6</notes>
    <authors><author><name>Magento Core Team</name><user>core</user><email>core@magentocommerce.com</email></author></authors>
    <date>2017-09-14</date>
    <time>17:34:36</time>
    <contents><target name="magecommunity"><dir name="Phoenix"><dir name="Moneybookers"><dir name="Block"><file name="Form.php" hash="822c5fecb614028ba942f5c5d21cbb72"/><file name="Info.php" hash="5d5b399cb59a3b2f15e3f8e050cc4f28"/><file name="Jsinit.php" hash="1a9d11c756a4c41ec9876883b7c48d5b"/><file name="Payment.php" hash="a5c63951642ceb7f2ba03c091b445812"/><file name="Placeform.php" hash="6acf8391232daeedc2f6b1fd766115e2"/><file name="Redirect.php" hash="4dee385b799dea5640ad1bc7cd135d4d"/></dir><dir name="Helper"><file name="Data.php" hash="0a1627349df3a8b9e8a4ed57ef65a80f"/></dir><dir name="Model"><file name="Abstract.php" hash="9b9ab83fe89b7076e94765a47f798f35"/><file name="Acc.php" hash="2c92428ddf4a26bd8f980a4f1d85acd9"/><file name="Csi.php" hash="37fe66d4d89e583194072505c4b93d8d"/><file name="Did.php" hash="1c0c3b216569601177092dad4e5f638a"/><file name="Dnk.php" hash="6b7d4e9fc3e9b7f955653c2c2dc2a076"/><file name="Ebt.php" hash="e801f5338ac961dd8bf862ebc1ec4967"/><file name="Ent.php" hash="6bc7b0db1e027baaa0683f82a43ba2a3"/><file name="Event.php" hash="8eadb48586685cc2e53d819dc1506a04"/><file name="Gcb.php" hash="c61f9ee5a65dae4fcf3e038b8add96bf"/><file name="Gir.php" hash="391829d3d1aaac8d431ae3df3233867d"/><file name="Idl.php" hash="4a6880d23125e7616f89fea271086ed4"/><file name="Lsr.php" hash="b5369547d73a720b296aa68397f3ddd8"/><file name="Mae.php" hash="a7f32565209a3f8df0607e548171f4a1"/><file name="Npy.php" hash="45f156c58bc9b6f597ba0cb7be3efef1"/><file name="Obt.php" hash="ff03f980059be843a80ad56ad2957b45"/><file name="Pli.php" hash="dd2538a11d07dd61efea4b063519be5a"/><file name="Psp.php" hash="ea799afa395ec364acd2cab529f2680d"/><file name="Pwy.php" hash="def07758b7685ee855ea7da18681f748"/><file name="Sft.php" hash="eabc9ae7da8a52d1533bbc585f86c075"/><file name="So2.php" hash="76ef54e5e6f2760d45f38eef5c684a2e"/><file name="Wlt.php" hash="b6ee4ef9c5af508c351ecb91fa3c53a7"/></dir><dir name="controllers"><file name="MoneybookersController.php" hash="10c9208e4c95c51cf5455010da54ab54"/><file name="ProcessingController.php" hash="9f67738dff342b551a57b27c5bc1facd"/></dir><dir name="etc"><file name="config.xml" hash="91d3047ecf48822b6e7ab4192bc8058c"/><file name="system.xml" hash="665955b33504a0d08bfa5d208b7f4252"/></dir><dir name="sql"><dir name="moneybookers_setup"><file name="install-1.6.0.0.php" hash="79edeb7bedad8d4645630ec321ad02bf"/><file name="mysql4-upgrade-1.2-1.2.0.1.php" hash="aff75a8f8ecd5d079a902b6aa9d4cb8f"/></dir></dir></dir></dir></target><target name="mageetc"><dir name="modules"><file name="Phoenix_Moneybookers.xml" hash="e28f2c4f17a6498d66994945b238b50e"/></dir></target><target name="magedesign"><dir name="adminhtml"><dir name="default"><dir name="default"><dir name="template"><dir name="moneybookers"><file name="info.phtml" hash="e31cf9503b18de5250020567e7eac4b4"/><file name="jsinit.phtml" hash="f69c338098fcd3f81a4f8bcc8002a235"/><dir name="pdf"><file name="info.phtml" hash="b0541bd34fb1ed98a44e29eefb23b1c2"/></dir></dir></dir><dir name="layout"><file name="moneybookers.xml" hash="9bcd2e3e43406e0b811f2487d2e27ff7"/></dir></dir></dir></dir><dir name="frontend"><dir name="base"><dir name="default"><dir name="template"><dir name="moneybookers"><file name="blank.phtml" hash="d1632ea413f9da9be53a9b929832ab92"/><file name="form.phtml" hash="a474b5c7fe009d2e713cc6b53d7a1edd"/><file name="info.phtml" hash="0863b4558960aa629b6f50344d2944fc"/><file name="payment.phtml" hash="5b9fb87961a7474ed7bce3ffc2e8b044"/><file name="placeform.phtml" hash="4385ba31e9d19d6c7e33004d3555e72b"/><file name="redirect.phtml" hash="d0429f6680466c87e65a19722f45fbd6"/></dir></dir><dir name="layout"><file name="moneybookers.xml" hash="abdd8c54810b50ff1bfe788646002f2f"/></dir></dir></dir></dir></target><target name="magelocale"><dir name="en_US"><file name="Phoenix_Moneybookers.csv" hash="c92cee5c0ca36fdedfbab70e95a91983"/><dir name="template"><dir name="email"><file name="moneybookers_activateemail.html" hash="035d73b26c54c8042e03e7551df49457"/></dir></dir></dir></target><target name="mageskin"><dir name="frontend"><dir name="base"><dir name="default"><dir name="images"><dir name="moneybookers"><file name="banner_120_de.gif" hash="74815117bf378543e5b3496bb5bc4e8a"/><file name="banner_120_de.png" hash="6c3f708fcb6dac92e53472d4c2246c68"/><file name="banner_120_dk.gif" hash="2106bd994d188d40474bf2a2e8d62a8d"/><file name="banner_120_fr.gif" hash="a84241eef7bc38fb38567e7aa8ca245a"/><file name="banner_120_fr.png" hash="8994d1dc3b4f5c9e5efc67ce3f9f55a9"/><file name="banner_120_int.gif" hash="e23ddcf71e15f0a9300062ef9cdea512"/><file name="banner_120_int.png" hash="f9dfbc26041e52b34eea65348707d64f"/><file name="banner_120_pl.gif" hash="44313c7d27cdcf59c2f66708c6c5abd5"/><file name="banner_120_pl.png" hash="67d3385f93bc9113880305ee7c7da9de"/><file name="banner_120_sp.gif" hash="a003ed8db63620672ae945682b1e1e39"/><file name="banner_120_sp.png" hash="f9c4a653d6814ab3f8c535da706f5f77"/><file name="moneybookers_acc.png" hash="a3e639a68fafdffaca81e91985127735"/><file name="moneybookers_csi.gif" hash="4eec4ed7c494d01d518a3c6c691128e9"/><file name="moneybookers_did.gif" hash="6a3a3365894e9cdb199647a5b74ba35b"/><file name="moneybookers_dnk.gif" hash="7d4b8d27784f8a6fa6ef81c4e911831b"/><file name="moneybookers_ebt.gif" hash="9911d8cc223e7f3d9ec12f50c280ec61"/><file name="moneybookers_ent.gif" hash="704e9551ed4aff82b67114242b9fba1a"/><file name="moneybookers_gcb.gif" hash="e2e7c0f501e5ab0136f859ca5f57abc2"/><file name="moneybookers_gir.gif" hash="f16e949bc60bbd812f803d5e377d47f6"/><file name="moneybookers_idl.gif" hash="fe0ad1efc12d43df6c9ff3ffdd9dd59b"/><file name="moneybookers_lsr.gif" hash="58cdadfa20b6d37aeaa19e50995e4baf"/><file name="moneybookers_mae.gif" hash="4d4b5f0cf3377939c7738fc7e416d25f"/><file name="moneybookers_npy.gif" hash="01242c5ad7bc667e7493b550b6397fab"/><file name="moneybookers_obt_de.png" hash="ce44fd2974b8d279401778292e2c4484"/><file name="moneybookers_obt_dk.png" hash="2985e8cb472d1886d584fa31d56bee92"/><file name="moneybookers_obt_ee.png" hash="cb186be1c7595544f61d3737c7bf85aa"/><file name="moneybookers_obt_en.png" hash="eee098a06e3ea34f33e276724b084774"/><file name="moneybookers_obt_fl.png" hash="6c3766df052d875ce399e62ad8a435f8"/><file name="moneybookers_obt_lt.png" hash="adf61f248fc6d5985840db3e0c23391e"/><file name="moneybookers_obt_lv.png" hash="4e7f16b4988ea30f049942d4dcdb5f78"/><file name="moneybookers_obt_pl.png" hash="fb2c43c18ba73d390e5b5f5261261f4a"/><file name="moneybookers_obt_se.png" hash="9028412e9c3f25d114bf40bb2049d225"/><file name="moneybookers_pli.gif" hash="93989e85caff760af7a61838db0300bf"/><file name="moneybookers_psp.gif" hash="7abffc2246f172625be2ce31f4315cb2"/><file name="moneybookers_pwy.gif" hash="b4a0b9db9a031855e6e3899592012fae"/><file name="moneybookers_sft.gif" hash="e9e774163c99a8ab4deb18d37feaf658"/><file name="moneybookers_so2.gif" hash="9911d8cc223e7f3d9ec12f50c280ec61"/><file name="moneybookers_wlt.gif" hash="4b9cbc5aa5c32f3015ce7bec98da2670"/></dir></dir></dir></dir></dir><dir name="adminhtml"><dir name="default"><dir name="default"><dir name="images"><dir name="moneybookers"><file name="banner.jpg" hash="382b1eea5550ce6c1b88cd4444058362"/></dir></dir></dir></dir></dir></target><target name="mageweb"><dir name="js"><dir name="mage"><dir name="adminhtml"><file name="moneybookers.js" hash="9a41ed0fff2696cfde126e5bd55a7803"/></dir></dir></dir></target></contents>
    <compatible/>
    <dependencies><required><php><min>5.2.0</min><max>6.0.0</max></php><package><name>Mage_Core_Modules</name><channel>community</channel><min>1.9.3.6</min><max>1.9.3.6</max></package></required></dependencies>
</package>
