<?xml version="1.0"?>
<package>
    <name>Phoenix_Moneybookers</name>
    <version>1.9.2.2</version>
    <stability>stable</stability>
    <license>mixed</license>
    <channel>community</channel>
    <extends/>
    <summary>Moneybookers payment gateway integration</summary>
    <description>Moneybookers payment gateway official integration, implemented by Phoenix Medien GmbH. Provides integration for payment options powered by Moneybookers, as separate payment methods:
All Credit Cards / Visa, Mastercard, AMEX, JCB, Diners - International
CartaSi - Italy
Lastschrift (ELV) - Germany
Dankort - Denmark
Nordea Solo - Sweden
eNETS - Singapore
Carte Bleue - France
Giropay - Germany
iDeal - Netherlands
Laser - Ireland
EPS Online-&#xDC;berweisung - Austria
POLi - Australia
Postepay - Italy
Przelewy24 - Poland
Sofort&#xFC;berweisung - Germany
Nordea Solo - Finland
Moneybookers eWallet</description>
    <notes>1.9.2.2</notes>
    <authors><author><name>Magento Core Team</name><user>core</user><email>core@magentocommerce.com</email></author></authors>
    <date>2015-10-27</date>
    <time>13:47:16</time>
    <contents><target name="magecommunity"><dir name="Phoenix"><dir name="Moneybookers"><dir name="Block"><file name="Form.php" hash="dfe9bf6c67cd7b52c692430d092ff4f7"/><file name="Info.php" hash="24d93427d6e5a634854c3a0759227695"/><file name="Jsinit.php" hash="bbef430cf0c17530bdefedf41789dc32"/><file name="Payment.php" hash="79d615a80126cb0bc49175dc6b58e7e8"/><file name="Placeform.php" hash="0af0c1486c1474bc1f19a89ec7e66543"/><file name="Redirect.php" hash="254fc3126ae8b382db23ed59feddbbbd"/></dir><dir name="Helper"><file name="Data.php" hash="6d9e63572ea96eb14623b7f9e9fefad5"/></dir><dir name="Model"><file name="Abstract.php" hash="9ff0ad44c5620ab4cac3379354bfcc75"/><file name="Acc.php" hash="1bfeb5a288e930aeaa569202c2140043"/><file name="Csi.php" hash="62130d8afa6123db300c8b37d7a66e27"/><file name="Did.php" hash="688b58504c1ecac6df78c62ec6606420"/><file name="Dnk.php" hash="18bdc48c31973710d543db4b03c507c9"/><file name="Ebt.php" hash="b7f74847a3cf1ba6dec567980f00c4d4"/><file name="Ent.php" hash="f07dba50d0662b604bdb796c99c29ef2"/><file name="Event.php" hash="a4e1a85bd3b6ea6ebb79e9ae76ae21ea"/><file name="Gcb.php" hash="54ce9085bea22bee0412cce1a651d1af"/><file name="Gir.php" hash="b4ba759aa8894195c2458ae4fe228393"/><file name="Idl.php" hash="366eeeb10b895f0caf7d82d3d44909b2"/><file name="Lsr.php" hash="c9ba044a645c71f2ccd756f5be1058e8"/><file name="Mae.php" hash="e3547f416787636638a67b389f4385b0"/><file name="Npy.php" hash="070c00c88be47148fdeff1432031c3c9"/><file name="Obt.php" hash="af3beb2362dd5f2c72ea478f22557002"/><file name="Pli.php" hash="3fd300a53fa8bde8390c6f5fd25780f9"/><file name="Psp.php" hash="117102de57264a719959161cb67344ea"/><file name="Pwy.php" hash="190b380b3243cfdf8ab94a513a92b61b"/><file name="Sft.php" hash="ac562daf9063b7562127add4f5777810"/><file name="So2.php" hash="b6d42f3a54405d980de883247e6fdb5d"/><file name="Wlt.php" hash="f9d92550082d913cc43b9dd813e40d6a"/></dir><dir name="controllers"><file name="MoneybookersController.php" hash="f506e3a4e59b94c09b07de7ac0fabe33"/><file name="ProcessingController.php" hash="8e65bd74d7c6cb70d48d105eb189a6d0"/></dir><dir name="etc"><file name="config.xml" hash="65c51211e952413f5a2cb2a7bc9c27a5"/><file name="system.xml" hash="1e951c49b60f8eac1042bb5bed050ad3"/></dir><dir name="sql"><dir name="moneybookers_setup"><file name="install-1.6.0.0.php" hash="b73c00d4f3185649efa8f04939614405"/><file name="mysql4-upgrade-1.2-1.2.0.1.php" hash="e812baf73e01a64273307137932e7972"/></dir></dir></dir></dir></target><target name="mageetc"><dir name="modules"><file name="Phoenix_Moneybookers.xml" hash="2eabc0452d64df2c9d84a02b59ffa510"/></dir></target><target name="magedesign"><dir name="adminhtml"><dir name="default"><dir name="default"><dir name="template"><dir name="moneybookers"><file name="info.phtml" hash="129add6d696aff3d3def0a0671db7eea"/><file name="jsinit.phtml" hash="4f054ef6c3b05db8ce3519103ecf7765"/><dir name="pdf"><file name="info.phtml" hash="7a3f167f935442b14ccde7be113b3c81"/></dir></dir></dir><dir name="layout"><file name="moneybookers.xml" hash="15da5e881a50e29328a473c02bb66af2"/></dir></dir></dir></dir><dir name="frontend"><dir name="base"><dir name="default"><dir name="template"><dir name="moneybookers"><file name="blank.phtml" hash="f96d321422b30eac9da8a66d9592ab8b"/><file name="form.phtml" hash="91b580a75e647bd98d9278833b296d31"/><file name="info.phtml" hash="9d3067db7d48401d62b5630470aae57e"/><file name="payment.phtml" hash="90adf1ac63cd007aa921c27fd041d71b"/><file name="placeform.phtml" hash="31356064861f9b9c0741a9f89d8f096a"/><file name="redirect.phtml" hash="1a396c2fb6a9f4049f215583a72b59fc"/></dir></dir><dir name="layout"><file name="moneybookers.xml" hash="55f78263f82e7b8e7bcecf13b0acdd41"/></dir></dir></dir></dir></target><target name="magelocale"><dir name="en_US"><file name="Phoenix_Moneybookers.csv" hash="c92cee5c0ca36fdedfbab70e95a91983"/><dir name="template"><dir name="email"><file name="moneybookers_activateemail.html" hash="035d73b26c54c8042e03e7551df49457"/></dir></dir></dir></target><target name="mageskin"><dir name="frontend"><dir name="base"><dir name="default"><dir name="images"><dir name="moneybookers"><file name="banner_120_de.gif" hash="74815117bf378543e5b3496bb5bc4e8a"/><file name="banner_120_de.png" hash="6c3f708fcb6dac92e53472d4c2246c68"/><file name="banner_120_dk.gif" hash="2106bd994d188d40474bf2a2e8d62a8d"/><file name="banner_120_fr.gif" hash="a84241eef7bc38fb38567e7aa8ca245a"/><file name="banner_120_fr.png" hash="8994d1dc3b4f5c9e5efc67ce3f9f55a9"/><file name="banner_120_int.gif" hash="e23ddcf71e15f0a9300062ef9cdea512"/><file name="banner_120_int.png" hash="f9dfbc26041e52b34eea65348707d64f"/><file name="banner_120_pl.gif" hash="44313c7d27cdcf59c2f66708c6c5abd5"/><file name="banner_120_pl.png" hash="67d3385f93bc9113880305ee7c7da9de"/><file name="banner_120_sp.gif" hash="a003ed8db63620672ae945682b1e1e39"/><file name="banner_120_sp.png" hash="f9c4a653d6814ab3f8c535da706f5f77"/><file name="moneybookers_acc.png" hash="a3e639a68fafdffaca81e91985127735"/><file name="moneybookers_csi.gif" hash="4eec4ed7c494d01d518a3c6c691128e9"/><file name="moneybookers_did.gif" hash="6a3a3365894e9cdb199647a5b74ba35b"/><file name="moneybookers_dnk.gif" hash="7d4b8d27784f8a6fa6ef81c4e911831b"/><file name="moneybookers_ebt.gif" hash="9911d8cc223e7f3d9ec12f50c280ec61"/><file name="moneybookers_ent.gif" hash="704e9551ed4aff82b67114242b9fba1a"/><file name="moneybookers_gcb.gif" hash="e2e7c0f501e5ab0136f859ca5f57abc2"/><file name="moneybookers_gir.gif" hash="f16e949bc60bbd812f803d5e377d47f6"/><file name="moneybookers_idl.gif" hash="fe0ad1efc12d43df6c9ff3ffdd9dd59b"/><file name="moneybookers_lsr.gif" hash="58cdadfa20b6d37aeaa19e50995e4baf"/><file name="moneybookers_mae.gif" hash="4d4b5f0cf3377939c7738fc7e416d25f"/><file name="moneybookers_npy.gif" hash="01242c5ad7bc667e7493b550b6397fab"/><file name="moneybookers_obt_de.png" hash="ce44fd2974b8d279401778292e2c4484"/><file name="moneybookers_obt_dk.png" hash="2985e8cb472d1886d584fa31d56bee92"/><file name="moneybookers_obt_ee.png" hash="cb186be1c7595544f61d3737c7bf85aa"/><file name="moneybookers_obt_en.png" hash="eee098a06e3ea34f33e276724b084774"/><file name="moneybookers_obt_fl.png" hash="6c3766df052d875ce399e62ad8a435f8"/><file name="moneybookers_obt_lt.png" hash="adf61f248fc6d5985840db3e0c23391e"/><file name="moneybookers_obt_lv.png" hash="4e7f16b4988ea30f049942d4dcdb5f78"/><file name="moneybookers_obt_pl.png" hash="fb2c43c18ba73d390e5b5f5261261f4a"/><file name="moneybookers_obt_se.png" hash="9028412e9c3f25d114bf40bb2049d225"/><file name="moneybookers_pli.gif" hash="93989e85caff760af7a61838db0300bf"/><file name="moneybookers_psp.gif" hash="7abffc2246f172625be2ce31f4315cb2"/><file name="moneybookers_pwy.gif" hash="b4a0b9db9a031855e6e3899592012fae"/><file name="moneybookers_sft.gif" hash="e9e774163c99a8ab4deb18d37feaf658"/><file name="moneybookers_so2.gif" hash="9911d8cc223e7f3d9ec12f50c280ec61"/><file name="moneybookers_wlt.gif" hash="4b9cbc5aa5c32f3015ce7bec98da2670"/></dir></dir></dir></dir></dir><dir name="adminhtml"><dir name="default"><dir name="default"><dir name="images"><dir name="moneybookers"><file name="banner.jpg" hash="382b1eea5550ce6c1b88cd4444058362"/></dir></dir></dir></dir></dir></target><target name="mageweb"><dir name="js"><dir name="mage"><dir name="adminhtml"><file name="moneybookers.js" hash="2e73a1ba00fdbe083e75e8877ecba7c4"/></dir></dir></dir></target></contents>
    <compatible/>
    <dependencies><required><php><min>5.2.0</min><max>6.0.0</max></php><package><name>Mage_Core_Modules</name><channel>community</channel><min>1.9.2.2</min><max>1.9.2.2</max></package></required></dependencies>
</package>
